[23:03:50][no_game_date][dlc.cpp:222]: Invalid supported_version in  file: mod/ugc_3368690477.mod line: 7
[23:03:50][no_game_date][persistent.cpp:66]: Error: "Unexpected token: pictire, near line: 9" in file: "mod/ugc_3587178170.mod" near line: 9
[23:03:50][no_game_date][dlc.cpp:222]: Invalid supported_version in  file: mod/ugc_3587178170.mod line: 11
[23:03:54][no_game_date][map.cpp:670]: MAP_ERROR: Palette in rivers.bmp is probably not correct
[23:03:55][no_game_date][strategic_region_database.cpp:215]: map/weatherpositions.txt is empty.
[23:03:55][no_game_date][pdx_entity.cpp:2277]: Duplicate of katzen_infantry_entity added to entity system
[23:03:55][no_game_date][pdx_entity.cpp:2277]: Duplicate of katzen_infantry_entity added to entity system
[23:03:55][no_game_date][pdx_entity.cpp:2277]: Duplicate of motorized_entity added to entity system
[23:03:55][no_game_date][pdx_entity.cpp:2277]: Duplicate of mechanized_entity added to entity system
[23:03:55][no_game_date][pdx_entity.cpp:2277]: Duplicate of artillery_entity added to entity system
[23:03:56][no_game_date][countrytag.cpp:126]: SWE - is not in the tag list
[23:03:56][no_game_date][countrytag.cpp:126]: NOR - is not in the tag list
[23:03:56][no_game_date][countrytag.cpp:126]: FIN - is not in the tag list
[23:03:56][no_game_date][countrytag.cpp:126]: DEN - is not in the tag list
[23:03:56][no_game_date][countrytag.cpp:126]: ICE - is not in the tag list
[23:03:56][no_game_date][countrytag.cpp:126]: SPR - is not in the tag list
[23:03:56][no_game_date][countrytag.cpp:126]: ITA - is not in the tag list
[23:03:56][no_game_date][countrytag.cpp:126]: SWI - is not in the tag list
[23:03:56][no_game_date][countrytag.cpp:126]: HOL - is not in the tag list
[23:03:56][no_game_date][countrytag.cpp:126]: BEL - is not in the tag list
[23:03:56][no_game_date][countrytag.cpp:126]: LUX - is not in the tag list
[23:03:56][no_game_date][countrytag.cpp:126]: AUS - is not in the tag list
[23:03:56][no_game_date][countrytag.cpp:126]: CZE - is not in the tag list
[23:03:56][no_game_date][countrytag.cpp:126]: YUG - is not in the tag list
[23:03:56][no_game_date][countrytag.cpp:126]: ALB - is not in the tag list
[23:03:56][no_game_date][countrytag.cpp:126]: HUN - is not in the tag list
[23:03:56][no_game_date][countrytag.cpp:126]: GRE - is not in the tag list
[23:03:56][no_game_date][countrytag.cpp:126]: BUL - is not in the tag list
[23:03:56][no_game_date][countrytag.cpp:126]: ROM - is not in the tag list
[23:03:56][no_game_date][countrytag.cpp:126]: POL - is not in the tag list
[23:03:56][no_game_date][countrytag.cpp:126]: GER - is not in the tag list
[23:03:56][no_game_date][countrytag.cpp:126]: LIT - is not in the tag list
[23:03:56][no_game_date][countrytag.cpp:126]: LAT - is not in the tag list
[23:03:56][no_game_date][countrytag.cpp:126]: EST - is not in the tag list
[23:03:56][no_game_date][countrytag.cpp:126]: FIN - is not in the tag list
[23:03:56][no_game_date][countrytag.cpp:126]: SWE - is not in the tag list
[23:03:56][no_game_date][countrytag.cpp:126]: NOR - is not in the tag list
[23:03:56][no_game_date][countrytag.cpp:126]: DEN - is not in the tag list
[23:03:56][no_game_date][countrytag.cpp:126]: CHI - is not in the tag list
[23:03:56][no_game_date][countrytag.cpp:126]: GXC - is not in the tag list
[23:03:56][no_game_date][countrytag.cpp:126]: YUN - is not in the tag list
[23:03:56][no_game_date][countrytag.cpp:126]: SHX - is not in the tag list
[23:03:56][no_game_date][countrytag.cpp:126]: XSM - is not in the tag list
[23:03:56][no_game_date][countrytag.cpp:126]: SIK - is not in the tag list
[23:03:56][no_game_date][countrytag.cpp:126]: GDC - is not in the tag list
[23:03:56][no_game_date][countrytag.cpp:126]: SND - is not in the tag list
[23:03:56][no_game_date][countrytag.cpp:126]: SIC - is not in the tag list
[23:03:56][no_game_date][countrytag.cpp:126]: NXM - is not in the tag list
[23:03:56][no_game_date][countrytag.cpp:126]: GSM - is not in the tag list
[23:03:56][no_game_date][countrytag.cpp:126]: XIC - is not in the tag list
[23:03:56][no_game_date][countrytag.cpp:126]: KHM - is not in the tag list
[23:03:56][no_game_date][countrytag.cpp:126]: KUM - is not in the tag list
[23:03:56][no_game_date][countrytag.cpp:126]: RNG - is not in the tag list
[23:03:56][no_game_date][countrytag.cpp:126]: GXC - is not in the tag list
[23:03:56][no_game_date][countrytag.cpp:126]: YUN - is not in the tag list
[23:03:56][no_game_date][countrytag.cpp:126]: SHX - is not in the tag list
[23:03:56][no_game_date][countrytag.cpp:126]: XSM - is not in the tag list
[23:03:56][no_game_date][countrytag.cpp:126]: SIK - is not in the tag list
[23:03:56][no_game_date][countrytag.cpp:126]: GDC - is not in the tag list
[23:03:56][no_game_date][countrytag.cpp:126]: SND - is not in the tag list
[23:03:56][no_game_date][countrytag.cpp:126]: SIC - is not in the tag list
[23:03:56][no_game_date][countrytag.cpp:126]: NXM - is not in the tag list
[23:03:56][no_game_date][countrytag.cpp:126]: GSM - is not in the tag list
[23:03:56][no_game_date][countrytag.cpp:126]: XIC - is not in the tag list
[23:03:56][no_game_date][countrytag.cpp:126]: KHM - is not in the tag list
[23:03:56][no_game_date][countrytag.cpp:126]: KUM - is not in the tag list
[23:03:56][no_game_date][countrytag.cpp:126]: HBC - is not in the tag list
[23:03:56][no_game_date][countrytag.cpp:126]: SAU - is not in the tag list
[23:03:56][no_game_date][countrytag.cpp:126]: OMA - is not in the tag list
[23:03:56][no_game_date][countrytag.cpp:126]: YEM - is not in the tag list
[23:03:56][no_game_date][countrytag.cpp:126]: IRQ - is not in the tag list
[23:03:56][no_game_date][countrytag.cpp:126]: FSA - is not in the tag list
[23:03:56][no_game_date][countrytag.cpp:126]: JOR - is not in the tag list
[23:03:56][no_game_date][countrytag.cpp:126]: PAL - is not in the tag list
[23:03:56][no_game_date][countrytag.cpp:126]: SYR - is not in the tag list
[23:03:56][no_game_date][countrytag.cpp:126]: LEB - is not in the tag list
[23:03:56][no_game_date][countrytag.cpp:126]: TUR - is not in the tag list
[23:03:56][no_game_date][countrytag.cpp:126]: QAT - is not in the tag list
[23:03:56][no_game_date][countrytag.cpp:126]: BHR - is not in the tag list
[23:03:56][no_game_date][countrytag.cpp:126]: UAE - is not in the tag list
[23:03:56][no_game_date][countrytag.cpp:126]: EGY - is not in the tag list
[23:03:56][no_game_date][countrytag.cpp:126]: SUD - is not in the tag list
[23:03:56][no_game_date][countrytag.cpp:126]: LBA - is not in the tag list
[23:03:56][no_game_date][countrytag.cpp:126]: ALG - is not in the tag list
[23:03:56][no_game_date][countrytag.cpp:126]: MOR - is not in the tag list
[23:03:56][no_game_date][countrytag.cpp:126]: RIF - is not in the tag list
[23:03:56][no_game_date][countrytag.cpp:126]: MAL - is not in the tag list
[23:03:56][no_game_date][countrytag.cpp:126]: INS - is not in the tag list
[23:03:56][no_game_date][countrytag.cpp:126]: MLD - is not in the tag list
[23:03:56][no_game_date][countrytag.cpp:126]: BAN - is not in the tag list
[23:03:56][no_game_date][countrytag.cpp:126]: PAK - is not in the tag list
[23:03:56][no_game_date][countrytag.cpp:126]: WES - is not in the tag list
[23:03:56][no_game_date][countrytag.cpp:126]: MRT - is not in the tag list
[23:03:56][no_game_date][countrytag.cpp:126]: SOK - is not in the tag list
[23:03:56][no_game_date][countrytag.cpp:126]: MLI - is not in the tag list
[23:03:56][no_game_date][countrytag.cpp:126]: NGR - is not in the tag list
[23:03:56][no_game_date][countrytag.cpp:126]: NGA - is not in the tag list
[23:03:56][no_game_date][countrytag.cpp:126]: SOM - is not in the tag list
[23:03:56][no_game_date][countrytag.cpp:126]: AFA - is not in the tag list
[23:03:56][no_game_date][countrytag.cpp:126]: AZR - is not in the tag list
[23:03:56][no_game_date][countrytag.cpp:126]: DAG - is not in the tag list
[23:03:56][no_game_date][countrytag.cpp:126]: CIN - is not in the tag list
[23:03:56][no_game_date][countrytag.cpp:126]: ALB - is not in the tag list
[23:03:56][no_game_date][countrytag.cpp:126]: TAT - is not in the tag list
[23:03:56][no_game_date][countrytag.cpp:126]: BSK - is not in the tag list
[23:03:56][no_game_date][countrytag.cpp:126]: BUK - is not in the tag list
[23:03:56][no_game_date][countrytag.cpp:126]: KHI - is not in the tag list
[23:03:56][no_game_date][countrytag.cpp:126]: UZB - is not in the tag list
[23:03:56][no_game_date][countrytag.cpp:126]: KAZ - is not in the tag list
[23:03:56][no_game_date][countrytag.cpp:126]: TAJ - is not in the tag list
[23:03:56][no_game_date][countrytag.cpp:126]: KYR - is not in the tag list
[23:03:56][no_game_date][countrytag.cpp:126]: TMS - is not in the tag list
[23:03:56][no_game_date][countrytag.cpp:126]: KKP - is not in the tag list
[23:03:56][no_game_date][countrytag.cpp:126]: SIN - is not in the tag list
[23:03:56][no_game_date][countrytag.cpp:126]: KAS - is not in the tag list
[23:03:56][no_game_date][countrytag.cpp:126]: CRI - is not in the tag list
[23:03:56][no_game_date][countrytag.cpp:126]: KOS - is not in the tag list
[23:03:56][no_game_date][countrytag.cpp:126]: KUR - is not in the tag list
[23:03:56][no_game_date][countrytag.cpp:126]: BLC - is not in the tag list
[23:03:56][no_game_date][countrytag.cpp:126]: IMO - is not in the tag list
[23:03:56][no_game_date][countrytag.cpp:126]: KLT - is not in the tag list
[23:03:56][no_game_date][countrytag.cpp:126]: KBK - is not in the tag list
[23:03:56][no_game_date][countrytag.cpp:126]: DJI - is not in the tag list
[23:03:56][no_game_date][countrytag.cpp:126]: SEN - is not in the tag list
[23:03:56][no_game_date][countrytag.cpp:126]: GAM - is not in the tag list
[23:03:56][no_game_date][countrytag.cpp:126]: GNB - is not in the tag list
[23:03:56][no_game_date][countrytag.cpp:126]: SIE - is not in the tag list
[23:03:56][no_game_date][countrytag.cpp:126]: VOL - is not in the tag list
[23:03:56][no_game_date][countrytag.cpp:126]: GNA - is not in the tag list
[23:03:56][no_game_date][countrytag.cpp:126]: XSM - is not in the tag list
[23:03:56][no_game_date][countrytag.cpp:126]: SIK - is not in the tag list
[23:03:56][no_game_date][countrytag.cpp:126]: KHM - is not in the tag list
[23:03:56][no_game_date][countrytag.cpp:126]: GSM - is not in the tag list
[23:03:56][no_game_date][countrytag.cpp:126]: NXM - is not in the tag list
[23:03:56][no_game_date][countrytag.cpp:126]: KUM - is not in the tag list
[23:03:56][no_game_date][countrytag.cpp:126]: SAB - is not in the tag list
[23:03:56][no_game_date][countrytag.cpp:126]: BRN - is not in the tag list
[23:03:56][no_game_date][countrytag.cpp:126]: CHM - is not in the tag list
[23:03:56][no_game_date][countrytag.cpp:126]: AFG - is not in the tag list
[23:03:56][no_game_date][persistent.cpp:66]: Error: "Malformed token: water_space, near line: 343" in file: "common/terrain/00_terrain.txt" near line: 343
[23:03:56][no_game_date][subunitdefinition.cpp:494]: No localisation for modifier_experience_gain_super_heavy_battleship_mission_factor
[23:03:56][no_game_date][subunitdefinition.cpp:494]: No localisation for modifier_experience_gain_ballistic_submarine_mission_factor
[23:03:56][no_game_date][persistent.cpp:66]: Error: "Unexpected token: category_carrier_fighter, near line: 280" in file: "common/doctrines/subdoctrines/air/air_fighter_aircraft_subdoctrines.txt" near line: 283
[23:03:56][no_game_date][persistent.cpp:66]: Error: "Unexpected token: category_maritime_patrol_bomber, near line: 236" in file: "common/doctrines/subdoctrines/air/air_heavy_aircraft_subdoctrines.txt" near line: 238
[23:03:56][no_game_date][persistent.cpp:66]: Error: "Unexpected token: category_maritime_patrol_bomber, near line: 245" in file: "common/doctrines/subdoctrines/air/air_heavy_aircraft_subdoctrines.txt" near line: 248
[23:03:56][no_game_date][persistent.cpp:66]: Error: "Unexpected token: category_maritime_patrol_bomber, near line: 257" in file: "common/doctrines/subdoctrines/air/air_heavy_aircraft_subdoctrines.txt" near line: 259
[23:03:56][no_game_date][persistent.cpp:66]: Error: "Unexpected token: category_maritime_patrol_bomber, near line: 284" in file: "common/doctrines/subdoctrines/air/air_heavy_aircraft_subdoctrines.txt" near line: 286
[23:03:56][no_game_date][persistent.cpp:66]: Error: "Unexpected token: category_maritime_patrol_bomber, near line: 296" in file: "common/doctrines/subdoctrines/air/air_heavy_aircraft_subdoctrines.txt" near line: 299
[23:03:56][no_game_date][persistent.cpp:66]: Error: "Unexpected token: category_maritime_patrol_bomber, near line: 354" in file: "common/doctrines/subdoctrines/air/air_heavy_aircraft_subdoctrines.txt" near line: 356
[23:03:56][no_game_date][persistent.cpp:66]: Error: "Unexpected token: category_carrier_cas, near line: 173" in file: "common/doctrines/subdoctrines/air/air_strike_aircraft_subdoctrines.txt" near line: 175
[23:03:56][no_game_date][persistent.cpp:66]: Error: "Unexpected token: category_carrier_nav_bomber, near line: 176" in file: "common/doctrines/subdoctrines/air/air_strike_aircraft_subdoctrines.txt" near line: 178
[23:03:56][no_game_date][persistent.cpp:66]: Error: "Unexpected token: category_carrier_nav_bomber, near line: 186" in file: "common/doctrines/subdoctrines/air/air_strike_aircraft_subdoctrines.txt" near line: 188
[23:03:56][no_game_date][persistent.cpp:66]: Error: "Unexpected token: category_carrier_cas, near line: 192" in file: "common/doctrines/subdoctrines/air/air_strike_aircraft_subdoctrines.txt" near line: 194
[23:03:56][no_game_date][persistent.cpp:66]: Error: "Unexpected token: category_carrier_nav_bomber, near line: 303" in file: "common/doctrines/subdoctrines/air/air_strike_aircraft_subdoctrines.txt" near line: 305
[23:03:56][no_game_date][persistent.cpp:66]: Error: "Unexpected token: armored_maintenance, near line: 219" in file: "common/doctrines/subdoctrines/land/armor_subdoctrines.txt" near line: 225
[23:03:56][no_game_date][persistent.cpp:66]: Error: "Unexpected token: armored_signal, near line: 302" in file: "common/doctrines/subdoctrines/land/armor_subdoctrines.txt" near line: 307
[23:03:56][no_game_date][persistent.cpp:66]: Error: "Unexpected token: armored_engineer, near line: 364" in file: "common/doctrines/subdoctrines/land/armor_subdoctrines.txt" near line: 369
[23:03:56][no_game_date][persistent.cpp:66]: Error: "Unexpected token: assault_engineer, near line: 393" in file: "common/doctrines/subdoctrines/land/armor_subdoctrines.txt" near line: 395
[23:03:56][no_game_date][persistent.cpp:66]: Error: "Unexpected token: armored_engineer, near line: 396" in file: "common/doctrines/subdoctrines/land/armor_subdoctrines.txt" near line: 398
[23:03:56][no_game_date][persistent.cpp:66]: Error: "Unexpected token: armored_signal, near line: 399" in file: "common/doctrines/subdoctrines/land/armor_subdoctrines.txt" near line: 401
[23:03:56][no_game_date][persistent.cpp:66]: Error: "Unexpected token: motorized_military_police, near line: 475" in file: "common/doctrines/subdoctrines/land/armor_subdoctrines.txt" near line: 481
[23:03:56][no_game_date][persistent.cpp:66]: Error: "Unexpected token: motorized_military_police, near line: 588" in file: "common/doctrines/subdoctrines/land/armor_subdoctrines.txt" near line: 594
[23:03:56][no_game_date][persistent.cpp:66]: Error: "Unexpected token: assault_engineer, near line: 678" in file: "common/doctrines/subdoctrines/land/armor_subdoctrines.txt" near line: 685
[23:03:56][no_game_date][persistent.cpp:66]: Error: "Unexpected token: category_tank_destroyers, near line: 688" in file: "common/doctrines/subdoctrines/land/armor_subdoctrines.txt" near line: 691
[23:03:56][no_game_date][persistent.cpp:66]: Error: "Unexpected token: category_tank_destroyers, near line: 695" in file: "common/doctrines/subdoctrines/land/armor_subdoctrines.txt" near line: 698
[23:03:56][no_game_date][persistent.cpp:66]: Error: "Unexpected token: armored_signal, near line: 702" in file: "common/doctrines/subdoctrines/land/armor_subdoctrines.txt" near line: 709
[23:03:56][no_game_date][persistent.cpp:66]: Error: "Unexpected token: rocket_artillery_brigade, near line: 56" in file: "common/doctrines/subdoctrines/land/combat_support_subdoctrines.txt" near line: 58
[23:03:56][no_game_date][persistent.cpp:66]: Error: "Unexpected token: rocket_artillery_brigade, near line: 81" in file: "common/doctrines/subdoctrines/land/combat_support_subdoctrines.txt" near line: 83
[23:03:56][no_game_date][persistent.cpp:66]: Error: "Unexpected token: mot_rocket_artillery_brigade, near line: 195" in file: "common/doctrines/subdoctrines/land/combat_support_subdoctrines.txt" near line: 197
[23:03:56][no_game_date][persistent.cpp:66]: Error: "Unexpected token: armored_signal, near line: 225" in file: "common/doctrines/subdoctrines/land/combat_support_subdoctrines.txt" near line: 231
[23:03:56][no_game_date][persistent.cpp:66]: Error: "Unexpected token: mot_rocket_artillery_brigade, near line: 242" in file: "common/doctrines/subdoctrines/land/combat_support_subdoctrines.txt" near line: 244
[23:03:56][no_game_date][scopedvariable.cpp:582]: sp:sp_air_helicopter does not match any Special Project in database
[23:03:56][no_game_date][persistent.cpp:66]: Error: "Unexpected token: helicopter_recon, near line: 285" in file: "common/doctrines/subdoctrines/land/combat_support_subdoctrines.txt" near line: 291
[23:03:56][no_game_date][persistent.cpp:66]: Error: "Unexpected token: helicopter_field_hospital, near line: 299" in file: "common/doctrines/subdoctrines/land/combat_support_subdoctrines.txt" near line: 307
[23:03:56][no_game_date][persistent.cpp:66]: Error: "Unexpected token: helicopter_transport, near line: 311" in file: "common/doctrines/subdoctrines/land/combat_support_subdoctrines.txt" near line: 319
[23:03:56][no_game_date][persistent.cpp:66]: Error: "Unexpected token: category_self_propelled_artillery, near line: 405" in file: "common/doctrines/subdoctrines/land/combat_support_subdoctrines.txt" near line: 407
[23:03:56][no_game_date][persistent.cpp:66]: Error: "Unexpected token: category_self_propelled_anti_air, near line: 408" in file: "common/doctrines/subdoctrines/land/combat_support_subdoctrines.txt" near line: 411
[23:03:56][no_game_date][persistent.cpp:66]: Error: "Unexpected token: category_tank_destroyers, near line: 412" in file: "common/doctrines/subdoctrines/land/combat_support_subdoctrines.txt" near line: 415
[23:03:56][no_game_date][persistent.cpp:66]: Error: "Unexpected token: category_self_propelled_artillery, near line: 501" in file: "common/doctrines/subdoctrines/land/combat_support_subdoctrines.txt" near line: 503
[23:03:56][no_game_date][persistent.cpp:66]: Error: "Unexpected token: category_self_propelled_anti_air, near line: 504" in file: "common/doctrines/subdoctrines/land/combat_support_subdoctrines.txt" near line: 507
[23:03:56][no_game_date][persistent.cpp:66]: Error: "Unexpected token: category_tank_destroyers, near line: 508" in file: "common/doctrines/subdoctrines/land/combat_support_subdoctrines.txt" near line: 511
[23:03:56][no_game_date][persistent.cpp:66]: Error: "Unexpected token: category_self_propelled_artillery, near line: 546" in file: "common/doctrines/subdoctrines/land/combat_support_subdoctrines.txt" near line: 548
[23:03:56][no_game_date][persistent.cpp:66]: Error: "Unexpected token: category_self_propelled_anti_air, near line: 549" in file: "common/doctrines/subdoctrines/land/combat_support_subdoctrines.txt" near line: 551
[23:03:56][no_game_date][persistent.cpp:66]: Error: "Unexpected token: category_tank_destroyers, near line: 552" in file: "common/doctrines/subdoctrines/land/combat_support_subdoctrines.txt" near line: 554
[23:03:56][no_game_date][persistent.cpp:66]: Error: "Unexpected token: category_self_propelled_artillery, near line: 560" in file: "common/doctrines/subdoctrines/land/combat_support_subdoctrines.txt" near line: 562
[23:03:56][no_game_date][persistent.cpp:66]: Error: "Unexpected token: category_self_propelled_anti_air, near line: 563" in file: "common/doctrines/subdoctrines/land/combat_support_subdoctrines.txt" near line: 565
[23:03:56][no_game_date][persistent.cpp:66]: Error: "Unexpected token: category_tank_destroyers, near line: 566" in file: "common/doctrines/subdoctrines/land/combat_support_subdoctrines.txt" near line: 568
[23:03:56][no_game_date][persistent.cpp:66]: Error: "Invalid subunit category: category_self_propelled_artillery, near line: 574" in file: "common/doctrines/subdoctrines/land/combat_support_subdoctrines.txt" near line: 574
[23:03:56][no_game_date][persistent.cpp:66]: Error: "Invalid subunit category: category_self_propelled_artillery, near line: 581" in file: "common/doctrines/subdoctrines/land/combat_support_subdoctrines.txt" near line: 581
[23:03:56][no_game_date][persistent.cpp:66]: Error: "Invalid subunit category: category_self_propelled_artillery, near line: 588" in file: "common/doctrines/subdoctrines/land/combat_support_subdoctrines.txt" near line: 588
[23:03:56][no_game_date][persistent.cpp:66]: Error: "Unexpected token: category_self_propelled_artillery, near line: 595" in file: "common/doctrines/subdoctrines/land/combat_support_subdoctrines.txt" near line: 597
[23:03:56][no_game_date][persistent.cpp:66]: Error: "Unexpected token: category_self_propelled_anti_air, near line: 598" in file: "common/doctrines/subdoctrines/land/combat_support_subdoctrines.txt" near line: 600
[23:03:56][no_game_date][persistent.cpp:66]: Error: "Unexpected token: category_tank_destroyers, near line: 601" in file: "common/doctrines/subdoctrines/land/combat_support_subdoctrines.txt" near line: 603
[23:03:56][no_game_date][persistent.cpp:66]: Error: "Unexpected token: category_self_propelled_artillery, near line: 606" in file: "common/doctrines/subdoctrines/land/combat_support_subdoctrines.txt" near line: 608
[23:03:56][no_game_date][persistent.cpp:66]: Error: "Unexpected token: category_self_propelled_anti_air, near line: 609" in file: "common/doctrines/subdoctrines/land/combat_support_subdoctrines.txt" near line: 612
[23:03:56][no_game_date][persistent.cpp:66]: Error: "Unexpected token: category_tank_destroyers, near line: 613" in file: "common/doctrines/subdoctrines/land/combat_support_subdoctrines.txt" near line: 615
[23:03:56][no_game_date][persistent.cpp:66]: Error: "Unexpected token: category_self_propelled_artillery, near line: 618" in file: "common/doctrines/subdoctrines/land/combat_support_subdoctrines.txt" near line: 621
[23:03:56][no_game_date][persistent.cpp:66]: Error: "Unexpected token: category_self_propelled_anti_air, near line: 622" in file: "common/doctrines/subdoctrines/land/combat_support_subdoctrines.txt" near line: 625
[23:03:56][no_game_date][persistent.cpp:66]: Error: "Unexpected token: category_tank_destroyers, near line: 626" in file: "common/doctrines/subdoctrines/land/combat_support_subdoctrines.txt" near line: 630
[23:03:56][no_game_date][scopedvariable.cpp:582]: sp:sp_land_super_heavy_howitzer does not match any Special Project in database
[23:03:56][no_game_date][persistent.cpp:66]: Error: "Unexpected token: super_heavy_artillery, near line: 657" in file: "common/doctrines/subdoctrines/land/combat_support_subdoctrines.txt" near line: 663
[23:03:56][no_game_date][persistent.cpp:66]: Error: "Unexpected token: super_heavy_artillery, near line: 679" in file: "common/doctrines/subdoctrines/land/combat_support_subdoctrines.txt" near line: 683
[23:03:56][no_game_date][persistent.cpp:66]: Error: "Unexpected token: self_propelled_super_heavy_artillery, near line: 684" in file: "common/doctrines/subdoctrines/land/combat_support_subdoctrines.txt" near line: 688
[23:03:56][no_game_date][persistent.cpp:66]: Error: "Unexpected token: super_heavy_artillery, near line: 694" in file: "common/doctrines/subdoctrines/land/combat_support_subdoctrines.txt" near line: 698
[23:03:56][no_game_date][persistent.cpp:66]: Error: "Unexpected token: self_propelled_super_heavy_artillery, near line: 699" in file: "common/doctrines/subdoctrines/land/combat_support_subdoctrines.txt" near line: 703
[23:03:56][no_game_date][persistent.cpp:66]: Error: "Unexpected token: super_heavy_artillery, near line: 718" in file: "common/doctrines/subdoctrines/land/combat_support_subdoctrines.txt" near line: 721
[23:03:56][no_game_date][persistent.cpp:66]: Error: "Unexpected token: self_propelled_super_heavy_artillery, near line: 722" in file: "common/doctrines/subdoctrines/land/combat_support_subdoctrines.txt" near line: 725
[23:03:56][no_game_date][persistent.cpp:66]: Error: "Unexpected token: super_heavy_artillery, near line: 733" in file: "common/doctrines/subdoctrines/land/combat_support_subdoctrines.txt" near line: 737
[23:03:56][no_game_date][persistent.cpp:66]: Error: "Unexpected token: self_propelled_super_heavy_artillery, near line: 738" in file: "common/doctrines/subdoctrines/land/combat_support_subdoctrines.txt" near line: 742
[23:03:56][no_game_date][persistent.cpp:66]: Error: "Unexpected token: self_propelled_super_heavy_artillery, near line: 748" in file: "common/doctrines/subdoctrines/land/combat_support_subdoctrines.txt" near line: 751
[23:03:56][no_game_date][persistent.cpp:66]: Error: "Unexpected token: assault_engineer, near line: 797" in file: "common/doctrines/subdoctrines/land/combat_support_subdoctrines.txt" near line: 804
[23:03:56][no_game_date][persistent.cpp:66]: Error: "Unexpected token: category_vehicle_infantry, near line: 51" in file: "common/doctrines/subdoctrines/land/infantry_subdoctrines.txt" near line: 53
[23:03:56][no_game_date][persistent.cpp:66]: Error: "Unexpected token: category_vehicle_infantry, near line: 56" in file: "common/doctrines/subdoctrines/land/infantry_subdoctrines.txt" near line: 59
[23:03:56][no_game_date][persistent.cpp:66]: Error: "Unexpected token: category_vehicle_infantry, near line: 209" in file: "common/doctrines/subdoctrines/land/infantry_subdoctrines.txt" near line: 212
[23:03:56][no_game_date][persistent.cpp:66]: Error: "Unexpected token: rocket_artillery_brigade, near line: 435" in file: "common/doctrines/subdoctrines/land/infantry_subdoctrines.txt" near line: 437
[23:03:56][no_game_date][persistent.cpp:66]: Error: "Unexpected token: helicopter_field_hospital, near line: 485" in file: "common/doctrines/subdoctrines/land/infantry_subdoctrines.txt" near line: 487
[23:03:56][no_game_date][persistent.cpp:66]: Error: "Invalid subunit category: category_vehicle_infantry, near line: 500" in file: "common/doctrines/subdoctrines/land/infantry_subdoctrines.txt" near line: 500
[23:03:56][no_game_date][persistent.cpp:66]: Error: "Unexpected token: category_vehicle_infantry, near line: 505" in file: "common/doctrines/subdoctrines/land/infantry_subdoctrines.txt" near line: 508
[23:03:56][no_game_date][persistent.cpp:66]: Error: "Unexpected token: category_vehicle_infantry, near line: 394" in file: "common/doctrines/subdoctrines/land/operations_subdoctrines.txt" near line: 396
[23:03:56][no_game_date][persistent.cpp:66]: Error: "Unexpected token: category_vehicle_infantry, near line: 420" in file: "common/doctrines/subdoctrines/land/operations_subdoctrines.txt" near line: 423
[23:03:56][no_game_date][persistent.cpp:66]: Error: "Unexpected token: category_vehicle_infantry, near line: 521" in file: "common/doctrines/subdoctrines/land/operations_subdoctrines.txt" near line: 523
[23:03:56][no_game_date][persistent.cpp:66]: Error: "Unexpected token: category_vehicle_infantry, near line: 547" in file: "common/doctrines/subdoctrines/land/operations_subdoctrines.txt" near line: 550
[23:03:56][no_game_date][common/doctrines/subdoctrines/sea/navy_capital_subdoctrines.txt:269]: Value does not belong to designated Script EnumType: ship_hull_cruiser_coastal_defense_ship not in script_enum_equipment_bonus_type
[23:03:56][no_game_date][common/doctrines/subdoctrines/sea/navy_capital_subdoctrines.txt:432]: Value does not belong to designated Script EnumType: ship_hull_heavy not in script_enum_equipment_bonus_type
[23:03:56][no_game_date][scopedvariable.cpp:582]: sp:sp_naval_escort_carrier does not match any Special Project in database
[23:03:56][no_game_date][common/doctrines/subdoctrines/sea/navy_carrier_doctrines.txt:141]: Value does not belong to designated Script EnumType: ship_hull_escort_carrier not in script_enum_equipment_bonus_type
[23:03:56][no_game_date][common/doctrines/subdoctrines/sea/navy_carrier_doctrines.txt:149]: Value does not belong to designated Script EnumType: ship_hull_escort_carrier not in script_enum_equipment_bonus_type
[23:03:56][no_game_date][common/doctrines/subdoctrines/sea/navy_carrier_doctrines.txt:165]: Value does not belong to designated Script EnumType: ship_hull_escort_carrier not in script_enum_equipment_bonus_type
[23:03:56][no_game_date][scopedvariable.cpp:582]: sp:sp_naval_escort_carrier does not match any Special Project in database
[23:03:56][no_game_date][scopedvariable.cpp:582]: sp:sp_naval_support_ships does not match any Special Project in database
[23:03:56][no_game_date][common/doctrines/subdoctrines/sea/navy_carrier_doctrines.txt:219]: Value does not belong to designated Script EnumType: ship_hull_escort_carrier not in script_enum_equipment_bonus_type
[23:03:56][no_game_date][common/doctrines/subdoctrines/sea/navy_screen_doctrines.txt:97]: Value does not belong to designated Script EnumType: ship_hull_cruiser not in script_enum_equipment_bonus_type
[23:03:56][no_game_date][scopedvariable.cpp:582]: sp:sp_naval_support_ships does not match any Special Project in database
[23:03:56][no_game_date][common/doctrines/subdoctrines/sea/navy_screen_doctrines.txt:391]: Value does not belong to designated Script EnumType: ship_hull_torpedo_cruiser not in script_enum_equipment_bonus_type
[23:03:56][no_game_date][scopedvariable.cpp:582]: sp:sp_naval_midget_submarine does not match any Special Project in database
[23:03:56][no_game_date][common/doctrines/subdoctrines/sea/navy_submarine_doctrines.txt:203]: Value does not belong to designated Script EnumType: ship_hull_midget_submarine not in script_enum_equipment_bonus_type
[23:03:56][no_game_date][common/doctrines/subdoctrines/sea/navy_submarine_doctrines.txt:217]: Value does not belong to designated Script EnumType: ship_hull_midget_submarine not in script_enum_equipment_bonus_type
[23:03:56][no_game_date][common/doctrines/subdoctrines/sea/navy_submarine_doctrines.txt:233]: Value does not belong to designated Script EnumType: ship_hull_midget_submarine not in script_enum_equipment_bonus_type
[23:03:56][no_game_date][scopedvariable.cpp:582]: sp:sp_naval_cruiser_submarine does not match any Special Project in database
[23:03:56][no_game_date][scopedvariable.cpp:582]: sp:sp_naval_submarine_carrier does not match any Special Project in database
[23:03:56][no_game_date][common/doctrines/subdoctrines/sea/navy_submarine_doctrines.txt:326]: Value does not belong to designated Script EnumType: ship_hull_fleet_submarine not in script_enum_equipment_bonus_type
[23:03:56][no_game_date][common/doctrines/subdoctrines/sea/navy_submarine_doctrines.txt:330]: Value does not belong to designated Script EnumType: ship_hull_cruiser_submarine not in script_enum_equipment_bonus_type
[23:03:56][no_game_date][common/doctrines/subdoctrines/sea/navy_submarine_doctrines.txt:341]: Value does not belong to designated Script EnumType: ship_hull_fleet_submarine not in script_enum_equipment_bonus_type
[23:03:56][no_game_date][common/doctrines/subdoctrines/sea/navy_submarine_doctrines.txt:345]: Value does not belong to designated Script EnumType: ship_hull_cruiser_submarine not in script_enum_equipment_bonus_type
[23:03:56][no_game_date][common/doctrines/subdoctrines/sea/navy_submarine_doctrines.txt:349]: Value does not belong to designated Script EnumType: ship_hull_carrier_submarine not in script_enum_equipment_bonus_type
[23:03:56][no_game_date][common/doctrines/subdoctrines/sea/navy_submarine_doctrines.txt:358]: Value does not belong to designated Script EnumType: ship_hull_fleet_submarine not in script_enum_equipment_bonus_type
[23:03:56][no_game_date][common/doctrines/subdoctrines/sea/navy_submarine_doctrines.txt:363]: Value does not belong to designated Script EnumType: ship_hull_cruiser_submarine not in script_enum_equipment_bonus_type
[23:03:56][no_game_date][common/doctrines/subdoctrines/sea/navy_submarine_doctrines.txt:368]: Value does not belong to designated Script EnumType: ship_hull_carrier_submarine not in script_enum_equipment_bonus_type
[23:03:56][no_game_date][common/doctrines/subdoctrines/sea/navy_submarine_doctrines.txt:376]: Value does not belong to designated Script EnumType: ship_hull_fleet_submarine not in script_enum_equipment_bonus_type
[23:03:56][no_game_date][common/doctrines/subdoctrines/sea/navy_submarine_doctrines.txt:380]: Value does not belong to designated Script EnumType: ship_hull_cruiser_submarine not in script_enum_equipment_bonus_type
[23:03:56][no_game_date][common/doctrines/subdoctrines/sea/navy_submarine_doctrines.txt:384]: Value does not belong to designated Script EnumType: ship_hull_carrier_submarine not in script_enum_equipment_bonus_type
[23:03:56][no_game_date][trigger.cpp:700]: Invalid trigger 'WTT_is_chinese_country' in common/collections/collections.txt line : 127
[23:03:56][no_game_date][trigger.cpp:568]: Error: "Unknown trigger-type: WTT_is_chinese_country, near line: 127" in file: "common/collections/collections.txt" near line: 128
[23:03:56][no_game_date][trigger.cpp:700]: Invalid trigger 'CHI_northern_mandate_states' in common/collections/collections.txt line : 586
[23:03:56][no_game_date][trigger.cpp:568]: Error: "Unknown trigger-type: CHI_northern_mandate_states, near line: 586" in file: "common/collections/collections.txt" near line: 587
[23:03:56][no_game_date][trigger.cpp:700]: Invalid trigger 'CHI_southern_mandate_states' in common/collections/collections.txt line : 596
[23:03:56][no_game_date][trigger.cpp:568]: Error: "Unknown trigger-type: CHI_southern_mandate_states, near line: 596" in file: "common/collections/collections.txt" near line: 597
[23:03:56][no_game_date][trigger.cpp:700]: Invalid trigger 'CHI_greater_game_states' in common/collections/collections.txt line : 606
[23:03:56][no_game_date][trigger.cpp:568]: Error: "Unknown trigger-type: CHI_greater_game_states, near line: 606" in file: "common/collections/collections.txt" near line: 607
[23:03:57][no_game_date][pdx_parser.h:1178]: Error: "Unexpected token: type, near line: 75" in file: "common/raids/air_raids.txt" near line: 75
[23:03:57][no_game_date][pdx_parser.h:1178]: Error: "Unexpected token: type, near line: 324" in file: "common/raids/air_raids.txt" near line: 324
[23:03:57][no_game_date][pdx_parser.h:1178]: Error: "Unexpected token: type, near line: 571" in file: "common/raids/air_raids.txt" near line: 571
[23:03:57][no_game_date][pdx_parser.h:1178]: Error: "Unexpected token: type, near line: 893" in file: "common/raids/air_raids.txt" near line: 893
[23:03:57][no_game_date][pdx_parser.h:1178]: Error: "Unexpected token: type, near line: 1133" in file: "common/raids/air_raids.txt" near line: 1133
[23:03:57][no_game_date][pdx_parser.h:1178]: Error: "Unexpected token: type, near line: 1359" in file: "common/raids/air_raids.txt" near line: 1359
[23:03:57][no_game_date][trigger.cpp:700]: Invalid trigger 'is_literally_china' in common/raids/land_infiltration_custom.txt line : 1114
[23:03:57][no_game_date][trigger.cpp:568]: Error: "Unknown trigger-type: is_literally_china, near line: 1114" in file: "common/raids/land_infiltration_custom.txt" near line: 1116
[23:03:57][no_game_date][pdx_parser.h:1178]: Error: "Unexpected token: type, near line: 81" in file: "common/raids/nuclear_raids.txt" near line: 81
[23:03:57][no_game_date][pdx_parser.h:1178]: Error: "Unexpected token: type, near line: 97" in file: "common/raids/paratrooper_raids.txt" near line: 97
[23:03:57][no_game_date][pdx_parser.h:1178]: Error: "Unexpected token: type, near line: 376" in file: "common/raids/paratrooper_raids.txt" near line: 376
[23:03:57][no_game_date][raid_database.cpp:361]: Missing raid category 'land_infiltration_raids' referenced by raid type 'PRC_weapons_depot_raid'
[23:03:57][no_game_date][raid_database.cpp:361]: Missing raid category 'land_infiltration_raids' referenced by raid type 'PRC_probe_border_defenses_raid'
[23:03:57][no_game_date][raid_database.cpp:361]: Missing raid category 'land_infiltration_raids' referenced by raid type 'CHI_great_wall_raid_land'
[23:03:57][no_game_date][map.cpp:1779]: Province 11874 has TOO LARGE BOX. Perhaps pixels are spread around the world in provinces.bmp
[23:03:57][no_game_date][map.cpp:1791]: Province 12259 has only 4 pixels around (x=1894,y=1740). Should have at least 8
[23:03:57][no_game_date][map.cpp:1779]: Province 20847 has TOO LARGE BOX. Perhaps pixels are spread around the world in provinces.bmp
[23:03:57][no_game_date][map.cpp:1779]: Province 20850 has TOO LARGE BOX. Perhaps pixels are spread around the world in provinces.bmp
[23:03:57][no_game_date][map.cpp:1779]: Province 20851 has TOO LARGE BOX. Perhaps pixels are spread around the world in provinces.bmp
[23:03:57][no_game_date][map.cpp:1779]: Province 20852 has TOO LARGE BOX. Perhaps pixels are spread around the world in provinces.bmp
[23:03:57][no_game_date][map.cpp:1779]: Province 20853 has TOO LARGE BOX. Perhaps pixels are spread around the world in provinces.bmp
[23:03:57][no_game_date][map.cpp:1779]: Province 20854 has TOO LARGE BOX. Perhaps pixels are spread around the world in provinces.bmp
[23:03:57][no_game_date][map.cpp:1779]: Province 20855 has TOO LARGE BOX. Perhaps pixels are spread around the world in provinces.bmp
[23:03:57][no_game_date][map.cpp:1779]: Province 20856 has TOO LARGE BOX. Perhaps pixels are spread around the world in provinces.bmp
[23:03:57][no_game_date][map.cpp:1779]: Province 20857 has TOO LARGE BOX. Perhaps pixels are spread around the world in provinces.bmp
[23:03:57][no_game_date][map.cpp:1779]: Province 20858 has TOO LARGE BOX. Perhaps pixels are spread around the world in provinces.bmp
[23:03:57][no_game_date][map.cpp:1779]: Province 20859 has TOO LARGE BOX. Perhaps pixels are spread around the world in provinces.bmp
[23:03:57][no_game_date][map.cpp:1779]: Province 20860 has TOO LARGE BOX. Perhaps pixels are spread around the world in provinces.bmp
[23:03:57][no_game_date][map.cpp:1779]: Province 20861 has TOO LARGE BOX. Perhaps pixels are spread around the world in provinces.bmp
[23:03:57][no_game_date][map.cpp:1779]: Province 20862 has TOO LARGE BOX. Perhaps pixels are spread around the world in provinces.bmp
[23:03:57][no_game_date][map.cpp:1779]: Province 20863 has TOO LARGE BOX. Perhaps pixels are spread around the world in provinces.bmp
[23:03:57][no_game_date][map.cpp:1779]: Province 20864 has TOO LARGE BOX. Perhaps pixels are spread around the world in provinces.bmp
[23:03:57][no_game_date][map.cpp:1779]: Province 20865 has TOO LARGE BOX. Perhaps pixels are spread around the world in provinces.bmp
[23:03:57][no_game_date][trigger.cpp:700]: Invalid trigger 'ai_has_completed_army_doctrine' in common/technologies/special_forces_doctrine.txt line : 68
[23:03:57][no_game_date][trigger.cpp:568]: Error: "Unknown trigger-type: ai_has_completed_army_doctrine, near line: 68" in file: "common/technologies/special_forces_doctrine.txt" near line: 68
[23:03:57][no_game_date][trigger.cpp:700]: Invalid trigger 'ai_has_completed_naval_doctrine' in common/technologies/special_forces_doctrine.txt line : 499
[23:03:57][no_game_date][trigger.cpp:568]: Error: "Unknown trigger-type: ai_has_completed_naval_doctrine, near line: 499" in file: "common/technologies/special_forces_doctrine.txt" near line: 499
[23:03:57][no_game_date][trigger.cpp:700]: Invalid trigger 'ai_has_completed_air_doctrine' in common/technologies/special_forces_doctrine.txt line : 1037
[23:03:57][no_game_date][trigger.cpp:568]: Error: "Unknown trigger-type: ai_has_completed_air_doctrine, near line: 1037" in file: "common/technologies/special_forces_doctrine.txt" near line: 1037
[23:03:57][no_game_date][technologytemplate.cpp:791]: Technology "concentrated_industry6" has two more outgoing xor paths in folder "industry_folder", only the first will be shown as XOR in the tree
[23:03:57][no_game_date][technologytemplate.cpp:791]: Technology "concentrated_industry8" has two more outgoing xor paths in folder "industry_folder", only the first will be shown as XOR in the tree
[23:03:57][no_game_date][trigger.cpp:700]: Invalid trigger 'is_chinese_warlord' in common/autonomous_states/sea_integrated_warlord_subject.txt line : 48
[23:03:57][no_game_date][trigger.cpp:700]: Invalid trigger 'is_literally_china' in common/autonomous_states/sea_integrated_warlord_subject.txt line : 50
[23:03:57][no_game_date][trigger.cpp:568]: Error: "Unknown trigger-type: is_chinese_warlord, near line: 48
Unknown trigger-type: is_literally_china, near line: 50" in file: "common/autonomous_states/sea_integrated_warlord_subject.txt" near line: 51
[23:03:57][no_game_date][trigger.cpp:700]: Invalid trigger 'is_chinese_warlord' in common/autonomous_states/sea_warlord_subject.txt line : 48
[23:03:57][no_game_date][trigger.cpp:700]: Invalid trigger 'is_literally_china' in common/autonomous_states/sea_warlord_subject.txt line : 50
[23:03:57][no_game_date][trigger.cpp:568]: Error: "Unknown trigger-type: is_chinese_warlord, near line: 48
Unknown trigger-type: is_literally_china, near line: 50" in file: "common/autonomous_states/sea_warlord_subject.txt" near line: 51
[23:03:57][no_game_date][trigger.cpp:700]: Invalid trigger 'NOR_AAT' in common/ideas/army_spirits.txt line : 286
[23:03:57][no_game_date][trigger.cpp:568]: Error: "Unknown trigger-type: NOR_AAT, near line: 286" in file: "common/ideas/army_spirits.txt" near line: 287
[23:03:57][no_game_date][persistent.cpp:66]: Error: "Unknown modifier: unit_ranger_battalion_design_cost_factor, near line: 579" in file: "common/ideas/army_spirits.txt" near line: 579
[23:03:57][no_game_date][trigger.cpp:700]: Invalid trigger 'GER' in common/ideas/army_spirits.txt line : 833
[23:03:57][no_game_date][trigger.cpp:568]: Error: "Unknown trigger-type: GER, near line: 833" in file: "common/ideas/army_spirits.txt" near line: 834
[23:03:57][no_game_date][persistent.cpp:66]: Error: "Unknown modifier: ship_hull_cruiser_design_cost_factor, near line: 265" in file: "common/ideas/navy_spirits.txt" near line: 265
[23:03:57][no_game_date][persistent.cpp:66]: Error: "Unknown modifier: ship_hull_heavy_design_cost_factor, near line: 363" in file: "common/ideas/navy_spirits.txt" near line: 363
[23:03:58][no_game_date][trigger.cpp:700]: Invalid trigger 'WTT_is_chinese_country' in common/factions/rules/joining_rules.txt line : 902
[23:03:58][no_game_date][trigger.cpp:568]: Error: "Unknown trigger-type: WTT_is_chinese_country, near line: 902" in file: "common/factions/rules/joining_rules.txt" near line: 903
[23:03:58][no_game_date][trigger.cpp:700]: Invalid trigger 'WTT_is_chinese_country' in common/factions/rules/joining_rules.txt line : 922
[23:03:58][no_game_date][trigger.cpp:568]: Error: "Unknown trigger-type: WTT_is_chinese_country, near line: 922" in file: "common/factions/rules/joining_rules.txt" near line: 923
[23:03:58][no_game_date][trigger.cpp:700]: Invalid trigger 'land_facility' in common/factions/goals/faction_goals_short_term.txt line : 223
[23:03:58][no_game_date][trigger.cpp:568]: Error: "Unknown trigger-type: land_facility, near line: 223" in file: "common/factions/goals/faction_goals_short_term.txt" near line: 224
[23:03:58][no_game_date][trigger.cpp:700]: Invalid trigger 'naval_facility' in common/factions/goals/faction_goals_short_term.txt line : 236
[23:03:58][no_game_date][trigger.cpp:568]: Error: "Unknown trigger-type: naval_facility, near line: 236" in file: "common/factions/goals/faction_goals_short_term.txt" near line: 237
[23:03:58][no_game_date][trigger.cpp:700]: Invalid trigger 'air_facility' in common/factions/goals/faction_goals_short_term.txt line : 249
[23:03:58][no_game_date][trigger.cpp:568]: Error: "Unknown trigger-type: air_facility, near line: 249" in file: "common/factions/goals/faction_goals_short_term.txt" near line: 250
[23:03:58][no_game_date][trigger.cpp:700]: Invalid trigger 'land_facility' in common/factions/goals/faction_goals_short_term.txt line : 265
[23:03:58][no_game_date][trigger.cpp:568]: Error: "Unknown trigger-type: land_facility, near line: 265" in file: "common/factions/goals/faction_goals_short_term.txt" near line: 266
[23:03:58][no_game_date][trigger.cpp:700]: Invalid trigger 'naval_facility' in common/factions/goals/faction_goals_short_term.txt line : 278
[23:03:58][no_game_date][trigger.cpp:568]: Error: "Unknown trigger-type: naval_facility, near line: 278" in file: "common/factions/goals/faction_goals_short_term.txt" near line: 279
[23:03:58][no_game_date][trigger.cpp:700]: Invalid trigger 'air_facility' in common/factions/goals/faction_goals_short_term.txt line : 291
[23:03:58][no_game_date][trigger.cpp:568]: Error: "Unknown trigger-type: air_facility, near line: 291" in file: "common/factions/goals/faction_goals_short_term.txt" near line: 292
[23:03:58][no_game_date][trigger.cpp:700]: Invalid trigger 'air_facility' in common/factions/goals/faction_goals_short_term.txt line : 310
[23:03:58][no_game_date][trigger.cpp:700]: Invalid trigger 'land_facility' in common/factions/goals/faction_goals_short_term.txt line : 311
[23:03:58][no_game_date][trigger.cpp:700]: Invalid trigger 'naval_facility' in common/factions/goals/faction_goals_short_term.txt line : 312
[23:03:58][no_game_date][trigger.cpp:568]: Error: "Unknown trigger-type: air_facility, near line: 310
Unknown trigger-type: land_facility, near line: 311
Unknown trigger-type: naval_facility, near line: 312" in file: "common/factions/goals/faction_goals_short_term.txt" near line: 313
[23:03:58][no_game_date][lexer.cpp:229]: Tried to get dynamic token that does not exist: coal
[23:03:58][no_game_date][effect.cpp:356]: Error: "common/factions/goals/faction_goals_short_term.txt:1839 Invalid resource: coal: type, near line: 1840" in file: "common/factions/goals/faction_goals_short_term.txt" near line: 1842
[23:03:58][no_game_date][lexer.cpp:229]: Tried to get dynamic token that does not exist: coal
[23:03:58][no_game_date][effect.cpp:356]: Error: "common/factions/goals/faction_goals_short_term.txt:2069 Invalid resource: coal: type, near line: 2070" in file: "common/factions/goals/faction_goals_short_term.txt" near line: 2072
[23:03:58][no_game_date][lexer.cpp:229]: Tried to get dynamic token that does not exist: coal
[23:03:58][no_game_date][effect.cpp:356]: Error: "common/factions/goals/faction_goals_short_term.txt:2103 Invalid resource: coal: type, near line: 2104" in file: "common/factions/goals/faction_goals_short_term.txt" near line: 2106
[23:03:58][no_game_date][persistent.cpp:66]: Error: "Unable to find item with id: faction_goal_building_up_guam: , near line: 15" in file: "common/factions/templates/USA.txt" near line: 19
[23:03:58][no_game_date][persistent.cpp:66]: Error: "Unable to find item with id: faction_goal_the_arteries_of_trade: , near line: 14" in file: "common/factions/templates/allies.txt" near line: 17
[23:03:58][no_game_date][persistent.cpp:66]: Error: "Unable to find item with id: faction_goal_one_germany: , near line: 13
Unable to find item with id: faction_goal_secure_european_continent: , near line: 16
Unable to find item with id: faction_goal_resource_control: , near line: 18" in file: "common/factions/templates/axis.txt" near line: 18
[23:03:58][no_game_date][persistent.cpp:66]: Error: "Unable to find item with id: faction_goal_secure_european_continent: , near line: 45" in file: "common/factions/templates/axis.txt" near line: 47
[23:03:58][no_game_date][persistent.cpp:66]: Error: "Unable to find item with id: faction_goal_control_the_chinese_coast: , near line: 14
Unable to find item with id: faction_goal_no_japanese_in_china: , near line: 16" in file: "common/factions/templates/chinese_united_front.txt" near line: 16
[23:03:58][no_game_date][persistent.cpp:66]: Error: "Unable to find item with id: faction_goal_control_the_chinese_coast: , near line: 42
Unable to find item with id: faction_goal_no_japanese_in_china: , near line: 44" in file: "common/factions/templates/chinese_united_front.txt" near line: 44
[23:03:58][no_game_date][persistent.cpp:66]: Error: "Unable to find item with id: faction_goal_secure_the_oil_supply: , near line: 85" in file: "common/factions/templates/generic_factions.txt" near line: 86
[23:03:58][no_game_date][persistent.cpp:66]: Error: "Unable to find item with id: faction_goal_control_suez_canal: , near line: 404" in file: "common/factions/templates/generic_factions.txt" near line: 406
[23:03:58][no_game_date][persistent.cpp:66]: Error: "Unable to find item with id: faction_goal_control_panama_canal: , near line: 440" in file: "common/factions/templates/generic_factions.txt" near line: 441
[23:03:58][no_game_date][persistent.cpp:66]: Error: "Unable to find item with id: faction_goal_control_panama_canal: , near line: 494" in file: "common/factions/templates/generic_factions.txt" near line: 495
[23:03:58][no_game_date][persistent.cpp:66]: Error: "Unable to find item with id: faction_goal_control_ploiesti_oil_fields: , near line: 565" in file: "common/factions/templates/generic_factions.txt" near line: 566
[23:03:58][no_game_date][persistent.cpp:66]: Error: "Unable to find item with id: faction_goal_control_ploiesti_oil_fields: , near line: 597" in file: "common/factions/templates/generic_factions.txt" near line: 598
[23:03:58][no_game_date][persistent.cpp:66]: Error: "Unable to find item with id: faction_goal_control_chinese_metals: , near line: 628" in file: "common/factions/templates/generic_factions.txt" near line: 629
[23:03:58][no_game_date][persistent.cpp:66]: Error: "Unable to find item with id: faction_goal_control_persian_oil: , near line: 660" in file: "common/factions/templates/generic_factions.txt" near line: 661
[23:03:58][no_game_date][persistent.cpp:66]: Error: "Unable to find item with id: faction_goal_guerilla_expansion: , near line: 9" in file: "common/factions/templates/government_of_national_defense.txt" near line: 10
[23:03:58][no_game_date][persistent.cpp:66]: Error: "Unable to find item with id: faction_goal_secure_european_continent: , near line: 15
Unable to find item with id: faction_goal_resource_control: , near line: 17" in file: "common/factions/templates/italian_factions.txt" near line: 17
[23:03:58][no_game_date][persistent.cpp:66]: Error: "Unable to find item with id: faction_goal_secure_european_continent: , near line: 41
Unable to find item with id: faction_goal_resource_control: , near line: 43" in file: "common/factions/templates/italian_factions.txt" near line: 43
[23:03:58][no_game_date][persistent.cpp:66]: Error: "Unable to find item with id: faction_goal_resource_control: , near line: 16" in file: "common/factions/templates/japanese_factions.txt" near line: 18
[23:03:58][no_game_date][persistent.cpp:66]: Error: "Unable to find item with id: faction_goal_control_the_chinese_capitals: , near line: 43
Unable to find item with id: faction_goal_align_china: , near line: 46" in file: "common/factions/templates/japanese_factions.txt" near line: 46
[23:03:58][no_game_date][persistent.cpp:66]: Error: "Unable to find item with id: faction_goal_war_on_communism_in_asia: , near line: 73" in file: "common/factions/templates/japanese_factions.txt" near line: 73
[23:03:58][no_game_date][persistent.cpp:66]: Error: "Unable to find item with id: faction_goal_secure_the_oil_supply: , near line: 101
Unable to find item with id: faction_goal_align_china: , near line: 102
Unable to find item with id: faction_goal_war_on_communism_in_asia: , near line: 104" in file: "common/factions/templates/japanese_factions.txt" near line: 104
[23:03:58][no_game_date][persistent.cpp:66]: Error: "Unable to find item with id: faction_goal_secure_the_oil_supply: , near line: 131
Unable to find item with id: faction_goal_align_china: , near line: 132" in file: "common/factions/templates/japanese_factions.txt" near line: 132
[23:03:58][no_game_date][persistent.cpp:66]: Error: "Unable to find item with id: faction_goal_indifference_is_a_threat: , near line: 157
Unable to find item with id: faction_goal_align_china: , near line: 160" in file: "common/factions/templates/japanese_factions.txt" near line: 160
[23:03:58][no_game_date][persistent.cpp:66]: Error: "Unable to find item with id: faction_goal_the_arteries_of_trade: , near line: 185" in file: "common/factions/templates/japanese_factions.txt" near line: 186
[23:03:58][no_game_date][persistent.cpp:66]: Error: "Unable to find item with id: faction_goal_coastal_security: , near line: 209" in file: "common/factions/templates/japanese_factions.txt" near line: 215
[23:03:58][no_game_date][persistent.cpp:66]: Error: "Unable to find item with id: faction_goal_indifference_is_a_threat: , near line: 15" in file: "common/factions/templates/soviet_factions.txt" near line: 17
[23:03:58][no_game_date][persistent.cpp:66]: Error: "Unable to find item with id: faction_goal_undoing_brest_litowsk: , near line: 45" in file: "common/factions/templates/soviet_factions.txt" near line: 47
[23:03:58][no_game_date][persistent.cpp:66]: Error: "Unable to find item with id: faction_goal_the_two_seas: , near line: 15
Unable to find item with id: faction_goal_eliminate_the_twin_threats: , near line: 16" in file: "common/factions/templates/unique_minor_factions.txt" near line: 16
[23:03:58][no_game_date][persistent.cpp:66]: Error: "Unable to find item with id: faction_goal_disarm_aggression_central_powers: , near line: 38" in file: "common/factions/templates/unique_minor_factions.txt" near line: 38
[23:03:58][no_game_date][persistent.cpp:66]: Error: "Unable to find item with id: faction_goal_secure_european_continent: , near line: 237" in file: "common/factions/templates/unique_minor_factions.txt" near line: 239
[23:03:58][no_game_date][persistent.cpp:66]: Error: "Unable to find item with id: faction_goal_control_panama_canal: , near line: 437" in file: "common/factions/templates/unique_minor_factions.txt" near line: 439
[23:03:58][no_game_date][persistent.cpp:66]: Error: "Unable to find item with id: faction_goal_guerilla_expansion: , near line: 677" in file: "common/factions/templates/unique_minor_factions.txt" near line: 679
[23:03:58][no_game_date][countrytag.cpp:126]: GER - is not in the tag list
[23:03:58][no_game_date][countrytag.cpp:126]: SLO - is not in the tag list
[23:03:58][no_game_date][countrytag.cpp:126]: ROM - is not in the tag list
[23:03:58][no_game_date][countrytag.cpp:126]: ITA - is not in the tag list
[23:03:58][no_game_date][countrytag.cpp:126]: AST - is not in the tag list
[23:03:58][no_game_date][countrytag.cpp:126]: SAF - is not in the tag list
[23:03:58][no_game_date][trigger.cpp:700]: Invalid trigger 'is_literally_china' in common/ai_faction_theaters/ai_faction_theaters.txt line : 727
[23:03:58][no_game_date][trigger.cpp:568]: Error: "Unknown trigger-type: is_literally_china, near line: 727" in file: "common/ai_faction_theaters/ai_faction_theaters.txt" near line: 729
[23:03:58][no_game_date][trigger.cpp:700]: Invalid trigger 'is_literally_china' in common/ai_faction_theaters/ai_faction_theaters.txt line : 734
[23:03:58][no_game_date][trigger.cpp:568]: Error: "Unknown trigger-type: is_literally_china, near line: 734" in file: "common/ai_faction_theaters/ai_faction_theaters.txt" near line: 735
[23:03:58][no_game_date][trigger.cpp:700]: Invalid trigger 'is_literally_china' in common/ai_faction_theaters/ai_faction_theaters.txt line : 768
[23:03:58][no_game_date][trigger.cpp:700]: Invalid trigger 'is_literally_china' in common/ai_faction_theaters/ai_faction_theaters.txt line : 770
[23:03:58][no_game_date][trigger.cpp:568]: Error: "Unknown trigger-type: is_literally_china, near line: 768
Unknown trigger-type: is_literally_china, near line: 770" in file: "common/ai_faction_theaters/ai_faction_theaters.txt" near line: 771
[23:03:58][no_game_date][persistent.cpp:66]: Error: "A script target cannot have explicit targets and state selector (except for any). WARNING:state selector will be ignored: global.muno_states_array, near line: 397" in file: "common/decisions/lok_space_decisions.txt" near line: 397
[23:03:58][no_game_date][persistent.cpp:66]: Error: "Token is_ai is not supported within the allowed trigger: }, near line: 1138" in file: "common/decisions/lok_space_decisions.txt" near line: 1138
[23:03:58][no_game_date][persistent.cpp:66]: Error: "Token is_ai is not supported within the allowed trigger: }, near line: 1175" in file: "common/decisions/lok_space_decisions.txt" near line: 1175
[23:03:58][no_game_date][persistent.cpp:66]: Error: "Token is_ai is not supported within the allowed trigger: }, near line: 1240" in file: "common/decisions/lok_space_decisions.txt" near line: 1240
[23:03:58][no_game_date][trigger.cpp:700]: Invalid trigger 'JAP_army_faction_is_tier_1' in common/focus_inlay_windows/jap_imperial_influence_inlay_window.txt line : 63
[23:03:58][no_game_date][trigger.cpp:568]: Error: "Unknown trigger-type: JAP_army_faction_is_tier_1, near line: 63" in file: "common/focus_inlay_windows/jap_imperial_influence_inlay_window.txt" near line: 64
[23:03:58][no_game_date][trigger.cpp:700]: Invalid trigger 'JAP_army_faction_is_tier_2' in common/focus_inlay_windows/jap_imperial_influence_inlay_window.txt line : 66
[23:03:58][no_game_date][trigger.cpp:568]: Error: "Unknown trigger-type: JAP_army_faction_is_tier_2, near line: 66" in file: "common/focus_inlay_windows/jap_imperial_influence_inlay_window.txt" near line: 67
[23:03:58][no_game_date][trigger.cpp:700]: Invalid trigger 'JAP_army_faction_is_tier_3' in common/focus_inlay_windows/jap_imperial_influence_inlay_window.txt line : 69
[23:03:58][no_game_date][trigger.cpp:568]: Error: "Unknown trigger-type: JAP_army_faction_is_tier_3, near line: 69" in file: "common/focus_inlay_windows/jap_imperial_influence_inlay_window.txt" near line: 70
[23:03:58][no_game_date][trigger.cpp:700]: Invalid trigger 'JAP_army_faction_is_tier_4' in common/focus_inlay_windows/jap_imperial_influence_inlay_window.txt line : 72
[23:03:58][no_game_date][trigger.cpp:568]: Error: "Unknown trigger-type: JAP_army_faction_is_tier_4, near line: 72" in file: "common/focus_inlay_windows/jap_imperial_influence_inlay_window.txt" near line: 73
[23:03:58][no_game_date][trigger.cpp:700]: Invalid trigger 'JAP_naval_faction_is_tier_1' in common/focus_inlay_windows/jap_imperial_influence_inlay_window.txt line : 79
[23:03:58][no_game_date][trigger.cpp:568]: Error: "Unknown trigger-type: JAP_naval_faction_is_tier_1, near line: 79" in file: "common/focus_inlay_windows/jap_imperial_influence_inlay_window.txt" near line: 80
[23:03:58][no_game_date][trigger.cpp:700]: Invalid trigger 'JAP_naval_faction_is_tier_2' in common/focus_inlay_windows/jap_imperial_influence_inlay_window.txt line : 82
[23:03:58][no_game_date][trigger.cpp:568]: Error: "Unknown trigger-type: JAP_naval_faction_is_tier_2, near line: 82" in file: "common/focus_inlay_windows/jap_imperial_influence_inlay_window.txt" near line: 83
[23:03:58][no_game_date][trigger.cpp:700]: Invalid trigger 'JAP_naval_faction_is_tier_3' in common/focus_inlay_windows/jap_imperial_influence_inlay_window.txt line : 85
[23:03:58][no_game_date][trigger.cpp:568]: Error: "Unknown trigger-type: JAP_naval_faction_is_tier_3, near line: 85" in file: "common/focus_inlay_windows/jap_imperial_influence_inlay_window.txt" near line: 86
[23:03:58][no_game_date][trigger.cpp:700]: Invalid trigger 'JAP_naval_faction_is_tier_4' in common/focus_inlay_windows/jap_imperial_influence_inlay_window.txt line : 88
[23:03:58][no_game_date][trigger.cpp:568]: Error: "Unknown trigger-type: JAP_naval_faction_is_tier_4, near line: 88" in file: "common/focus_inlay_windows/jap_imperial_influence_inlay_window.txt" near line: 89
[23:03:58][no_game_date][trigger.cpp:700]: Invalid trigger 'JAP_army_faction_is_not_dominant' in common/focus_inlay_windows/jap_imperial_influence_inlay_window.txt line : 156
[23:03:58][no_game_date][trigger.cpp:568]: Error: "Unknown trigger-type: JAP_army_faction_is_not_dominant, near line: 156" in file: "common/focus_inlay_windows/jap_imperial_influence_inlay_window.txt" near line: 159
[23:03:58][no_game_date][trigger.cpp:700]: Invalid trigger 'JAP_army_faction_is_tier_1' in common/focus_inlay_windows/jap_imperial_influence_inlay_window.txt line : 179
[23:03:58][no_game_date][trigger.cpp:568]: Error: "Unknown trigger-type: JAP_army_faction_is_tier_1, near line: 179" in file: "common/focus_inlay_windows/jap_imperial_influence_inlay_window.txt" near line: 180
[23:03:58][no_game_date][effect.cpp:443]: Invalid effect 'JAP_big_army_faction_gain' in common/focus_inlay_windows/jap_imperial_influence_inlay_window.txt line : 189
[23:03:58][no_game_date][effect.cpp:356]: Error: "Unknown effect-type: JAP_big_army_faction_gain, near line: 189" in file: "common/focus_inlay_windows/jap_imperial_influence_inlay_window.txt" near line: 195
[23:03:58][no_game_date][trigger.cpp:700]: Invalid trigger 'JAP_army_faction_is_not_subdued' in common/focus_inlay_windows/jap_imperial_influence_inlay_window.txt line : 200
[23:03:58][no_game_date][trigger.cpp:568]: Error: "Unknown trigger-type: JAP_army_faction_is_not_subdued, near line: 200" in file: "common/focus_inlay_windows/jap_imperial_influence_inlay_window.txt" near line: 203
[23:03:58][no_game_date][trigger.cpp:700]: Invalid trigger 'JAP_army_faction_is_tier_1' in common/focus_inlay_windows/jap_imperial_influence_inlay_window.txt line : 221
[23:03:58][no_game_date][trigger.cpp:568]: Error: "Unknown trigger-type: JAP_army_faction_is_tier_1, near line: 221" in file: "common/focus_inlay_windows/jap_imperial_influence_inlay_window.txt" near line: 222
[23:03:58][no_game_date][effect.cpp:443]: Invalid effect 'JAP_big_army_faction_loss' in common/focus_inlay_windows/jap_imperial_influence_inlay_window.txt line : 231
[23:03:58][no_game_date][effect.cpp:356]: Error: "Unknown effect-type: JAP_big_army_faction_loss, near line: 231" in file: "common/focus_inlay_windows/jap_imperial_influence_inlay_window.txt" near line: 237
[23:03:58][no_game_date][trigger.cpp:700]: Invalid trigger 'JAP_naval_faction_is_not_dominant' in common/focus_inlay_windows/jap_imperial_influence_inlay_window.txt line : 242
[23:03:58][no_game_date][trigger.cpp:568]: Error: "Unknown trigger-type: JAP_naval_faction_is_not_dominant, near line: 242" in file: "common/focus_inlay_windows/jap_imperial_influence_inlay_window.txt" near line: 245
[23:03:58][no_game_date][trigger.cpp:700]: Invalid trigger 'JAP_naval_faction_is_tier_1' in common/focus_inlay_windows/jap_imperial_influence_inlay_window.txt line : 265
[23:03:58][no_game_date][trigger.cpp:568]: Error: "Unknown trigger-type: JAP_naval_faction_is_tier_1, near line: 265" in file: "common/focus_inlay_windows/jap_imperial_influence_inlay_window.txt" near line: 266
[23:03:58][no_game_date][effect.cpp:443]: Invalid effect 'JAP_big_naval_faction_gain' in common/focus_inlay_windows/jap_imperial_influence_inlay_window.txt line : 275
[23:03:58][no_game_date][effect.cpp:356]: Error: "Unknown effect-type: JAP_big_naval_faction_gain, near line: 275" in file: "common/focus_inlay_windows/jap_imperial_influence_inlay_window.txt" near line: 281
[23:03:58][no_game_date][trigger.cpp:700]: Invalid trigger 'JAP_naval_faction_is_not_subdued' in common/focus_inlay_windows/jap_imperial_influence_inlay_window.txt line : 286
[23:03:58][no_game_date][trigger.cpp:568]: Error: "Unknown trigger-type: JAP_naval_faction_is_not_subdued, near line: 286" in file: "common/focus_inlay_windows/jap_imperial_influence_inlay_window.txt" near line: 289
[23:03:58][no_game_date][trigger.cpp:700]: Invalid trigger 'JAP_naval_faction_is_tier_1' in common/focus_inlay_windows/jap_imperial_influence_inlay_window.txt line : 307
[23:03:58][no_game_date][trigger.cpp:568]: Error: "Unknown trigger-type: JAP_naval_faction_is_tier_1, near line: 307" in file: "common/focus_inlay_windows/jap_imperial_influence_inlay_window.txt" near line: 308
[23:03:58][no_game_date][effect.cpp:443]: Invalid effect 'JAP_big_naval_faction_loss' in common/focus_inlay_windows/jap_imperial_influence_inlay_window.txt line : 317
[23:03:58][no_game_date][effect.cpp:356]: Error: "Unknown effect-type: JAP_big_naval_faction_loss, near line: 317" in file: "common/focus_inlay_windows/jap_imperial_influence_inlay_window.txt" near line: 323
[23:03:58][no_game_date][effect.cpp:443]: Invalid effect 'JAP_big_zaibatsu_faction_gain' in common/focus_inlay_windows/jap_imperial_influence_inlay_window.txt line : 363
[23:03:58][no_game_date][effect.cpp:356]: Error: "Unknown effect-type: JAP_big_zaibatsu_faction_gain, near line: 363" in file: "common/focus_inlay_windows/jap_imperial_influence_inlay_window.txt" near line: 369
[23:03:58][no_game_date][effect.cpp:443]: Invalid effect 'JAP_big_zaibatsu_faction_loss' in common/focus_inlay_windows/jap_imperial_influence_inlay_window.txt line : 407
[23:03:58][no_game_date][effect.cpp:356]: Error: "Unknown effect-type: JAP_big_zaibatsu_faction_loss, near line: 407" in file: "common/focus_inlay_windows/jap_imperial_influence_inlay_window.txt" near line: 413
[23:03:58][no_game_date][effect.cpp:443]: Invalid effect 'JAP_big_government_faction_gain' in common/focus_inlay_windows/jap_imperial_influence_inlay_window.txt line : 453
[23:03:58][no_game_date][effect.cpp:356]: Error: "Unknown effect-type: JAP_big_government_faction_gain, near line: 453" in file: "common/focus_inlay_windows/jap_imperial_influence_inlay_window.txt" near line: 459
[23:03:58][no_game_date][effect.cpp:443]: Invalid effect 'JAP_big_government_faction_loss' in common/focus_inlay_windows/jap_imperial_influence_inlay_window.txt line : 497
[23:03:58][no_game_date][effect.cpp:356]: Error: "Unknown effect-type: JAP_big_government_faction_loss, near line: 497" in file: "common/focus_inlay_windows/jap_imperial_influence_inlay_window.txt" near line: 503
[23:03:58][no_game_date][trigger.cpp:700]: Invalid trigger 'SOV' in common/national_focus/generic.txt line : 2210
[23:03:58][no_game_date][trigger.cpp:568]: Error: "Unknown trigger-type: SOV, near line: 2210" in file: "common/national_focus/generic.txt" near line: 2211
[23:03:58][no_game_date][effect.cpp:356]: Error: "Invalid date: 1001.1. Expected date in format "YYYY.MM.DD.HH": 1001.1, near line: 21" in file: "history/countries/BRU - Bruvergnamie.txt" near line: 24
[23:03:58][no_game_date][musicmanager.cpp:137]: Missing music_station faceplate GUI component containerWindowType with name: sabaton_faceplate
[23:03:58][no_game_date][pdx_audio.cpp:1369]: Could not find music named hearts_of_iron
[23:03:58][no_game_date][pdx_audio.cpp:1369]: Could not find music named night_witches
[23:03:58][no_game_date][pdx_audio.cpp:1369]: Could not find music named primo_victoria
[23:03:58][no_game_date][pdx_audio.cpp:1369]: Could not find music named stalingrad
[23:03:58][no_game_date][pdx_audio.cpp:1369]: Could not find music named wolfpack
[23:03:58][no_game_date][musicmanager.cpp:137]: Missing music_station faceplate GUI component containerWindowType with name: sabaton_faceplate
[23:03:58][no_game_date][pdx_audio.cpp:1369]: Could not find music named fourty_to_one
[23:03:58][no_game_date][pdx_audio.cpp:1369]: Could not find music named coat_of_arms
[23:03:58][no_game_date][pdx_audio.cpp:1369]: Could not find music named ghost_division
[23:03:58][no_game_date][pdx_audio.cpp:1369]: Could not find music named panzerkampf
[23:03:58][no_game_date][pdx_audio.cpp:1369]: Could not find music named resist_and_bite
[23:03:58][no_game_date][pdx_audio.cpp:1369]: Could not find music named screaming_eagles
[23:03:58][no_game_date][pdx_audio.cpp:1369]: Could not find music named smoking_snakes
[23:03:58][no_game_date][pdx_audio.cpp:1369]: Could not find music named the_last_battle
[23:03:58][no_game_date][pdx_audio.cpp:1369]: Could not find music named to_hell_and_back
[23:03:58][no_game_date][pdx_audio.cpp:1369]: Could not find music named uprising
[23:03:58][no_game_date][trigger.cpp:700]: Invalid trigger 'should_play_south_american_music' in music/toa_songs.txt line : 15
[23:03:58][no_game_date][trigger.cpp:568]: Error: "Unknown trigger-type: should_play_south_american_music, near line: 15" in file: "music/toa_songs.txt" near line: 16
[23:03:58][no_game_date][trigger.cpp:700]: Invalid trigger 'should_play_south_american_music' in music/toa_songs.txt line : 19
[23:03:58][no_game_date][trigger.cpp:700]: Invalid trigger 'should_play_south_american_music' in music/toa_songs.txt line : 21
[23:03:58][no_game_date][trigger.cpp:568]: Error: "Unknown trigger-type: should_play_south_american_music, near line: 19
Unknown trigger-type: should_play_south_american_music, near line: 21" in file: "music/toa_songs.txt" near line: 22
[23:03:58][no_game_date][trigger.cpp:700]: Invalid trigger 'should_play_south_american_music' in music/toa_songs.txt line : 37
[23:03:58][no_game_date][trigger.cpp:568]: Error: "Unknown trigger-type: should_play_south_american_music, near line: 37" in file: "music/toa_songs.txt" near line: 38
[23:03:58][no_game_date][trigger.cpp:700]: Invalid trigger 'should_play_south_american_music' in music/toa_songs.txt line : 41
[23:03:58][no_game_date][trigger.cpp:700]: Invalid trigger 'should_play_south_american_music' in music/toa_songs.txt line : 43
[23:03:58][no_game_date][trigger.cpp:568]: Error: "Unknown trigger-type: should_play_south_american_music, near line: 41
Unknown trigger-type: should_play_south_american_music, near line: 43" in file: "music/toa_songs.txt" near line: 44
[23:03:58][no_game_date][trigger.cpp:700]: Invalid trigger 'should_play_south_american_music' in music/toa_songs.txt line : 61
[23:03:58][no_game_date][trigger.cpp:568]: Error: "Unknown trigger-type: should_play_south_american_music, near line: 61" in file: "music/toa_songs.txt" near line: 62
[23:03:58][no_game_date][trigger.cpp:700]: Invalid trigger 'should_play_south_american_music' in music/toa_songs.txt line : 65
[23:03:58][no_game_date][trigger.cpp:700]: Invalid trigger 'should_play_south_american_music' in music/toa_songs.txt line : 67
[23:03:58][no_game_date][trigger.cpp:568]: Error: "Unknown trigger-type: should_play_south_american_music, near line: 65
Unknown trigger-type: should_play_south_american_music, near line: 67" in file: "music/toa_songs.txt" near line: 68
[23:03:58][no_game_date][trigger.cpp:700]: Invalid trigger 'should_play_south_american_music' in music/toa_songs.txt line : 91
[23:03:58][no_game_date][trigger.cpp:568]: Error: "Unknown trigger-type: should_play_south_american_music, near line: 91" in file: "music/toa_songs.txt" near line: 92
[23:03:58][no_game_date][trigger.cpp:700]: Invalid trigger 'should_play_south_american_music' in music/toa_songs.txt line : 95
[23:03:58][no_game_date][trigger.cpp:700]: Invalid trigger 'should_play_south_american_music' in music/toa_songs.txt line : 97
[23:03:58][no_game_date][trigger.cpp:568]: Error: "Unknown trigger-type: should_play_south_american_music, near line: 95
Unknown trigger-type: should_play_south_american_music, near line: 97" in file: "music/toa_songs.txt" near line: 98
[23:03:58][no_game_date][trigger.cpp:700]: Invalid trigger 'should_play_south_american_music' in music/toa_songs.txt line : 115
[23:03:58][no_game_date][trigger.cpp:568]: Error: "Unknown trigger-type: should_play_south_american_music, near line: 115" in file: "music/toa_songs.txt" near line: 116
[23:03:58][no_game_date][trigger.cpp:700]: Invalid trigger 'should_play_south_american_music' in music/toa_songs.txt line : 119
[23:03:58][no_game_date][trigger.cpp:700]: Invalid trigger 'should_play_south_american_music' in music/toa_songs.txt line : 121
[23:03:58][no_game_date][trigger.cpp:568]: Error: "Unknown trigger-type: should_play_south_american_music, near line: 119
Unknown trigger-type: should_play_south_american_music, near line: 121" in file: "music/toa_songs.txt" near line: 122
[23:03:58][no_game_date][trigger.cpp:700]: Invalid trigger 'should_play_south_american_music' in music/toa_songs.txt line : 141
[23:03:58][no_game_date][trigger.cpp:568]: Error: "Unknown trigger-type: should_play_south_american_music, near line: 141" in file: "music/toa_songs.txt" near line: 142
[23:03:58][no_game_date][trigger.cpp:700]: Invalid trigger 'should_play_south_american_music' in music/toa_songs.txt line : 145
[23:03:58][no_game_date][trigger.cpp:700]: Invalid trigger 'should_play_south_american_music' in music/toa_songs.txt line : 147
[23:03:58][no_game_date][trigger.cpp:568]: Error: "Unknown trigger-type: should_play_south_american_music, near line: 145
Unknown trigger-type: should_play_south_american_music, near line: 147" in file: "music/toa_songs.txt" near line: 148
[23:03:58][no_game_date][lexer.cpp:229]: Tried to get dynamic token that does not exist: coal
[23:03:58][no_game_date][database_scoped_variables.cpp:62]: invalid database object for effect/trigger:  file: common/scripted_effects/toolpack_scripted_effects.txt line: 4549 ship_hull_cruiser. use var:var_name to explicitly use variables in effects/triggers
[23:03:58][no_game_date][database_scoped_variables.cpp:62]: invalid database object for effect/trigger:  file: common/scripted_effects/toolpack_scripted_effects.txt line: 4558 ship_hull_heavy. use var:var_name to explicitly use variables in effects/triggers
[23:03:58][no_game_date][database_scoped_variables.cpp:62]: invalid database object for effect/trigger:  file: common/scripted_effects/toolpack_scripted_effects.txt line: 4567 ship_hull_heavy. use var:var_name to explicitly use variables in effects/triggers
[23:03:58][no_game_date][database_scoped_variables.cpp:62]: invalid database object for effect/trigger:  file: common/scripted_effects/toolpack_scripted_effects.txt line: 4576 ship_hull_heavy. use var:var_name to explicitly use variables in effects/triggers
[23:03:58][no_game_date][database_scoped_variables.cpp:62]: invalid database object for effect/trigger:  file: common/scripted_guis/cat.txt line: 133 ship_hull_cruiser. use var:var_name to explicitly use variables in effects/triggers
[23:03:58][no_game_date][database_scoped_variables.cpp:62]: invalid database object for effect/trigger:  file: common/scripted_guis/cat.txt line: 137 ship_hull_heavy. use var:var_name to explicitly use variables in effects/triggers
[23:03:58][no_game_date][trigger.cpp:700]: Invalid trigger 'MAN' in common/scripted_guis/cpt.txt line : 1267
[23:03:58][no_game_date][trigger.cpp:568]: Error: "Unknown trigger-type: MAN, near line: 1267" in file: "common/scripted_guis/cpt.txt" near line: 1267
[23:03:58][no_game_date][trigger.cpp:700]: Invalid trigger 'MAN' in common/scripted_guis/cpt.txt line : 1299
[23:03:58][no_game_date][trigger.cpp:568]: Error: "Unknown trigger-type: MAN, near line: 1299" in file: "common/scripted_guis/cpt.txt" near line: 1299
[23:03:58][no_game_date][trigger.cpp:700]: Invalid trigger 'MAN' in common/scripted_guis/cpt.txt line : 1331
[23:03:58][no_game_date][trigger.cpp:568]: Error: "Unknown trigger-type: MAN, near line: 1331" in file: "common/scripted_guis/cpt.txt" near line: 1331
[23:03:58][no_game_date][trigger.cpp:700]: Invalid trigger 'MAN' in common/scripted_guis/cpt.txt line : 1363
[23:03:58][no_game_date][trigger.cpp:568]: Error: "Unknown trigger-type: MAN, near line: 1363" in file: "common/scripted_guis/cpt.txt" near line: 1363
[23:03:58][no_game_date][trigger.cpp:700]: Invalid trigger 'MAN' in common/scripted_guis/cpt.txt line : 1395
[23:03:58][no_game_date][trigger.cpp:568]: Error: "Unknown trigger-type: MAN, near line: 1395" in file: "common/scripted_guis/cpt.txt" near line: 1395
[23:03:58][no_game_date][trigger.cpp:700]: Invalid trigger 'MAN' in common/scripted_guis/cpt.txt line : 1426
[23:03:58][no_game_date][trigger.cpp:568]: Error: "Unknown trigger-type: MAN, near line: 1426" in file: "common/scripted_guis/cpt.txt" near line: 1426
[23:03:58][no_game_date][trigger.cpp:700]: Invalid trigger 'MAN' in common/scripted_guis/cpt.txt line : 1446
[23:03:58][no_game_date][trigger.cpp:568]: Error: "Unknown trigger-type: MAN, near line: 1446" in file: "common/scripted_guis/cpt.txt" near line: 1454
[23:03:58][no_game_date][trigger.cpp:700]: Invalid trigger 'MAN' in common/scripted_guis/cpt.txt line : 1466
[23:03:58][no_game_date][trigger.cpp:568]: Error: "Unknown trigger-type: MAN, near line: 1466" in file: "common/scripted_guis/cpt.txt" near line: 1474
[23:03:58][no_game_date][trigger.cpp:700]: Invalid trigger 'MAN' in common/scripted_guis/cpt.txt line : 1486
[23:03:58][no_game_date][trigger.cpp:568]: Error: "Unknown trigger-type: MAN, near line: 1486" in file: "common/scripted_guis/cpt.txt" near line: 1494
[23:03:58][no_game_date][trigger.cpp:700]: Invalid trigger 'MAN' in common/scripted_guis/cpt.txt line : 1506
[23:03:58][no_game_date][trigger.cpp:568]: Error: "Unknown trigger-type: MAN, near line: 1506" in file: "common/scripted_guis/cpt.txt" near line: 1514
[23:03:58][no_game_date][trigger.cpp:700]: Invalid trigger 'MAN' in common/scripted_guis/cpt.txt line : 1526
[23:03:58][no_game_date][trigger.cpp:568]: Error: "Unknown trigger-type: MAN, near line: 1526" in file: "common/scripted_guis/cpt.txt" near line: 1534
[23:03:58][no_game_date][trigger.cpp:700]: Invalid trigger 'MAN' in common/scripted_guis/cpt.txt line : 1546
[23:03:58][no_game_date][trigger.cpp:568]: Error: "Unknown trigger-type: MAN, near line: 1546" in file: "common/scripted_guis/cpt.txt" near line: 1554
[23:03:58][no_game_date][trigger.cpp:700]: Invalid trigger 'MAN' in common/scripted_guis/cpt.txt line : 1566
[23:03:58][no_game_date][trigger.cpp:568]: Error: "Unknown trigger-type: MAN, near line: 1566" in file: "common/scripted_guis/cpt.txt" near line: 1574
[23:03:58][no_game_date][trigger.cpp:700]: Invalid trigger 'MAN' in common/scripted_guis/cpt.txt line : 1586
[23:03:58][no_game_date][trigger.cpp:568]: Error: "Unknown trigger-type: MAN, near line: 1586" in file: "common/scripted_guis/cpt.txt" near line: 1594
[23:03:58][no_game_date][lexer.cpp:229]: Tried to get dynamic token that does not exist: coal
[23:03:58][no_game_date][effect.cpp:356]: Error: "common/scripted_guis/rmt.txt:185 Invalid resource: coal: type, near line: 186" in file: "common/scripted_guis/rmt.txt" near line: 188
[23:03:58][no_game_date][lexer.cpp:229]: Tried to get dynamic token that does not exist: coal
[23:03:58][no_game_date][effect.cpp:356]: Error: "common/scripted_guis/rmt.txt:248 Invalid resource: coal: type, near line: 249" in file: "common/scripted_guis/rmt.txt" near line: 251
[23:03:58][no_game_date][lexer.cpp:229]: Tried to get dynamic token that does not exist: coal
[23:03:58][no_game_date][effect.cpp:356]: Error: "common/scripted_guis/rmt.txt:325 Invalid resource: coal: type, near line: 326" in file: "common/scripted_guis/rmt.txt" near line: 328
[23:03:58][no_game_date][lexer.cpp:229]: Tried to get dynamic token that does not exist: coal
[23:03:58][no_game_date][effect.cpp:356]: Error: "common/scripted_guis/rmt.txt:388 Invalid resource: coal: type, near line: 389" in file: "common/scripted_guis/rmt.txt" near line: 391
[23:03:58][no_game_date][lexer.cpp:229]: Tried to get dynamic token that does not exist: coal
[23:03:58][no_game_date][effect.cpp:356]: Error: "common/scripted_guis/rmt.txt:465 Invalid resource: coal: type, near line: 466" in file: "common/scripted_guis/rmt.txt" near line: 468
[23:03:58][no_game_date][lexer.cpp:229]: Tried to get dynamic token that does not exist: coal
[23:03:58][no_game_date][effect.cpp:356]: Error: "common/scripted_guis/rmt.txt:528 Invalid resource: coal: type, near line: 529" in file: "common/scripted_guis/rmt.txt" near line: 531
[23:03:58][no_game_date][lexer.cpp:229]: Tried to get dynamic token that does not exist: coal
[23:03:58][no_game_date][effect.cpp:356]: Error: "common/scripted_guis/rmt.txt:605 Invalid resource: coal: type, near line: 606" in file: "common/scripted_guis/rmt.txt" near line: 608
[23:03:58][no_game_date][lexer.cpp:229]: Tried to get dynamic token that does not exist: coal
[23:03:58][no_game_date][effect.cpp:356]: Error: "common/scripted_guis/rmt.txt:668 Invalid resource: coal: type, near line: 669" in file: "common/scripted_guis/rmt.txt" near line: 671
[23:03:58][no_game_date][lexer.cpp:229]: Tried to get dynamic token that does not exist: coal
[23:03:58][no_game_date][effect.cpp:356]: Error: "common/scripted_guis/rmt.txt:745 Invalid resource: coal: type, near line: 746" in file: "common/scripted_guis/rmt.txt" near line: 748
[23:03:58][no_game_date][lexer.cpp:229]: Tried to get dynamic token that does not exist: coal
[23:03:58][no_game_date][effect.cpp:356]: Error: "common/scripted_guis/rmt.txt:812 Invalid resource: coal: type, near line: 813" in file: "common/scripted_guis/rmt.txt" near line: 815
[23:03:58][no_game_date][lexer.cpp:229]: Tried to get dynamic token that does not exist: coal
[23:03:58][no_game_date][effect.cpp:356]: Error: "common/scripted_guis/rmt.txt:893 Invalid resource: coal: type, near line: 894" in file: "common/scripted_guis/rmt.txt" near line: 896
[23:03:58][no_game_date][lexer.cpp:229]: Tried to get dynamic token that does not exist: coal
[23:03:58][no_game_date][effect.cpp:356]: Error: "common/scripted_guis/rmt.txt:960 Invalid resource: coal: type, near line: 961" in file: "common/scripted_guis/rmt.txt" near line: 963
[23:03:58][no_game_date][lexer.cpp:229]: Tried to get dynamic token that does not exist: coal
[23:03:58][no_game_date][effect.cpp:356]: Error: "common/scripted_guis/rmt.txt:1041 Invalid resource: coal: type, near line: 1042" in file: "common/scripted_guis/rmt.txt" near line: 1044
[23:03:58][no_game_date][lexer.cpp:229]: Tried to get dynamic token that does not exist: coal
[23:03:58][no_game_date][effect.cpp:356]: Error: "common/scripted_guis/rmt.txt:1108 Invalid resource: coal: type, near line: 1109" in file: "common/scripted_guis/rmt.txt" near line: 1111
[23:03:58][no_game_date][lexer.cpp:229]: Tried to get dynamic token that does not exist: coal
[23:03:58][no_game_date][effect.cpp:356]: Error: "common/scripted_guis/rmt.txt:1189 Invalid resource: coal: type, near line: 1190" in file: "common/scripted_guis/rmt.txt" near line: 1192
[23:03:58][no_game_date][lexer.cpp:229]: Tried to get dynamic token that does not exist: coal
[23:03:58][no_game_date][effect.cpp:356]: Error: "common/scripted_guis/rmt.txt:1256 Invalid resource: coal: type, near line: 1257" in file: "common/scripted_guis/rmt.txt" near line: 1259
[23:03:58][no_game_date][faction_rule.cpp:52]: Peace action modifier 'faction_rule_modifier_encourage_puppet' referenced in 'faction_peace_rule_puppeting_focus' is missing or is not a faction modifier (NOTE: peace action modifiers used by faction rules must use 'faction_modifier = yes')
[23:03:58][no_game_date][faction_rule.cpp:52]: Peace action modifier 'faction_rule_modifier_discourage_puppet' referenced in 'faction_peace_rule_no_puppeting' is missing or is not a faction modifier (NOTE: peace action modifiers used by faction rules must use 'faction_modifier = yes')
[23:03:58][no_game_date][faction_rule.cpp:52]: Peace action modifier 'faction_rule_modifier_encourage_liberate' referenced in 'faction_peace_rule_liberation_focus' is missing or is not a faction modifier (NOTE: peace action modifiers used by faction rules must use 'faction_modifier = yes')
[23:03:58][no_game_date][faction_rule.cpp:52]: Peace action modifier 'faction_rule_modifier_encourage_force_government' referenced in 'faction_peace_rule_ideology_focus' is missing or is not a faction modifier (NOTE: peace action modifiers used by faction rules must use 'faction_modifier = yes')
[23:03:58][no_game_date][faction_rule.cpp:52]: Peace action modifier 'faction_rule_modifier_encourage_take_states' referenced in 'faction_peace_rule_conquest_focus' is missing or is not a faction modifier (NOTE: peace action modifiers used by faction rules must use 'faction_modifier = yes')
[23:03:58][no_game_date][faction_rule.cpp:52]: Peace action modifier 'faction_rule_modifier_encourage_take_claimed_states' referenced in 'faction_peace_take_claimed_focus' is missing or is not a faction modifier (NOTE: peace action modifiers used by faction rules must use 'faction_modifier = yes')
[23:03:58][no_game_date][faction_rule.cpp:52]: Peace action modifier 'faction_rule_modifier_encourage_chinese_states' referenced in 'faction_peace_china_focus' is missing or is not a faction modifier (NOTE: peace action modifiers used by faction rules must use 'faction_modifier = yes')
[23:03:58][no_game_date][unit_stats.cpp:304]: carrier_sub_detection is an equipment stat (cf. EQUIPMENT_STATS_META in code) but is not listed in script enum script_enum_equipment_stat
[23:03:58][no_game_date][unit_stats.cpp:304]: carrier_surface_detection is an equipment stat (cf. EQUIPMENT_STATS_META in code) but is not listed in script enum script_enum_equipment_stat
[23:03:58][no_game_date][unit_stats.cpp:304]: submarine_carrier_size is an equipment stat (cf. EQUIPMENT_STATS_META in code) but is not listed in script enum script_enum_equipment_stat
[23:03:58][no_game_date][equipment_category.cpp:364]: support_ship is an equipment stat (cf. EQUIPMENT_CATEGORY_META in code) but is not listed in script enum script_enum_equipment_category
[23:03:58][no_game_date][equipment_database.cpp:655]: support_ship is an equipment type or equipment category but is not in script enum script_enum_equipment_bonus_type. This script enum is used as documentation and should be updated at the same time as either game/common/units/equipment or the equipment categories (hardcoded in code).
[23:03:59][no_game_date][database_scoped_variables.cpp:266]: invalid database object for effect/trigger: masterful_blitz. use var:var_name to explicitly use variables in effects/triggers
[23:03:59][no_game_date][database_scoped_variables.cpp:266]: invalid database object for effect/trigger: amphibious_tank_chassis. use var:var_name to explicitly use variables in effects/triggers
[23:03:59][no_game_date][database_scoped_variables.cpp:266]: invalid database object for effect/trigger: coastal_fort_tech_2. use var:var_name to explicitly use variables in effects/triggers
[23:03:59][no_game_date][database_scoped_variables.cpp:266]: invalid database object for effect/trigger: land_fort_tech_2. use var:var_name to explicitly use variables in effects/triggers
[23:03:59][no_game_date][database_scoped_variables.cpp:266]: invalid database object for effect/trigger: coastal_fort_tech_2. use var:var_name to explicitly use variables in effects/triggers
[23:03:59][no_game_date][database_scoped_variables.cpp:266]: invalid database object for effect/trigger: land_fort_tech_2. use var:var_name to explicitly use variables in effects/triggers
[23:03:59][no_game_date][database_scoped_variables.cpp:266]: invalid database object for effect/trigger: basic_fortification_tech. use var:var_name to explicitly use variables in effects/triggers
[23:03:59][no_game_date][database_scoped_variables.cpp:266]: invalid database object for effect/trigger: fleet_in_being. use var:var_name to explicitly use variables in effects/triggers
[23:03:59][no_game_date][database_scoped_variables.cpp:266]: invalid database object for effect/trigger: cavity_magnatron. use var:var_name to explicitly use variables in effects/triggers
[23:03:59][no_game_date][database_scoped_variables.cpp:266]: invalid database object for effect/trigger: phased_array. use var:var_name to explicitly use variables in effects/triggers
[23:03:59][no_game_date][database_scoped_variables.cpp:266]: invalid database object for effect/trigger: monopulse_radar. use var:var_name to explicitly use variables in effects/triggers
[23:03:59][no_game_date][database_scoped_variables.cpp:266]: invalid database object for effect/trigger: cavity_magnatron. use var:var_name to explicitly use variables in effects/triggers
[23:03:59][no_game_date][database_scoped_variables.cpp:266]: invalid database object for effect/trigger: phased_array. use var:var_name to explicitly use variables in effects/triggers
[23:03:59][no_game_date][database_scoped_variables.cpp:266]: invalid database object for effect/trigger: monopulse_radar. use var:var_name to explicitly use variables in effects/triggers
[23:03:59][no_game_date][database_scoped_variables.cpp:266]: invalid database object for effect/trigger: nuclear_reactor. use var:var_name to explicitly use variables in effects/triggers
[23:03:59][no_game_date][database_scoped_variables.cpp:266]: invalid database object for effect/trigger: nuclear_reactor. use var:var_name to explicitly use variables in effects/triggers
[23:03:59][no_game_date][database_scoped_variables.cpp:266]: invalid database object for effect/trigger: cavity_magnatron. use var:var_name to explicitly use variables in effects/triggers
[23:03:59][no_game_date][database_scoped_variables.cpp:266]: invalid database object for effect/trigger: phased_array. use var:var_name to explicitly use variables in effects/triggers
[23:03:59][no_game_date][database_scoped_variables.cpp:266]: invalid database object for effect/trigger: monopulse_radar. use var:var_name to explicitly use variables in effects/triggers
[23:03:59][no_game_date][database_scoped_variables.cpp:266]: invalid database object for effect/trigger: cavity_magnatron. use var:var_name to explicitly use variables in effects/triggers
[23:03:59][no_game_date][database_scoped_variables.cpp:266]: invalid database object for effect/trigger: phased_array. use var:var_name to explicitly use variables in effects/triggers
[23:03:59][no_game_date][database_scoped_variables.cpp:266]: invalid database object for effect/trigger: monopulse_radar. use var:var_name to explicitly use variables in effects/triggers
[23:03:59][no_game_date][database_scoped_variables.cpp:266]: invalid database object for effect/trigger: nuclear_reactor. use var:var_name to explicitly use variables in effects/triggers
[23:03:59][no_game_date][database_scoped_variables.cpp:266]: invalid database object for effect/trigger: nuclear_reactor. use var:var_name to explicitly use variables in effects/triggers
[23:03:59][no_game_date][database_scoped_variables.cpp:266]: invalid database object for effect/trigger: trench_warfare. use var:var_name to explicitly use variables in effects/triggers
[23:03:59][no_game_date][database_scoped_variables.cpp:266]: invalid database object for effect/trigger: fleet_in_being. use var:var_name to explicitly use variables in effects/triggers
[23:03:59][no_game_date][triggerimplementation.cpp:3608]: Invalid focus scripted in trigger. has_completed_focus = PRC_raid_weapon_depots (common/raids/land_infiltration_custom.txt:73: has_completed_focus)
[23:03:59][no_game_date][trigger.cpp:117]: Trigger failed to validate: common/raids/land_infiltration_custom.txt:73: has_completed_focus
[23:03:59][no_game_date][triggerimplementation.cpp:3608]: Invalid focus scripted in trigger. has_completed_focus = PRC_raiding_parties (common/raids/land_infiltration_custom.txt:74: has_completed_focus)
[23:03:59][no_game_date][trigger.cpp:117]: Trigger failed to validate: common/raids/land_infiltration_custom.txt:74: has_completed_focus
[23:03:59][no_game_date][triggerimplementation.cpp:14774]: common/raids/land_infiltration_custom.txt:85: has_dynamic_modifierInvalid dynamic modifier PRC_anti_japanese_base
[23:03:59][no_game_date][trigger.cpp:117]: Trigger failed to validate: common/raids/land_infiltration_custom.txt:85: has_dynamic_modifier
[23:03:59][no_game_date][triggerimplementation.cpp:14774]: common/raids/land_infiltration_custom.txt:88: has_dynamic_modifierInvalid dynamic modifier PRC_guerilla_cells_active_1
[23:03:59][no_game_date][trigger.cpp:117]: Trigger failed to validate: common/raids/land_infiltration_custom.txt:88: has_dynamic_modifier
[23:03:59][no_game_date][triggerimplementation.cpp:14774]: common/raids/land_infiltration_custom.txt:91: has_dynamic_modifierInvalid dynamic modifier PRC_guerilla_cells_active_2
[23:03:59][no_game_date][trigger.cpp:117]: Trigger failed to validate: common/raids/land_infiltration_custom.txt:91: has_dynamic_modifier
[23:03:59][no_game_date][triggerimplementation.cpp:3608]: Invalid focus scripted in trigger. has_completed_focus = PRC_know_the_enemy (common/raids/land_infiltration_custom.txt:499: has_completed_focus)
[23:03:59][no_game_date][trigger.cpp:117]: Trigger failed to validate: common/raids/land_infiltration_custom.txt:499: has_completed_focus
[23:03:59][no_game_date][triggerimplementation.cpp:3608]: Invalid focus scripted in trigger. has_completed_focus = NOR_officers_academy (common/ideas/army_spirits.txt:283: has_completed_focus)
[23:03:59][no_game_date][trigger.cpp:117]: Trigger failed to validate: common/ideas/army_spirits.txt:283: has_completed_focus
[23:03:59][no_game_date][triggerimplementation.cpp:3608]: Invalid focus scripted in trigger. has_completed_focus = KTZ_the_legitimate_heir (common/decisions/CKG_decisions.txt:221: has_completed_focus)
[23:03:59][no_game_date][trigger.cpp:117]: Trigger failed to validate: common/decisions/CKG_decisions.txt:221: has_completed_focus
[23:03:59][no_game_date][triggerimplementation.cpp:3608]: Invalid focus scripted in trigger. has_completed_focus = JAP_the_labor_farmer_faction_ascendant (common/focus_inlay_windows/jap_imperial_influence_inlay_window.txt:47: has_completed_focus)
[23:03:59][no_game_date][trigger.cpp:117]: Trigger failed to validate: common/focus_inlay_windows/jap_imperial_influence_inlay_window.txt:47: has_completed_focus
[23:03:59][no_game_date][triggerimplementation.cpp:3608]: Invalid focus scripted in trigger. has_completed_focus = JAP_the_labor_farmer_faction_ascendant (common/focus_inlay_windows/jap_imperial_influence_inlay_window.txt:52: has_completed_focus)
[23:03:59][no_game_date][trigger.cpp:117]: Trigger failed to validate: common/focus_inlay_windows/jap_imperial_influence_inlay_window.txt:52: has_completed_focus
[23:03:59][no_game_date][triggerimplementation.cpp:3608]: Invalid focus scripted in trigger. has_completed_focus = FRA_the_council_of_rambouillet (music/lar_preorder_songs.txt:17: has_completed_focus)
[23:03:59][no_game_date][trigger.cpp:117]: Trigger failed to validate: music/lar_preorder_songs.txt:17: has_completed_focus
[23:03:59][no_game_date][triggerimplementation.cpp:10326]: Failed to find autonomy_state: autonomy_wtt_imperial_protectorate for has_autonomy_state trigger.
[23:03:59][no_game_date][trigger.cpp:117]: Trigger failed to validate: common/scripted_localisation/cpt_loc.txt:74: has_autonomy_state
[23:03:59][no_game_date][triggerimplementation.cpp:10326]: Failed to find autonomy_state: autonomy_wtt_imperial_associate for has_autonomy_state trigger.
[23:03:59][no_game_date][trigger.cpp:117]: Trigger failed to validate: common/scripted_localisation/cpt_loc.txt:80: has_autonomy_state
[23:03:59][no_game_date][triggerimplementation.cpp:10326]: Failed to find autonomy_state: autonomy_wtt_imperial_subject for has_autonomy_state trigger.
[23:03:59][no_game_date][trigger.cpp:117]: Trigger failed to validate: common/scripted_localisation/cpt_loc.txt:86: has_autonomy_state
[23:03:59][no_game_date][triggerimplementation.cpp:3608]: Invalid focus scripted in trigger. has_completed_focus = KTZ_the_legitimate_heir (common/scripted_localisation/lok_scripted_loc.txt:349: has_completed_focus)
[23:03:59][no_game_date][trigger.cpp:117]: Trigger failed to validate: common/scripted_localisation/lok_scripted_loc.txt:349: has_completed_focus
[23:03:59][no_game_date][effect.cpp:811]: common/doctrines/subdoctrines/land/combat_support_subdoctrines.txt:275: add_tech_bonus: Unknown technology category helicopter_tech
[23:03:59][no_game_date][effectimplementation.cpp:19338]: common/raids/land_infiltration_custom.txt:684: add_dynamic_modifier Invalid dynamic modifier PRC_probed_border_defenses
[23:03:59][no_game_date][effectimplementation.cpp:19338]: common/raids/land_infiltration_custom.txt:800: add_dynamic_modifier Invalid dynamic modifier PRC_infiltrated_border_defenses
[23:03:59][no_game_date][effectimplementation.cpp:19338]: common/raids/land_infiltration_custom.txt:807: add_dynamic_modifier Invalid dynamic modifier PRC_probed_border_defenses_victim
[23:03:59][no_game_date][effectimplementation.cpp:19338]: common/raids/land_infiltration_custom.txt:921: add_dynamic_modifier Invalid dynamic modifier PRC_sabotaged_border_defenses
[23:03:59][no_game_date][effectimplementation.cpp:19338]: common/raids/land_infiltration_custom.txt:926: add_dynamic_modifier Invalid dynamic modifier PRC_probed_border_defenses_victim_massive
[23:03:59][no_game_date][effect.cpp:811]: common/national_focus/generic.txt:2015: add_timed_idea: Invalid idea: nationalism. If you wanted to reference a variable, you need to explicitly prefix it with var: or temp_var:.
[23:04:00][no_game_date][database_scoped_variables.cpp:62]: invalid database object for effect/trigger:  file: common/scripted_effects/toolpack_scripted_effects.txt line: 4549 ship_hull_cruiser. use var:var_name to explicitly use variables in effects/triggers
[23:04:00][no_game_date][database_scoped_variables.cpp:62]: invalid database object for effect/trigger:  file: common/scripted_effects/toolpack_scripted_effects.txt line: 4558 ship_hull_heavy. use var:var_name to explicitly use variables in effects/triggers
[23:04:00][no_game_date][database_scoped_variables.cpp:62]: invalid database object for effect/trigger:  file: common/scripted_effects/toolpack_scripted_effects.txt line: 4567 ship_hull_heavy. use var:var_name to explicitly use variables in effects/triggers
[23:04:00][no_game_date][database_scoped_variables.cpp:62]: invalid database object for effect/trigger:  file: common/scripted_effects/toolpack_scripted_effects.txt line: 4576 ship_hull_heavy. use var:var_name to explicitly use variables in effects/triggers
[23:04:00][no_game_date][gameitemdatabase.h:323]: 4 errors.
[23:04:00][no_game_date][gameitemdatabase.h:335]: =============================
[23:04:00][no_game_date][flagtextureatlas.cpp:524]: Error loading flag for country KTS : Ideology communism : Path gfx/flags/ : File not found
[23:04:00][no_game_date][flagtextureatlas.cpp:524]: Error loading flag for country KTS : Ideology communism : Path gfx/flags/medium/ : File not found
[23:04:00][no_game_date][flagtextureatlas.cpp:524]: Error loading flag for country KTS : Ideology communism : Path gfx/flags/small/ : File not found
[23:04:03][no_game_date][gameapplication.cpp:842]: The game has loc key collisions. Check logs/text.log for more details
[23:04:04][0100.01.01.12][effect.cpp:356]: Error: "Invalid date: 1001.1. Expected date in format "YYYY.MM.DD.HH": 1001.1, near line: 21" in file: "history/countries/BRU - Bruvergnamie.txt" near line: 24
[23:04:04][0100.01.01.12][database_scoped_variables.cpp:266]: invalid database object for effect/trigger: fleet_in_being. use var:var_name to explicitly use variables in effects/triggers
[23:04:05][0100.01.01.12][technology_effect_implementation.cpp:992]: history/countries/TAK - Takicardie.txt:10: set_technology: Invalid tech
[23:04:06][0100.01.01.12][gui.cpp:931]: Undefined GUI_TYPE: change_background - This will most likely crash the game
[23:04:06][0100.01.01.12][gui.cpp:409]: Error: Failed to create containerWindowType "change_background".
[23:04:06][0100.01.01.12][containerwindow.cpp:991]:  (line -1 ): Could not find "background_selection" in window 
[23:04:06][0100.01.01.12][containerwindow.cpp:991]:  (line -1 ): Could not find "background_selection_list" in window 
[23:04:06][0100.01.01.12][containerwindow.cpp:983]:  (line -1 ): Could not find "available_backgrounds" in window 
[23:04:06][0100.01.01.12][containerwindow.cpp:927]:  (line -1 ): Could not find "select_all_checkbox" in window 
[23:04:06][0100.01.01.12][containerwindow.cpp:1026]:  (line -1 ): Could not find "change_background_button" in window 
[23:04:08][0100.01.01.12][flagtextureatlas.cpp:524]: Error loading flag for country KTS : Ideology neutrality : Path gfx/flags/ : File not found
[23:04:08][0100.01.01.12][flagtextureatlas.cpp:524]: Error loading flag for country KTS : Ideology neutrality : Path gfx/flags/medium/ : File not found
[23:04:08][0100.01.01.12][flagtextureatlas.cpp:524]: Error loading flag for country KTS : Ideology neutrality : Path gfx/flags/small/ : File not found
[23:04:13][0100.01.01.12][containerwindow.cpp:1026]: interface/frontendgamesetupview.gui (line 127 ): Could not find "country_shine" in window country_entry
[23:04:13][0100.01.01.12][containerwindow.cpp:1026]: interface/frontendgamesetupview.gui (line 127 ): Could not find "country_shine" in window country_entry
[23:04:13][0100.01.01.12][containerwindow.cpp:1026]: interface/frontendgamesetupview.gui (line 127 ): Could not find "country_shine" in window country_entry
[23:04:18][0100.01.01.12][equipmentpool.cpp:1517]: Trying to fill variant where none exist from type: heavy_tank_chassis belonging to Katsilbershirts
[23:04:18][0100.01.01.12][equipmentpool.cpp:1517]: Trying to fill variant where none exist from type: heavy_tank_artillery_chassis belonging to Katsilbershirts
[23:04:18][0100.01.01.12][unit.cpp:3626]: 1. Katzen-Angriffgruppe ( SIL ) unit in 5973 has locked equipment requirements: heavy_tank_chassis, heavy_tank_artillery_chassis, , needed by subunit(s) in template "Katzen-Angriffgruppe".
[23:04:18][0100.01.01.12][equipmentpool.cpp:1517]: Trying to fill variant where none exist from type: heavy_tank_chassis belonging to Katsilbershirts
[23:04:18][0100.01.01.12][equipmentpool.cpp:1517]: Trying to fill variant where none exist from type: heavy_tank_artillery_chassis belonging to Katsilbershirts
[23:04:18][0100.01.01.12][unit.cpp:3626]: 2. Katzen-Angriffgruppe ( SIL ) unit in 6168 has locked equipment requirements: heavy_tank_chassis, heavy_tank_artillery_chassis, , needed by subunit(s) in template "Katzen-Angriffgruppe".
[23:04:18][0100.01.01.12][equipmentpool.cpp:1517]: Trying to fill variant where none exist from type: heavy_tank_chassis belonging to Katsilbershirts
[23:04:18][0100.01.01.12][equipmentpool.cpp:1517]: Trying to fill variant where none exist from type: heavy_tank_artillery_chassis belonging to Katsilbershirts
[23:04:18][0100.01.01.12][unit.cpp:3626]: 3. Katzen-Angriffgruppe ( SIL ) unit in 12460 has locked equipment requirements: heavy_tank_chassis, heavy_tank_artillery_chassis, , needed by subunit(s) in template "Katzen-Angriffgruppe".
[23:04:18][0100.01.01.12][equipmentpool.cpp:1517]: Trying to fill variant where none exist from type: heavy_tank_chassis belonging to Katsilbershirts
[23:04:18][0100.01.01.12][equipmentpool.cpp:1517]: Trying to fill variant where none exist from type: heavy_tank_artillery_chassis belonging to Katsilbershirts
[23:04:18][0100.01.01.12][unit.cpp:3626]: 4. Katzen-Angriffgruppe ( SIL ) unit in 6684 has locked equipment requirements: heavy_tank_chassis, heavy_tank_artillery_chassis, , needed by subunit(s) in template "Katzen-Angriffgruppe".
[23:04:18][0100.01.01.12][equipmentpool.cpp:1517]: Trying to fill variant where none exist from type: heavy_tank_chassis belonging to Federal Republic of Purrlin-Lionsburg
[23:04:18][0100.01.01.12][equipmentpool.cpp:1517]: Trying to fill variant where none exist from type: heavy_tank_artillery_chassis belonging to Federal Republic of Purrlin-Lionsburg
[23:04:18][0100.01.01.12][unit.cpp:3626]: 1. Katzen-Angriffgruppe ( PRL ) unit in 8269 has locked equipment requirements: heavy_tank_chassis, heavy_tank_artillery_chassis, , needed by subunit(s) in template "Katzen-Angriffgruppe".
[23:04:18][0100.01.01.12][equipmentpool.cpp:1517]: Trying to fill variant where none exist from type: heavy_tank_chassis belonging to Federal Republic of Purrlin-Lionsburg
[23:04:18][0100.01.01.12][equipmentpool.cpp:1517]: Trying to fill variant where none exist from type: heavy_tank_artillery_chassis belonging to Federal Republic of Purrlin-Lionsburg
[23:04:18][0100.01.01.12][unit.cpp:3626]: 2. Katzen-Angriffgruppe ( PRL ) unit in 14068 has locked equipment requirements: heavy_tank_chassis, heavy_tank_artillery_chassis, , needed by subunit(s) in template "Katzen-Angriffgruppe".
[23:04:18][0100.01.01.12][equipmentvariant.cpp:1066]: Country "PRL" does not have any equipment variant for type "heavy_tank_equipment_1" (selecting latest version) created by "PRL".
[23:04:18][0100.01.01.12][equipmentvariant.cpp:1066]: Country "PRL" does not have any equipment variant for type "heavy_tank_artillery_equipment_1" (selecting latest version) created by "PRL".
[23:04:18][0100.01.01.12][equipmentpool.cpp:1387]: Country "MEW" does not have any equipment variant for type "nav_bomber_equipment_1" version 0 created by "MEW".
[23:04:18][0100.01.01.12][strategicair.cpp:4192]: Error scripting OOB history/units/MEW_1936_air.txt. Could not set pool equipment 'amount' in Katzberg
[23:04:18][0100.01.01.12][equipmentpool.cpp:1387]: Country "MEW" does not have any equipment variant for type "CAS_equipment_1" version 0 created by "MEW".
[23:04:18][0100.01.01.12][strategicair.cpp:4192]: Error scripting OOB history/units/MEW_1936_air.txt. Could not set pool equipment 'amount' in Mount Kitts
[23:04:18][0100.01.01.12][equipmentpool.cpp:1517]: Trying to fill variant where none exist from type: heavy_tank_chassis belonging to Sobakiland Socialist Republic
[23:04:18][0100.01.01.12][unit.cpp:3626]: 1. Sobaki-Daspiechi ( SOB ) unit in 6368 has locked equipment requirements: heavy_tank_chassis, , needed by subunit(s) in template "Sobaki-Daspiechi".
[23:04:18][0100.01.01.12][equipmentpool.cpp:1517]: Trying to fill variant where none exist from type: heavy_tank_chassis belonging to Sobakiland Socialist Republic
[23:04:18][0100.01.01.12][unit.cpp:3626]: 2. Sobaki-Daspiechi ( SOB ) unit in 5753 has locked equipment requirements: heavy_tank_chassis, , needed by subunit(s) in template "Sobaki-Daspiechi".
[23:04:18][0100.01.01.12][equipmentpool.cpp:1517]: Trying to fill variant where none exist from type: heavy_tank_chassis belonging to Sobakiland Socialist Republic
[23:04:18][0100.01.01.12][unit.cpp:3626]: 3. Sobaki-Daspiechi ( SOB ) unit in 133 has locked equipment requirements: heavy_tank_chassis, , needed by subunit(s) in template "Sobaki-Daspiechi".
[23:04:18][0100.01.01.12][equipmentpool.cpp:1387]: Country "NAV" does not have any equipment variant for type "SH_battleship_2" version 0 created by "NAV".
[23:04:18][0100.01.01.12][taskforce.cpp:1151]:  file: history/units/NAV_1936_naval.txt line: 10: Could not find proper equipment variant. Skip creating Ship  in task force Katzenseetruppen Remnants
[23:04:18][0100.01.01.12][equipmentpool.cpp:1387]: Country "NAV" does not have any equipment variant for type "carrier_2" version 0 created by "NAV".
[23:04:18][0100.01.01.12][equipmentpool.cpp:1387]: Country "NAV" does not have any equipment variant for type "carrier_2" version 0 created by "NAV".
[23:04:18][0100.01.01.12][equipmentpool.cpp:1387]: Country "NAV" does not have any equipment variant for type "carrier_2" version 0 created by "NAV".
[23:04:18][0100.01.01.12][equipmentpool.cpp:1387]: Country "NAV" does not have any equipment variant for type "carrier_2" version 0 created by "NAV".
[23:04:18][0100.01.01.12][equipmentpool.cpp:1387]: Country "NAV" does not have any equipment variant for type "carrier_2" version 0 created by "NAV".
[23:04:18][0100.01.01.12][equipmentpool.cpp:1387]: Country "NAV" does not have any equipment variant for type "carrier_2" version 0 created by "NAV".
[23:04:18][0100.01.01.12][equipmentpool.cpp:1387]: Country "NAV" does not have any equipment variant for type "carrier_2" version 0 created by "NAV".
[23:04:18][0100.01.01.12][equipmentpool.cpp:1387]: Country "NAV" does not have any equipment variant for type "carrier_2" version 0 created by "NAV".
[23:04:18][0100.01.01.12][equipmentpool.cpp:1387]: Country "NAV" does not have any equipment variant for type "carrier_2" version 0 created by "NAV".
[23:04:18][0100.01.01.12][equipmentpool.cpp:1387]: Country "NAV" does not have any equipment variant for type "carrier_2" version 0 created by "NAV".
[23:04:18][0100.01.01.12][equipmentpool.cpp:1387]: Country "NAV" does not have any equipment variant for type "battleship_2" version 0 created by "NAV".
[23:04:18][0100.01.01.12][equipmentpool.cpp:1387]: Country "NAV" does not have any equipment variant for type "battleship_2" version 0 created by "NAV".
[23:04:18][0100.01.01.12][equipmentpool.cpp:1387]: Country "NAV" does not have any equipment variant for type "battleship_2" version 0 created by "NAV".
[23:04:18][0100.01.01.12][equipmentpool.cpp:1387]: Country "NAV" does not have any equipment variant for type "battleship_2" version 0 created by "NAV".
[23:04:18][0100.01.01.12][equipmentpool.cpp:1387]: Country "NAV" does not have any equipment variant for type "battleship_2" version 0 created by "NAV".
[23:04:18][0100.01.01.12][equipmentpool.cpp:1387]: Country "NAV" does not have any equipment variant for type "battleship_2" version 0 created by "NAV".
[23:04:18][0100.01.01.12][equipmentpool.cpp:1387]: Country "NAV" does not have any equipment variant for type "battleship_2" version 0 created by "NAV".
[23:04:18][0100.01.01.12][equipmentpool.cpp:1387]: Country "NAV" does not have any equipment variant for type "battleship_2" version 0 created by "NAV".
[23:04:18][0100.01.01.12][equipmentpool.cpp:1387]: Country "NAV" does not have any equipment variant for type "destroyer_2" version 0 created by "NAV".
[23:04:18][0100.01.01.12][equipmentpool.cpp:1387]: Country "NAV" does not have any equipment variant for type "destroyer_2" version 0 created by "NAV".
[23:04:18][0100.01.01.12][equipmentpool.cpp:1387]: Country "NAV" does not have any equipment variant for type "destroyer_2" version 0 created by "NAV".
[23:04:18][0100.01.01.12][equipmentpool.cpp:1387]: Country "NAV" does not have any equipment variant for type "destroyer_2" version 0 created by "NAV".
[23:04:18][0100.01.01.12][equipmentpool.cpp:1387]: Country "NAV" does not have any equipment variant for type "destroyer_2" version 0 created by "NAV".
[23:04:18][0100.01.01.12][equipmentpool.cpp:1387]: Country "NAV" does not have any equipment variant for type "destroyer_2" version 0 created by "NAV".
[23:04:18][0100.01.01.12][equipmentpool.cpp:1387]: Country "NAV" does not have any equipment variant for type "destroyer_2" version 0 created by "NAV".
[23:04:18][0100.01.01.12][equipmentpool.cpp:1387]: Country "NAV" does not have any equipment variant for type "destroyer_2" version 0 created by "NAV".
[23:04:18][0100.01.01.12][equipmentpool.cpp:1387]: Country "NAV" does not have any equipment variant for type "destroyer_2" version 0 created by "NAV".
[23:04:18][0100.01.01.12][equipmentpool.cpp:1387]: Country "NAV" does not have any equipment variant for type "destroyer_2" version 0 created by "NAV".
[23:04:18][0100.01.01.12][equipmentpool.cpp:1387]: Country "NAV" does not have any equipment variant for type "destroyer_2" version 0 created by "NAV".
[23:04:18][0100.01.01.12][equipmentpool.cpp:1387]: Country "NAV" does not have any equipment variant for type "destroyer_2" version 0 created by "NAV".
[23:04:18][0100.01.01.12][equipmentpool.cpp:1387]: Country "NAV" does not have any equipment variant for type "destroyer_2" version 0 created by "NAV".
[23:04:18][0100.01.01.12][equipmentpool.cpp:1387]: Country "NAV" does not have any equipment variant for type "destroyer_2" version 0 created by "NAV".
[23:04:18][0100.01.01.12][equipmentpool.cpp:1387]: Country "NAV" does not have any equipment variant for type "destroyer_2" version 0 created by "NAV".
[23:04:18][0100.01.01.12][equipmentpool.cpp:1387]: Country "NAV" does not have any equipment variant for type "destroyer_2" version 0 created by "NAV".
[23:04:18][0100.01.01.12][equipmentpool.cpp:1387]: Country "NAV" does not have any equipment variant for type "destroyer_2" version 0 created by "NAV".
[23:04:18][0100.01.01.12][equipmentpool.cpp:1387]: Country "NAV" does not have any equipment variant for type "destroyer_2" version 0 created by "NAV".
[23:04:18][0100.01.01.12][equipmentpool.cpp:1387]: Country "NAV" does not have any equipment variant for type "destroyer_2" version 0 created by "NAV".
[23:04:18][0100.01.01.12][equipmentpool.cpp:1387]: Country "NAV" does not have any equipment variant for type "destroyer_2" version 0 created by "NAV".
[23:04:18][0100.01.01.12][equipmentpool.cpp:1387]: Country "NAV" does not have any equipment variant for type "destroyer_2" version 0 created by "NAV".
[23:04:18][0100.01.01.12][equipmentpool.cpp:1387]: Country "NAV" does not have any equipment variant for type "destroyer_2" version 0 created by "NAV".
[23:04:18][0100.01.01.12][equipmentpool.cpp:1387]: Country "NAV" does not have any equipment variant for type "destroyer_2" version 0 created by "NAV".
[23:04:18][0100.01.01.12][equipmentpool.cpp:1387]: Country "NAV" does not have any equipment variant for type "destroyer_2" version 0 created by "NAV".
[23:04:18][0100.01.01.12][equipmentpool.cpp:1387]: Country "NAV" does not have any equipment variant for type "destroyer_2" version 0 created by "NAV".
[23:04:18][0100.01.01.12][equipmentpool.cpp:1387]: Country "NAV" does not have any equipment variant for type "destroyer_2" version 0 created by "NAV".
[23:04:18][0100.01.01.12][equipmentpool.cpp:1387]: Country "NAV" does not have any equipment variant for type "destroyer_2" version 0 created by "NAV".
[23:04:18][0100.01.01.12][equipmentpool.cpp:1387]: Country "NAV" does not have any equipment variant for type "destroyer_2" version 0 created by "NAV".
[23:04:18][0100.01.01.12][equipmentpool.cpp:1387]: Country "NAV" does not have any equipment variant for type "destroyer_2" version 0 created by "NAV".
[23:04:18][0100.01.01.12][equipmentpool.cpp:1387]: Country "NAV" does not have any equipment variant for type "destroyer_2" version 0 created by "NAV".
[23:04:18][0100.01.01.12][equipmentpool.cpp:1387]: Country "NAV" does not have any equipment variant for type "destroyer_2" version 0 created by "NAV".
[23:04:18][0100.01.01.12][equipmentpool.cpp:1387]: Country "NAV" does not have any equipment variant for type "destroyer_2" version 0 created by "NAV".
[23:04:18][0100.01.01.12][equipmentpool.cpp:1387]: Country "NAV" does not have any equipment variant for type "destroyer_2" version 0 created by "NAV".
[23:04:18][0100.01.01.12][equipmentpool.cpp:1387]: Country "NAV" does not have any equipment variant for type "destroyer_2" version 0 created by "NAV".
[23:04:18][0100.01.01.12][equipmentpool.cpp:1387]: Country "NAV" does not have any equipment variant for type "destroyer_2" version 0 created by "NAV".
[23:04:18][0100.01.01.12][equipmentpool.cpp:1387]: Country "NAV" does not have any equipment variant for type "destroyer_2" version 0 created by "NAV".
[23:04:18][0100.01.01.12][equipmentpool.cpp:1387]: Country "NAV" does not have any equipment variant for type "destroyer_2" version 0 created by "NAV".
[23:04:18][0100.01.01.12][equipmentpool.cpp:1387]: Country "NAV" does not have any equipment variant for type "destroyer_2" version 0 created by "NAV".
[23:04:18][0100.01.01.12][equipmentpool.cpp:1387]: Country "NAV" does not have any equipment variant for type "destroyer_2" version 0 created by "NAV".
[23:04:18][0100.01.01.12][equipmentpool.cpp:1387]: Country "NAV" does not have any equipment variant for type "destroyer_2" version 0 created by "NAV".
[23:04:18][0100.01.01.12][equipmentpool.cpp:1387]: Country "NAV" does not have any equipment variant for type "destroyer_2" version 0 created by "NAV".
[23:04:18][0100.01.01.12][equipmentpool.cpp:1387]: Country "NAV" does not have any equipment variant for type "destroyer_2" version 0 created by "NAV".
[23:04:18][0100.01.01.12][equipmentpool.cpp:1387]: Country "NAV" does not have any equipment variant for type "destroyer_2" version 0 created by "NAV".
[23:04:18][0100.01.01.12][equipmentpool.cpp:1387]: Country "NAV" does not have any equipment variant for type "destroyer_2" version 0 created by "NAV".
[23:04:18][0100.01.01.12][equipmentpool.cpp:1387]: Country "NAV" does not have any equipment variant for type "destroyer_2" version 0 created by "NAV".
[23:04:18][0100.01.01.12][equipmentpool.cpp:1387]: Country "NAV" does not have any equipment variant for type "destroyer_2" version 0 created by "NAV".
[23:04:18][0100.01.01.12][equipmentpool.cpp:1387]: Country "NAV" does not have any equipment variant for type "destroyer_2" version 0 created by "NAV".
[23:04:18][0100.01.01.12][equipmentpool.cpp:1387]: Country "NAV" does not have any equipment variant for type "destroyer_2" version 0 created by "NAV".
[23:04:18][0100.01.01.12][equipmentpool.cpp:1387]: Country "NAV" does not have any equipment variant for type "destroyer_2" version 0 created by "NAV".
[23:04:18][0100.01.01.12][equipmentpool.cpp:1387]: Country "NAV" does not have any equipment variant for type "destroyer_2" version 0 created by "NAV".
[23:04:18][0100.01.01.12][equipmentpool.cpp:1387]: Country "NAV" does not have any equipment variant for type "destroyer_2" version 0 created by "NAV".
[23:04:18][0100.01.01.12][equipmentpool.cpp:1387]: Country "NAV" does not have any equipment variant for type "destroyer_2" version 0 created by "NAV".
[23:04:18][0100.01.01.12][equipmentpool.cpp:1387]: Country "NAV" does not have any equipment variant for type "destroyer_2" version 0 created by "NAV".
[23:04:18][0100.01.01.12][equipmentpool.cpp:1387]: Country "NAV" does not have any equipment variant for type "destroyer_2" version 0 created by "NAV".
[23:04:18][0100.01.01.12][equipmentpool.cpp:1387]: Country "NAV" does not have any equipment variant for type "destroyer_2" version 0 created by "NAV".
[23:04:18][0100.01.01.12][equipmentpool.cpp:1387]: Country "NAV" does not have any equipment variant for type "destroyer_2" version 0 created by "NAV".
[23:04:18][0100.01.01.12][equipmentpool.cpp:1387]: Country "NAV" does not have any equipment variant for type "destroyer_2" version 0 created by "NAV".
[23:04:18][0100.01.01.12][equipmentpool.cpp:1387]: Country "NAV" does not have any equipment variant for type "destroyer_2" version 0 created by "NAV".
[23:04:18][0100.01.01.12][equipmentpool.cpp:1387]: Country "NAV" does not have any equipment variant for type "destroyer_2" version 0 created by "NAV".
[23:04:18][0100.01.01.12][equipmentpool.cpp:1387]: Country "NAV" does not have any equipment variant for type "destroyer_2" version 0 created by "NAV".
[23:04:18][0100.01.01.12][equipmentpool.cpp:1387]: Country "NAV" does not have any equipment variant for type "destroyer_2" version 0 created by "NAV".
[23:04:18][0100.01.01.12][equipmentpool.cpp:1387]: Country "NAV" does not have any equipment variant for type "destroyer_2" version 0 created by "NAV".
[23:04:18][0100.01.01.12][equipmentpool.cpp:1387]: Country "NAV" does not have any equipment variant for type "destroyer_2" version 0 created by "NAV".
[23:04:18][0100.01.01.12][equipmentpool.cpp:1387]: Country "NAV" does not have any equipment variant for type "destroyer_2" version 0 created by "NAV".
[23:04:18][0100.01.01.12][equipmentpool.cpp:1387]: Country "NAV" does not have any equipment variant for type "destroyer_2" version 0 created by "NAV".
[23:04:18][0100.01.01.12][equipmentpool.cpp:1387]: Country "NAV" does not have any equipment variant for type "destroyer_2" version 0 created by "NAV".
[23:04:18][0100.01.01.12][equipmentpool.cpp:1387]: Country "NAV" does not have any equipment variant for type "destroyer_2" version 0 created by "NAV".
[23:04:18][0100.01.01.12][equipmentpool.cpp:1387]: Country "NAV" does not have any equipment variant for type "destroyer_2" version 0 created by "NAV".
[23:04:18][0100.01.01.12][equipmentpool.cpp:1387]: Country "NAV" does not have any equipment variant for type "destroyer_2" version 0 created by "NAV".
[23:04:18][0100.01.01.12][equipmentpool.cpp:1387]: Country "NAV" does not have any equipment variant for type "destroyer_2" version 0 created by "NAV".
[23:04:18][0100.01.01.12][equipmentpool.cpp:1387]: Country "NAV" does not have any equipment variant for type "destroyer_2" version 0 created by "NAV".
[23:04:18][0100.01.01.12][equipmentpool.cpp:1387]: Country "NAV" does not have any equipment variant for type "destroyer_2" version 0 created by "NAV".
[23:04:18][0100.01.01.12][equipmentpool.cpp:1387]: Country "NAV" does not have any equipment variant for type "destroyer_2" version 0 created by "NAV".
[23:04:18][0100.01.01.12][equipmentpool.cpp:1387]: Country "NAV" does not have any equipment variant for type "destroyer_2" version 0 created by "NAV".
[23:04:18][0100.01.01.12][equipmentpool.cpp:1387]: Country "NAV" does not have any equipment variant for type "destroyer_2" version 0 created by "NAV".
[23:04:18][0100.01.01.12][equipmentpool.cpp:1387]: Country "NAV" does not have any equipment variant for type "destroyer_2" version 0 created by "NAV".
[23:04:18][0100.01.01.12][equipmentpool.cpp:1387]: Country "NAV" does not have any equipment variant for type "destroyer_2" version 0 created by "NAV".
[23:04:18][0100.01.01.12][equipmentpool.cpp:1387]: Country "NAV" does not have any equipment variant for type "destroyer_2" version 0 created by "NAV".
[23:04:18][0100.01.01.12][equipmentpool.cpp:1387]: Country "NAV" does not have any equipment variant for type "destroyer_2" version 0 created by "NAV".
[23:04:18][0100.01.01.12][equipmentpool.cpp:1387]: Country "NAV" does not have any equipment variant for type "destroyer_2" version 0 created by "NAV".
[23:04:18][0100.01.01.12][equipmentpool.cpp:1387]: Country "NAV" does not have any equipment variant for type "destroyer_2" version 0 created by "NAV".
[23:04:18][0100.01.01.12][equipmentpool.cpp:1387]: Country "NAV" does not have any equipment variant for type "destroyer_2" version 0 created by "NAV".
[23:04:18][0100.01.01.12][equipmentpool.cpp:1387]: Country "NAV" does not have any equipment variant for type "destroyer_2" version 0 created by "NAV".
[23:04:18][0100.01.01.12][equipmentpool.cpp:1387]: Country "NAV" does not have any equipment variant for type "destroyer_2" version 0 created by "NAV".
[23:04:18][0100.01.01.12][equipmentpool.cpp:1387]: Country "NAV" does not have any equipment variant for type "destroyer_2" version 0 created by "NAV".
[23:04:18][0100.01.01.12][equipmentpool.cpp:1387]: Country "NAV" does not have any equipment variant for type "destroyer_2" version 0 created by "NAV".
[23:04:18][0100.01.01.12][equipmentpool.cpp:1387]: Country "NAV" does not have any equipment variant for type "destroyer_2" version 0 created by "NAV".
[23:04:18][0100.01.01.12][equipmentpool.cpp:1387]: Country "NAV" does not have any equipment variant for type "destroyer_2" version 0 created by "NAV".
[23:04:18][0100.01.01.12][equipmentpool.cpp:1387]: Country "NAV" does not have any equipment variant for type "destroyer_2" version 0 created by "NAV".
[23:04:18][0100.01.01.12][equipmentpool.cpp:1387]: Country "NAV" does not have any equipment variant for type "destroyer_2" version 0 created by "NAV".
[23:04:18][0100.01.01.12][equipmentpool.cpp:1387]: Country "NAV" does not have any equipment variant for type "destroyer_2" version 0 created by "NAV".
[23:04:18][0100.01.01.12][equipmentpool.cpp:1387]: Country "NAV" does not have any equipment variant for type "destroyer_2" version 0 created by "NAV".
[23:04:18][0100.01.01.12][equipmentpool.cpp:1387]: Country "NAV" does not have any equipment variant for type "destroyer_2" version 0 created by "NAV".
[23:04:18][0100.01.01.12][equipmentpool.cpp:1387]: Country "NAV" does not have any equipment variant for type "destroyer_2" version 0 created by "NAV".
[23:04:18][0100.01.01.12][equipmentpool.cpp:1387]: Country "NAV" does not have any equipment variant for type "destroyer_2" version 0 created by "NAV".
[23:04:18][0100.01.01.12][equipmentpool.cpp:1387]: Country "NAV" does not have any equipment variant for type "destroyer_2" version 0 created by "NAV".
[23:04:18][0100.01.01.12][equipmentpool.cpp:1387]: Country "NAV" does not have any equipment variant for type "destroyer_2" version 0 created by "NAV".
[23:04:18][0100.01.01.12][equipmentpool.cpp:1387]: Country "NAV" does not have any equipment variant for type "destroyer_2" version 0 created by "NAV".
[23:04:18][0100.01.01.12][equipmentpool.cpp:1387]: Country "NAV" does not have any equipment variant for type "destroyer_2" version 0 created by "NAV".
[23:04:18][0100.01.01.12][equipmentpool.cpp:1387]: Country "NAV" does not have any equipment variant for type "destroyer_2" version 0 created by "NAV".
[23:04:18][0100.01.01.12][equipmentpool.cpp:1387]: Country "NAV" does not have any equipment variant for type "destroyer_2" version 0 created by "NAV".
[23:04:18][0100.01.01.12][equipmentpool.cpp:1387]: Country "NAV" does not have any equipment variant for type "destroyer_2" version 0 created by "NAV".
[23:04:18][0100.01.01.12][equipmentpool.cpp:1387]: Country "NAV" does not have any equipment variant for type "destroyer_2" version 0 created by "NAV".
[23:04:18][0100.01.01.12][equipmentpool.cpp:1387]: Country "NAV" does not have any equipment variant for type "destroyer_2" version 0 created by "NAV".
[23:04:18][0100.01.01.12][equipmentpool.cpp:1387]: Country "NAV" does not have any equipment variant for type "destroyer_2" version 0 created by "NAV".
[23:04:18][0100.01.01.12][equipmentpool.cpp:1387]: Country "NAV" does not have any equipment variant for type "destroyer_2" version 0 created by "NAV".
[23:04:18][0100.01.01.12][equipmentpool.cpp:1387]: Country "NAV" does not have any equipment variant for type "destroyer_2" version 0 created by "NAV".
[23:04:18][0100.01.01.12][equipmentpool.cpp:1387]: Country "NAV" does not have any equipment variant for type "destroyer_2" version 0 created by "NAV".
[23:04:18][0100.01.01.12][equipmentpool.cpp:1387]: Country "NAV" does not have any equipment variant for type "destroyer_2" version 0 created by "NAV".
[23:04:18][0100.01.01.12][equipmentpool.cpp:1387]: Country "NAV" does not have any equipment variant for type "destroyer_2" version 0 created by "NAV".
[23:04:18][0100.01.01.12][equipmentpool.cpp:1387]: Country "NAV" does not have any equipment variant for type "destroyer_2" version 0 created by "NAV".
[23:04:18][0100.01.01.12][equipmentpool.cpp:1387]: Country "NAV" does not have any equipment variant for type "destroyer_2" version 0 created by "NAV".
[23:04:18][0100.01.01.12][equipmentpool.cpp:1387]: Country "NAV" does not have any equipment variant for type "destroyer_2" version 0 created by "NAV".
[23:04:18][0100.01.01.12][equipmentpool.cpp:1387]: Country "NAV" does not have any equipment variant for type "destroyer_2" version 0 created by "NAV".
[23:04:18][0100.01.01.12][equipmentpool.cpp:1387]: Country "NAV" does not have any equipment variant for type "destroyer_2" version 0 created by "NAV".
[23:04:18][0100.01.01.12][equipmentpool.cpp:1387]: Country "NAV" does not have any equipment variant for type "submarine_2" version 0 created by "NAV".
[23:04:18][0100.01.01.12][equipmentpool.cpp:1387]: Country "NAV" does not have any equipment variant for type "submarine_2" version 0 created by "NAV".
[23:04:18][0100.01.01.12][equipmentpool.cpp:1387]: Country "NAV" does not have any equipment variant for type "submarine_2" version 0 created by "NAV".
[23:04:18][0100.01.01.12][equipmentpool.cpp:1387]: Country "NAV" does not have any equipment variant for type "submarine_2" version 0 created by "NAV".
[23:04:18][0100.01.01.12][equipmentpool.cpp:1387]: Country "NAV" does not have any equipment variant for type "submarine_2" version 0 created by "NAV".
[23:04:18][0100.01.01.12][equipmentpool.cpp:1387]: Country "NAV" does not have any equipment variant for type "submarine_2" version 0 created by "NAV".
[23:04:18][0100.01.01.12][equipmentpool.cpp:1387]: Country "NAV" does not have any equipment variant for type "submarine_2" version 0 created by "NAV".
[23:04:18][0100.01.01.12][equipmentpool.cpp:1387]: Country "NAV" does not have any equipment variant for type "submarine_2" version 0 created by "NAV".
[23:04:18][0100.01.01.12][equipmentpool.cpp:1387]: Country "NAV" does not have any equipment variant for type "submarine_2" version 0 created by "NAV".
[23:04:18][0100.01.01.12][equipmentpool.cpp:1387]: Country "NAV" does not have any equipment variant for type "submarine_2" version 0 created by "NAV".
[23:04:18][0100.01.01.12][equipmentpool.cpp:1387]: Country "NAV" does not have any equipment variant for type "submarine_2" version 0 created by "NAV".
[23:04:18][0100.01.01.12][equipmentpool.cpp:1387]: Country "NAV" does not have any equipment variant for type "submarine_2" version 0 created by "NAV".
[23:04:18][0100.01.01.12][equipmentpool.cpp:1387]: Country "NAV" does not have any equipment variant for type "submarine_2" version 0 created by "NAV".
[23:04:18][0100.01.01.12][equipmentpool.cpp:1387]: Country "NAV" does not have any equipment variant for type "submarine_2" version 0 created by "NAV".
[23:04:18][0100.01.01.12][equipmentpool.cpp:1387]: Country "NAV" does not have any equipment variant for type "submarine_2" version 0 created by "NAV".
[23:04:18][0100.01.01.12][equipmentpool.cpp:1387]: Country "NAV" does not have any equipment variant for type "submarine_2" version 0 created by "NAV".
[23:04:18][0100.01.01.12][equipmentpool.cpp:1387]: Country "NAV" does not have any equipment variant for type "submarine_2" version 0 created by "NAV".
[23:04:18][0100.01.01.12][equipmentpool.cpp:1387]: Country "NAV" does not have any equipment variant for type "submarine_2" version 0 created by "NAV".
[23:04:18][0100.01.01.12][equipmentpool.cpp:1387]: Country "NAV" does not have any equipment variant for type "submarine_2" version 0 created by "NAV".
[23:04:18][0100.01.01.12][equipmentpool.cpp:1387]: Country "NAV" does not have any equipment variant for type "submarine_2" version 0 created by "NAV".
[23:04:18][0100.01.01.12][equipmentpool.cpp:1387]: Country "NAV" does not have any equipment variant for type "submarine_2" version 0 created by "NAV".
[23:04:18][0100.01.01.12][equipmentpool.cpp:1387]: Country "NAV" does not have any equipment variant for type "submarine_2" version 0 created by "NAV".
[23:04:18][0100.01.01.12][equipmentpool.cpp:1387]: Country "NAV" does not have any equipment variant for type "submarine_2" version 0 created by "NAV".
[23:04:18][0100.01.01.12][equipmentpool.cpp:1387]: Country "NAV" does not have any equipment variant for type "submarine_2" version 0 created by "NAV".
[23:04:18][0100.01.01.12][equipmentpool.cpp:1387]: Country "NAV" does not have any equipment variant for type "submarine_2" version 0 created by "NAV".
[23:04:18][0100.01.01.12][equipmentpool.cpp:1387]: Country "NAV" does not have any equipment variant for type "submarine_2" version 0 created by "NAV".
[23:04:18][0100.01.01.12][equipmentpool.cpp:1387]: Country "NAV" does not have any equipment variant for type "submarine_2" version 0 created by "NAV".
[23:04:18][0100.01.01.12][equipmentpool.cpp:1387]: Country "NAV" does not have any equipment variant for type "submarine_2" version 0 created by "NAV".
[23:04:18][0100.01.01.12][equipmentpool.cpp:1387]: Country "NAV" does not have any equipment variant for type "submarine_2" version 0 created by "NAV".
[23:04:18][0100.01.01.12][equipmentpool.cpp:1387]: Country "NAV" does not have any equipment variant for type "submarine_2" version 0 created by "NAV".
[23:04:18][0100.01.01.12][equipmentpool.cpp:1387]: Country "NAV" does not have any equipment variant for type "submarine_2" version 0 created by "NAV".
[23:04:18][0100.01.01.12][equipmentpool.cpp:1387]: Country "NAV" does not have any equipment variant for type "submarine_2" version 0 created by "NAV".
[23:04:18][0100.01.01.12][equipmentpool.cpp:1387]: Country "NAV" does not have any equipment variant for type "submarine_2" version 0 created by "NAV".
[23:04:18][0100.01.01.12][equipmentpool.cpp:1387]: Country "NAV" does not have any equipment variant for type "submarine_2" version 0 created by "NAV".
[23:04:18][0100.01.01.12][equipmentpool.cpp:1387]: Country "NAV" does not have any equipment variant for type "submarine_2" version 0 created by "NAV".
[23:04:18][0100.01.01.12][equipmentpool.cpp:1387]: Country "NAV" does not have any equipment variant for type "submarine_2" version 0 created by "NAV".
[23:04:18][0100.01.01.12][equipmentpool.cpp:1387]: Country "NAV" does not have any equipment variant for type "submarine_2" version 0 created by "NAV".
[23:04:18][0100.01.01.12][equipmentpool.cpp:1387]: Country "NAV" does not have any equipment variant for type "submarine_2" version 0 created by "NAV".
[23:04:18][0100.01.01.12][equipmentpool.cpp:1387]: Country "NAV" does not have any equipment variant for type "submarine_2" version 0 created by "NAV".
[23:04:18][0100.01.01.12][equipmentpool.cpp:1387]: Country "NAV" does not have any equipment variant for type "submarine_2" version 0 created by "NAV".
[23:04:18][0100.01.01.12][equipmentpool.cpp:1387]: Country "NAV" does not have any equipment variant for type "submarine_2" version 0 created by "NAV".
[23:04:18][0100.01.01.12][equipmentpool.cpp:1387]: Country "NAV" does not have any equipment variant for type "submarine_2" version 0 created by "NAV".
[23:04:18][0100.01.01.12][equipmentpool.cpp:1387]: Country "NAV" does not have any equipment variant for type "submarine_2" version 0 created by "NAV".
[23:04:18][0100.01.01.12][equipmentpool.cpp:1387]: Country "NAV" does not have any equipment variant for type "submarine_2" version 0 created by "NAV".
[23:04:18][0100.01.01.12][equipmentpool.cpp:1387]: Country "NAV" does not have any equipment variant for type "submarine_2" version 0 created by "NAV".
[23:04:18][0100.01.01.12][equipmentpool.cpp:1387]: Country "NAV" does not have any equipment variant for type "submarine_2" version 0 created by "NAV".
[23:04:18][0100.01.01.12][equipmentpool.cpp:1387]: Country "NAV" does not have any equipment variant for type "submarine_2" version 0 created by "NAV".
[23:04:18][0100.01.01.12][equipmentpool.cpp:1387]: Country "NAV" does not have any equipment variant for type "submarine_2" version 0 created by "NAV".
[23:04:18][0100.01.01.12][equipmentpool.cpp:1387]: Country "NAV" does not have any equipment variant for type "submarine_2" version 0 created by "NAV".
[23:04:18][0100.01.01.12][equipmentpool.cpp:1387]: Country "NAV" does not have any equipment variant for type "submarine_2" version 0 created by "NAV".
[23:04:18][0100.01.01.12][equipmentpool.cpp:1387]: Country "NAV" does not have any equipment variant for type "submarine_2" version 0 created by "NAV".
[23:04:18][0100.01.01.12][equipmentpool.cpp:1387]: Country "NAV" does not have any equipment variant for type "submarine_2" version 0 created by "NAV".
[23:04:18][0100.01.01.12][equipmentpool.cpp:1387]: Country "NAV" does not have any equipment variant for type "submarine_2" version 0 created by "NAV".
[23:04:18][0100.01.01.12][equipmentpool.cpp:1387]: Country "NAV" does not have any equipment variant for type "submarine_2" version 0 created by "NAV".
[23:04:18][0100.01.01.12][equipmentpool.cpp:1387]: Country "NAV" does not have any equipment variant for type "submarine_2" version 0 created by "NAV".
[23:04:18][0100.01.01.12][equipmentpool.cpp:1387]: Country "NAV" does not have any equipment variant for type "submarine_2" version 0 created by "NAV".
[23:04:18][0100.01.01.12][equipmentpool.cpp:1387]: Country "NAV" does not have any equipment variant for type "submarine_2" version 0 created by "NAV".
[23:04:18][0100.01.01.12][equipmentpool.cpp:1387]: Country "NAV" does not have any equipment variant for type "submarine_2" version 0 created by "NAV".
[23:04:18][0100.01.01.12][equipmentpool.cpp:1387]: Country "NAV" does not have any equipment variant for type "submarine_2" version 0 created by "NAV".
[23:04:18][0100.01.01.12][equipmentpool.cpp:1387]: Country "NAV" does not have any equipment variant for type "submarine_2" version 0 created by "NAV".
[23:04:18][0100.01.01.12][equipmentpool.cpp:1387]: Country "NAV" does not have any equipment variant for type "submarine_2" version 0 created by "NAV".
[23:04:18][0100.01.01.12][equipmentpool.cpp:1387]: Country "NAV" does not have any equipment variant for type "submarine_2" version 0 created by "NAV".
[23:04:18][0100.01.01.12][equipmentpool.cpp:1387]: Country "NAV" does not have any equipment variant for type "submarine_2" version 0 created by "NAV".
[23:04:18][0100.01.01.12][equipmentpool.cpp:1387]: Country "NAV" does not have any equipment variant for type "submarine_2" version 0 created by "NAV".
[23:04:18][0100.01.01.12][equipmentpool.cpp:1387]: Country "NAV" does not have any equipment variant for type "submarine_2" version 0 created by "NAV".
[23:04:18][0100.01.01.12][equipmentpool.cpp:1387]: Country "NAV" does not have any equipment variant for type "submarine_2" version 0 created by "NAV".
[23:04:18][0100.01.01.12][equipmentpool.cpp:1387]: Country "NAV" does not have any equipment variant for type "submarine_2" version 0 created by "NAV".
[23:04:18][0100.01.01.12][equipmentpool.cpp:1387]: Country "NAV" does not have any equipment variant for type "submarine_2" version 0 created by "NAV".
[23:04:18][0100.01.01.12][equipmentpool.cpp:1387]: Country "NAV" does not have any equipment variant for type "submarine_2" version 0 created by "NAV".
[23:04:18][0100.01.01.12][equipmentpool.cpp:1387]: Country "NAV" does not have any equipment variant for type "submarine_2" version 0 created by "NAV".
[23:04:18][0100.01.01.12][equipmentpool.cpp:1387]: Country "NAV" does not have any equipment variant for type "submarine_2" version 0 created by "NAV".
[23:04:18][0100.01.01.12][equipmentpool.cpp:1387]: Country "NAV" does not have any equipment variant for type "submarine_2" version 0 created by "NAV".
[23:04:18][0100.01.01.12][equipmentpool.cpp:1387]: Country "NAV" does not have any equipment variant for type "submarine_2" version 0 created by "NAV".
[23:04:18][0100.01.01.12][equipmentpool.cpp:1387]: Country "NAV" does not have any equipment variant for type "submarine_2" version 0 created by "NAV".
[23:04:18][0100.01.01.12][equipmentpool.cpp:1387]: Country "NAV" does not have any equipment variant for type "submarine_2" version 0 created by "NAV".
[23:04:18][0100.01.01.12][equipmentpool.cpp:1387]: Country "NAV" does not have any equipment variant for type "submarine_2" version 0 created by "NAV".
[23:04:18][0100.01.01.12][equipmentpool.cpp:1387]: Country "NAV" does not have any equipment variant for type "submarine_2" version 0 created by "NAV".
[23:04:18][0100.01.01.12][equipmentpool.cpp:1387]: Country "NAV" does not have any equipment variant for type "submarine_2" version 0 created by "NAV".
[23:04:18][0100.01.01.12][equipmentpool.cpp:1387]: Country "STR" does not have any equipment variant for type "nav_bomber_equipment_1" version 0 created by "STR".
[23:04:18][0100.01.01.12][strategicair.cpp:4192]: Error scripting OOB history/units/STR_1936_air.txt. Could not set pool equipment 'owner' in Sudstruken
[23:04:18][0100.01.01.12][equipmentpool.cpp:1387]: Country "STR" does not have any equipment variant for type "CAS_equipment_1" version 0 created by "STR".
[23:04:18][0100.01.01.12][strategicair.cpp:4192]: Error scripting OOB history/units/STR_1936_air.txt. Could not set pool equipment 'owner' in Sudstruken
[23:04:18][0100.01.01.12][equipmentpool.cpp:1387]: Country "PTQ" does not have any equipment variant for type "nav_bomber_equipment_1" version 0 created by "PTQ".
[23:04:18][0100.01.01.12][strategicair.cpp:4192]: Error scripting OOB history/units/PTQ_1936_air.txt. Could not set pool equipment 'amount' in Middenpaw
[23:04:18][0100.01.01.12][equipmentpool.cpp:1387]: Country "PTQ" does not have any equipment variant for type "CAS_equipment_1" version 0 created by "PTQ".
[23:04:18][0100.01.01.12][strategicair.cpp:4192]: Error scripting OOB history/units/PTQ_1936_air.txt. Could not set pool equipment 'amount' in Middenpaw
[23:04:18][0100.01.01.12][equipmentpool.cpp:1387]: Country "HIM" does not have any equipment variant for type "CAS_equipment_1" version 0 created by "HIM".
[23:04:18][0100.01.01.12][strategicair.cpp:4192]: Error scripting OOB history/units/HIM_1936_air.txt. Could not set pool equipment 'amount' in Himezulte
[23:04:18][0100.01.01.12][equipmentpool.cpp:1387]: Country "HIM" does not have any equipment variant for type "CAS_equipment_1" version 0 created by "HIM".
[23:04:18][0100.01.01.12][strategicair.cpp:4192]: Error scripting OOB history/units/HIM_1936_air.txt. Could not set pool equipment 'amount' in Himezulte
[23:04:18][0100.01.01.12][equipmentpool.cpp:1387]: Country "HIM" does not have any equipment variant for type "CAS_equipment_1" version 0 created by "HIM".
[23:04:18][0100.01.01.12][strategicair.cpp:4192]: Error scripting OOB history/units/HIM_1936_air.txt. Could not set pool equipment 'amount' in Sud-Himezulte
[23:04:18][0100.01.01.12][equipmentpool.cpp:1387]: Country "HIM" does not have any equipment variant for type "CAS_equipment_1" version 0 created by "HIM".
[23:04:18][0100.01.01.12][strategicair.cpp:4192]: Error scripting OOB history/units/HIM_1936_air.txt. Could not set pool equipment 'amount' in Sud-Himezulte
[23:04:18][0100.01.01.12][equipmentpool.cpp:1517]: Trying to fill variant where none exist from type: exoskeleton_equipment belonging to Solarian Socialist Confederation
[23:04:18][0100.01.01.12][unit.cpp:3626]: 1. Solarian Power Troopers ( SLR ) unit in 1076 has locked equipment requirements: exoskeleton_equipment, , needed by subunit(s) in template "Solarian Power Troopers".
[23:04:18][0100.01.01.12][equipmentpool.cpp:1517]: Trying to fill variant where none exist from type: exoskeleton_equipment belonging to Solarian Socialist Confederation
[23:04:18][0100.01.01.12][unit.cpp:3626]: 2. Solarian Power Troopers ( SLR ) unit in 3726 has locked equipment requirements: exoskeleton_equipment, , needed by subunit(s) in template "Solarian Power Troopers".
[23:04:18][0100.01.01.12][equipmentpool.cpp:1517]: Trying to fill variant where none exist from type: exoskeleton_equipment belonging to Solarian Socialist Confederation
[23:04:18][0100.01.01.12][unit.cpp:3626]: 3. Solarian Power Troopers ( SLR ) unit in 18527 has locked equipment requirements: exoskeleton_equipment, , needed by subunit(s) in template "Solarian Power Troopers".
[23:04:18][0100.01.01.12][equipmentpool.cpp:1517]: Trying to fill variant where none exist from type: exoskeleton_equipment belonging to Solarian Socialist Confederation
[23:04:18][0100.01.01.12][unit.cpp:3626]: 4. Solarian Power Troopers ( SLR ) unit in 1076 has locked equipment requirements: exoskeleton_equipment, , needed by subunit(s) in template "Solarian Power Troopers".
[23:04:18][0100.01.01.12][equipmentpool.cpp:1517]: Trying to fill variant where none exist from type: exoskeleton_equipment belonging to Solarian Socialist Confederation
[23:04:18][0100.01.01.12][unit.cpp:3626]: 5. Solarian Power Troopers ( SLR ) unit in 1076 has locked equipment requirements: exoskeleton_equipment, , needed by subunit(s) in template "Solarian Power Troopers".
[23:04:18][0100.01.01.12][equipmentpool.cpp:1517]: Trying to fill variant where none exist from type: exoskeleton_equipment belonging to Solarian Socialist Confederation
[23:04:18][0100.01.01.12][unit.cpp:3626]: 6. Solarian Power Troopers ( SLR ) unit in 1076 has locked equipment requirements: exoskeleton_equipment, , needed by subunit(s) in template "Solarian Power Troopers".
[23:04:18][0100.01.01.12][equipmentpool.cpp:1387]: Country "SLR" does not have any equipment variant for type "light_cruiser_2" version 0 created by "SLR".
[23:04:18][0100.01.01.12][equipmentpool.cpp:1387]: Country "SLR" does not have any equipment variant for type "light_cruiser_2" version 0 created by "SLR".
[23:04:18][0100.01.01.12][equipmentpool.cpp:1387]: Country "SLR" does not have any equipment variant for type "light_cruiser_2" version 0 created by "SLR".
[23:04:18][0100.01.01.12][equipmentpool.cpp:1387]: Country "SLR" does not have any equipment variant for type "light_cruiser_2" version 0 created by "SLR".
[23:04:18][0100.01.01.12][equipmentpool.cpp:1387]: Country "SLR" does not have any equipment variant for type "light_cruiser_2" version 0 created by "SLR".
[23:04:18][0100.01.01.12][equipmentpool.cpp:1387]: Country "SLR" does not have any equipment variant for type "light_cruiser_2" version 0 created by "SLR".
[23:04:18][0100.01.01.12][equipmentpool.cpp:1387]: Country "SLR" does not have any equipment variant for type "destroyer_2" version 0 created by "SLR".
[23:04:18][0100.01.01.12][equipmentpool.cpp:1387]: Country "SLR" does not have any equipment variant for type "destroyer_2" version 0 created by "SLR".
[23:04:18][0100.01.01.12][equipmentpool.cpp:1387]: Country "SLR" does not have any equipment variant for type "destroyer_2" version 0 created by "SLR".
[23:04:18][0100.01.01.12][equipmentpool.cpp:1387]: Country "SLR" does not have any equipment variant for type "destroyer_2" version 0 created by "SLR".
[23:04:18][0100.01.01.12][equipmentpool.cpp:1387]: Country "SLR" does not have any equipment variant for type "destroyer_2" version 0 created by "SLR".
[23:04:18][0100.01.01.12][equipmentpool.cpp:1387]: Country "SLR" does not have any equipment variant for type "destroyer_2" version 0 created by "SLR".
[23:04:18][0100.01.01.12][equipmentpool.cpp:1387]: Country "SLR" does not have any equipment variant for type "destroyer_2" version 0 created by "SLR".
[23:04:18][0100.01.01.12][equipmentpool.cpp:1387]: Country "SLR" does not have any equipment variant for type "destroyer_2" version 0 created by "SLR".
[23:04:18][0100.01.01.12][equipmentpool.cpp:1387]: Country "SLR" does not have any equipment variant for type "destroyer_2" version 0 created by "SLR".
[23:04:18][0100.01.01.12][equipmentpool.cpp:1387]: Country "SLR" does not have any equipment variant for type "destroyer_2" version 0 created by "SLR".
[23:04:18][0100.01.01.12][equipmentpool.cpp:1387]: Country "SLR" does not have any equipment variant for type "destroyer_2" version 0 created by "SLR".
[23:04:18][0100.01.01.12][equipmentpool.cpp:1387]: Country "SLR" does not have any equipment variant for type "destroyer_2" version 0 created by "SLR".
[23:04:18][0100.01.01.12][equipmentpool.cpp:1387]: Country "SLR" does not have any equipment variant for type "destroyer_2" version 0 created by "SLR".
[23:04:18][0100.01.01.12][equipmentpool.cpp:1387]: Country "SLR" does not have any equipment variant for type "destroyer_2" version 0 created by "SLR".
[23:04:18][0100.01.01.12][equipmentpool.cpp:1387]: Country "SLR" does not have any equipment variant for type "destroyer_2" version 0 created by "SLR".
[23:04:18][0100.01.01.12][equipmentpool.cpp:1387]: Country "SLR" does not have any equipment variant for type "destroyer_2" version 0 created by "SLR".
[23:04:18][0100.01.01.12][equipmentpool.cpp:1387]: Country "SLR" does not have any equipment variant for type "destroyer_2" version 0 created by "SLR".
[23:04:18][0100.01.01.12][equipmentpool.cpp:1387]: Country "SLR" does not have any equipment variant for type "destroyer_2" version 0 created by "SLR".
[23:04:18][0100.01.01.12][equipmentpool.cpp:1387]: Country "SLR" does not have any equipment variant for type "destroyer_2" version 0 created by "SLR".
[23:04:18][0100.01.01.12][equipmentpool.cpp:1387]: Country "SLR" does not have any equipment variant for type "light_cruiser_2" version 0 created by "SLR".
[23:04:18][0100.01.01.12][equipmentpool.cpp:1387]: Country "SLR" does not have any equipment variant for type "light_cruiser_2" version 0 created by "SLR".
[23:04:18][0100.01.01.12][equipmentpool.cpp:1387]: Country "SLR" does not have any equipment variant for type "light_cruiser_2" version 0 created by "SLR".
[23:04:18][0100.01.01.12][equipmentpool.cpp:1387]: Country "SLR" does not have any equipment variant for type "light_cruiser_2" version 0 created by "SLR".
[23:04:18][0100.01.01.12][equipmentpool.cpp:1387]: Country "SLR" does not have any equipment variant for type "light_cruiser_2" version 0 created by "SLR".
[23:04:18][0100.01.01.12][equipmentpool.cpp:1387]: Country "SLR" does not have any equipment variant for type "light_cruiser_2" version 0 created by "SLR".
[23:04:18][0100.01.01.12][equipmentpool.cpp:1387]: Country "SLR" does not have any equipment variant for type "destroyer_2" version 0 created by "SLR".
[23:04:18][0100.01.01.12][equipmentpool.cpp:1387]: Country "SLR" does not have any equipment variant for type "destroyer_2" version 0 created by "SLR".
[23:04:18][0100.01.01.12][equipmentpool.cpp:1387]: Country "SLR" does not have any equipment variant for type "destroyer_2" version 0 created by "SLR".
[23:04:18][0100.01.01.12][equipmentpool.cpp:1387]: Country "SLR" does not have any equipment variant for type "destroyer_2" version 0 created by "SLR".
[23:04:18][0100.01.01.12][equipmentpool.cpp:1387]: Country "SLR" does not have any equipment variant for type "destroyer_2" version 0 created by "SLR".
[23:04:18][0100.01.01.12][equipmentpool.cpp:1387]: Country "SLR" does not have any equipment variant for type "destroyer_2" version 0 created by "SLR".
[23:04:18][0100.01.01.12][equipmentpool.cpp:1387]: Country "SLR" does not have any equipment variant for type "destroyer_2" version 0 created by "SLR".
[23:04:18][0100.01.01.12][equipmentpool.cpp:1387]: Country "SLR" does not have any equipment variant for type "destroyer_2" version 0 created by "SLR".
[23:04:18][0100.01.01.12][equipmentpool.cpp:1387]: Country "SLR" does not have any equipment variant for type "destroyer_2" version 0 created by "SLR".
[23:04:18][0100.01.01.12][equipmentpool.cpp:1387]: Country "SLR" does not have any equipment variant for type "destroyer_2" version 0 created by "SLR".
[23:04:18][0100.01.01.12][equipmentpool.cpp:1387]: Country "SLR" does not have any equipment variant for type "destroyer_2" version 0 created by "SLR".
[23:04:18][0100.01.01.12][equipmentpool.cpp:1387]: Country "SLR" does not have any equipment variant for type "destroyer_2" version 0 created by "SLR".
[23:04:18][0100.01.01.12][equipmentpool.cpp:1387]: Country "SLR" does not have any equipment variant for type "destroyer_2" version 0 created by "SLR".
[23:04:18][0100.01.01.12][equipmentpool.cpp:1387]: Country "SLR" does not have any equipment variant for type "destroyer_2" version 0 created by "SLR".
[23:04:18][0100.01.01.12][equipmentpool.cpp:1387]: Country "SLR" does not have any equipment variant for type "destroyer_2" version 0 created by "SLR".
[23:04:18][0100.01.01.12][equipmentpool.cpp:1387]: Country "SLR" does not have any equipment variant for type "destroyer_2" version 0 created by "SLR".
[23:04:18][0100.01.01.12][equipmentpool.cpp:1387]: Country "SLR" does not have any equipment variant for type "destroyer_2" version 0 created by "SLR".
[23:04:18][0100.01.01.12][equipmentpool.cpp:1387]: Country "SLR" does not have any equipment variant for type "destroyer_2" version 0 created by "SLR".
[23:04:18][0100.01.01.12][equipmentpool.cpp:1517]: Trying to fill variant where none exist from type: medium_mech_chassis belonging to Roqualian Republic
[23:04:18][0100.01.01.12][unit.cpp:3626]: 1. Marcheurs Dubstep ( ROQ ) unit in 18038 has locked equipment requirements: medium_mech_chassis, , needed by subunit(s) in template "Marcheurs Dubstep".
[23:04:18][0100.01.01.12][equipmentpool.cpp:1517]: Trying to fill variant where none exist from type: medium_mech_chassis belonging to Roqualian Republic
[23:04:18][0100.01.01.12][unit.cpp:3626]: 2. Marcheurs Dubstep ( ROQ ) unit in 6600 has locked equipment requirements: medium_mech_chassis, , needed by subunit(s) in template "Marcheurs Dubstep".
[23:04:18][0100.01.01.12][equipmentpool.cpp:1517]: Trying to fill variant where none exist from type: medium_mech_chassis belonging to Roqualian Republic
[23:04:18][0100.01.01.12][unit.cpp:3626]: 3. Marcheurs Dubstep ( ROQ ) unit in 4281 has locked equipment requirements: medium_mech_chassis, , needed by subunit(s) in template "Marcheurs Dubstep".
[23:04:18][0100.01.01.12][equipmentpool.cpp:1517]: Trying to fill variant where none exist from type: medium_mech_chassis belonging to Roqualian Republic
[23:04:18][0100.01.01.12][unit.cpp:3626]: 4. Marcheurs Dubstep ( ROQ ) unit in 18471 has locked equipment requirements: medium_mech_chassis, , needed by subunit(s) in template "Marcheurs Dubstep".
[23:04:18][0100.01.01.12][equipmentpool.cpp:1517]: Trying to fill variant where none exist from type: medium_mech_chassis belonging to Roqualian Republic
[23:04:18][0100.01.01.12][unit.cpp:3626]: 5. Marcheurs Dubstep ( ROQ ) unit in 18144 has locked equipment requirements: medium_mech_chassis, , needed by subunit(s) in template "Marcheurs Dubstep".
[23:04:18][0100.01.01.12][equipmentpool.cpp:1387]: Country "ROQ" does not have any equipment variant for type "SH_battleship_1" version 0 created by "ROQ".
[23:04:18][0100.01.01.12][taskforce.cpp:1151]:  file: history/units/ROQ_1936_naval.txt line: 9: Could not find proper equipment variant. Skip creating Ship  in task force Groupement de Bassmarques
[23:04:18][0100.01.01.12][equipmentpool.cpp:1387]: Country "ROQ" does not have any equipment variant for type "SH_battleship_1" version 0 created by "ROQ".
[23:04:18][0100.01.01.12][taskforce.cpp:1151]:  file: history/units/ROQ_1936_naval.txt line: 10: Could not find proper equipment variant. Skip creating Ship  in task force Groupement de Bassmarques
[23:04:18][0100.01.01.12][equipmentpool.cpp:1387]: Country "ROQ" does not have any equipment variant for type "submarine_2" version 0 created by "ROQ".
[23:04:18][0100.01.01.12][equipmentpool.cpp:1387]: Country "ROQ" does not have any equipment variant for type "submarine_2" version 0 created by "ROQ".
[23:04:18][0100.01.01.12][equipmentpool.cpp:1387]: Country "ROQ" does not have any equipment variant for type "submarine_2" version 0 created by "ROQ".
[23:04:18][0100.01.01.12][equipmentpool.cpp:1387]: Country "ROQ" does not have any equipment variant for type "submarine_2" version 0 created by "ROQ".
[23:04:18][0100.01.01.12][equipmentpool.cpp:1387]: Country "ROQ" does not have any equipment variant for type "submarine_2" version 0 created by "ROQ".
[23:04:18][0100.01.01.12][equipmentpool.cpp:1387]: Country "ROQ" does not have any equipment variant for type "submarine_2" version 0 created by "ROQ".
[23:04:18][0100.01.01.12][equipmentpool.cpp:1387]: Country "ROQ" does not have any equipment variant for type "submarine_2" version 0 created by "ROQ".
[23:04:18][0100.01.01.12][equipmentpool.cpp:1387]: Country "ROQ" does not have any equipment variant for type "submarine_2" version 0 created by "ROQ".
[23:04:18][0100.01.01.12][equipmentpool.cpp:1387]: Country "ROQ" does not have any equipment variant for type "submarine_2" version 0 created by "ROQ".
[23:04:18][0100.01.01.12][equipmentpool.cpp:1387]: Country "ROQ" does not have any equipment variant for type "submarine_2" version 0 created by "ROQ".
[23:04:18][0100.01.01.12][equipmentpool.cpp:1387]: Country "ROQ" does not have any equipment variant for type "submarine_2" version 0 created by "ROQ".
[23:04:18][0100.01.01.12][equipmentpool.cpp:1387]: Country "ROQ" does not have any equipment variant for type "submarine_2" version 0 created by "ROQ".
[23:04:18][0100.01.01.12][equipmentpool.cpp:1387]: Country "ROQ" does not have any equipment variant for type "submarine_2" version 0 created by "ROQ".
[23:04:18][0100.01.01.12][equipmentpool.cpp:1387]: Country "ROQ" does not have any equipment variant for type "submarine_2" version 0 created by "ROQ".
[23:04:18][0100.01.01.12][equipmentpool.cpp:1387]: Country "ROQ" does not have any equipment variant for type "submarine_2" version 0 created by "ROQ".
[23:04:18][0100.01.01.12][equipmentpool.cpp:1387]: Country "ROQ" does not have any equipment variant for type "submarine_2" version 0 created by "ROQ".
[23:04:18][0100.01.01.12][equipmentpool.cpp:1387]: Country "ROQ" does not have any equipment variant for type "submarine_2" version 0 created by "ROQ".
[23:04:18][0100.01.01.12][equipmentpool.cpp:1387]: Country "ROQ" does not have any equipment variant for type "submarine_2" version 0 created by "ROQ".
[23:04:18][0100.01.01.12][equipmentpool.cpp:1387]: Country "ROQ" does not have any equipment variant for type "submarine_2" version 0 created by "ROQ".
[23:04:18][0100.01.01.12][equipmentpool.cpp:1387]: Country "ROQ" does not have any equipment variant for type "submarine_2" version 0 created by "ROQ".
[23:04:18][0100.01.01.12][equipmentpool.cpp:1387]: Country "ROQ" does not have any equipment variant for type "SH_battleship_1" version 0 created by "ROQ".
[23:04:18][0100.01.01.12][taskforce.cpp:1151]:  file: history/units/ROQ_1936_naval.txt line: 44: Could not find proper equipment variant. Skip creating Ship  in task force Groupement de Bassmarques
[23:04:18][0100.01.01.12][equipmentpool.cpp:1387]: Country "ROQ" does not have any equipment variant for type "SH_battleship_1" version 0 created by "ROQ".
[23:04:18][0100.01.01.12][taskforce.cpp:1151]:  file: history/units/ROQ_1936_naval.txt line: 45: Could not find proper equipment variant. Skip creating Ship  in task force Groupement de Bassmarques
[23:04:18][0100.01.01.12][equipmentpool.cpp:1387]: Country "ROQ" does not have any equipment variant for type "submarine_2" version 0 created by "ROQ".
[23:04:18][0100.01.01.12][equipmentpool.cpp:1387]: Country "ROQ" does not have any equipment variant for type "submarine_2" version 0 created by "ROQ".
[23:04:18][0100.01.01.12][equipmentpool.cpp:1387]: Country "ROQ" does not have any equipment variant for type "submarine_2" version 0 created by "ROQ".
[23:04:18][0100.01.01.12][equipmentpool.cpp:1387]: Country "ROQ" does not have any equipment variant for type "submarine_2" version 0 created by "ROQ".
[23:04:18][0100.01.01.12][equipmentpool.cpp:1387]: Country "ROQ" does not have any equipment variant for type "submarine_2" version 0 created by "ROQ".
[23:04:18][0100.01.01.12][equipmentpool.cpp:1387]: Country "ROQ" does not have any equipment variant for type "submarine_2" version 0 created by "ROQ".
[23:04:18][0100.01.01.12][equipmentpool.cpp:1387]: Country "ROQ" does not have any equipment variant for type "submarine_2" version 0 created by "ROQ".
[23:04:18][0100.01.01.12][equipmentpool.cpp:1387]: Country "ROQ" does not have any equipment variant for type "submarine_2" version 0 created by "ROQ".
[23:04:18][0100.01.01.12][equipmentpool.cpp:1387]: Country "ROQ" does not have any equipment variant for type "submarine_2" version 0 created by "ROQ".
[23:04:18][0100.01.01.12][equipmentpool.cpp:1387]: Country "ROQ" does not have any equipment variant for type "submarine_2" version 0 created by "ROQ".
[23:04:18][0100.01.01.12][equipmentpool.cpp:1387]: Country "ROQ" does not have any equipment variant for type "submarine_2" version 0 created by "ROQ".
[23:04:18][0100.01.01.12][equipmentpool.cpp:1387]: Country "ROQ" does not have any equipment variant for type "submarine_2" version 0 created by "ROQ".
[23:04:18][0100.01.01.12][equipmentpool.cpp:1387]: Country "ROQ" does not have any equipment variant for type "submarine_2" version 0 created by "ROQ".
[23:04:18][0100.01.01.12][equipmentpool.cpp:1387]: Country "ROQ" does not have any equipment variant for type "submarine_2" version 0 created by "ROQ".
[23:04:18][0100.01.01.12][equipmentpool.cpp:1387]: Country "ROQ" does not have any equipment variant for type "submarine_2" version 0 created by "ROQ".
[23:04:18][0100.01.01.12][equipmentpool.cpp:1387]: Country "ROQ" does not have any equipment variant for type "submarine_2" version 0 created by "ROQ".
[23:04:18][0100.01.01.12][equipmentpool.cpp:1387]: Country "ROQ" does not have any equipment variant for type "submarine_2" version 0 created by "ROQ".
[23:04:18][0100.01.01.12][equipmentpool.cpp:1387]: Country "ROQ" does not have any equipment variant for type "submarine_2" version 0 created by "ROQ".
[23:04:18][0100.01.01.12][equipmentpool.cpp:1387]: Country "ROQ" does not have any equipment variant for type "submarine_2" version 0 created by "ROQ".
[23:04:18][0100.01.01.12][equipmentpool.cpp:1387]: Country "ROQ" does not have any equipment variant for type "submarine_2" version 0 created by "ROQ".
[23:04:18][0100.01.01.12][equipmentpool.cpp:1387]: Country "ROQ" does not have any equipment variant for type "SH_battleship_1" version 0 created by "ROQ".
[23:04:18][0100.01.01.12][taskforce.cpp:1151]:  file: history/units/ROQ_1936_naval.txt line: 79: Could not find proper equipment variant. Skip creating Ship  in task force Groupement de Bassmarques
[23:04:18][0100.01.01.12][equipmentpool.cpp:1387]: Country "ROQ" does not have any equipment variant for type "SH_battleship_1" version 0 created by "ROQ".
[23:04:18][0100.01.01.12][taskforce.cpp:1151]:  file: history/units/ROQ_1936_naval.txt line: 80: Could not find proper equipment variant. Skip creating Ship  in task force Groupement de Bassmarques
[23:04:18][0100.01.01.12][equipmentpool.cpp:1387]: Country "ROQ" does not have any equipment variant for type "submarine_2" version 0 created by "ROQ".
[23:04:18][0100.01.01.12][equipmentpool.cpp:1387]: Country "ROQ" does not have any equipment variant for type "submarine_2" version 0 created by "ROQ".
[23:04:18][0100.01.01.12][equipmentpool.cpp:1387]: Country "ROQ" does not have any equipment variant for type "submarine_2" version 0 created by "ROQ".
[23:04:18][0100.01.01.12][equipmentpool.cpp:1387]: Country "ROQ" does not have any equipment variant for type "submarine_2" version 0 created by "ROQ".
[23:04:18][0100.01.01.12][equipmentpool.cpp:1387]: Country "ROQ" does not have any equipment variant for type "submarine_2" version 0 created by "ROQ".
[23:04:18][0100.01.01.12][equipmentpool.cpp:1387]: Country "ROQ" does not have any equipment variant for type "submarine_2" version 0 created by "ROQ".
[23:04:18][0100.01.01.12][equipmentpool.cpp:1387]: Country "ROQ" does not have any equipment variant for type "submarine_2" version 0 created by "ROQ".
[23:04:18][0100.01.01.12][equipmentpool.cpp:1387]: Country "ROQ" does not have any equipment variant for type "submarine_2" version 0 created by "ROQ".
[23:04:18][0100.01.01.12][equipmentpool.cpp:1387]: Country "ROQ" does not have any equipment variant for type "submarine_2" version 0 created by "ROQ".
[23:04:18][0100.01.01.12][equipmentpool.cpp:1387]: Country "ROQ" does not have any equipment variant for type "submarine_2" version 0 created by "ROQ".
[23:04:18][0100.01.01.12][equipmentpool.cpp:1387]: Country "ROQ" does not have any equipment variant for type "submarine_2" version 0 created by "ROQ".
[23:04:18][0100.01.01.12][equipmentpool.cpp:1387]: Country "ROQ" does not have any equipment variant for type "submarine_2" version 0 created by "ROQ".
[23:04:18][0100.01.01.12][equipmentpool.cpp:1387]: Country "ROQ" does not have any equipment variant for type "submarine_2" version 0 created by "ROQ".
[23:04:18][0100.01.01.12][equipmentpool.cpp:1387]: Country "ROQ" does not have any equipment variant for type "submarine_2" version 0 created by "ROQ".
[23:04:18][0100.01.01.12][equipmentpool.cpp:1387]: Country "ROQ" does not have any equipment variant for type "submarine_2" version 0 created by "ROQ".
[23:04:18][0100.01.01.12][equipmentpool.cpp:1387]: Country "ROQ" does not have any equipment variant for type "submarine_2" version 0 created by "ROQ".
[23:04:18][0100.01.01.12][equipmentpool.cpp:1387]: Country "ROQ" does not have any equipment variant for type "submarine_2" version 0 created by "ROQ".
[23:04:18][0100.01.01.12][equipmentpool.cpp:1387]: Country "ROQ" does not have any equipment variant for type "submarine_2" version 0 created by "ROQ".
[23:04:18][0100.01.01.12][equipmentpool.cpp:1387]: Country "ROQ" does not have any equipment variant for type "submarine_2" version 0 created by "ROQ".
[23:04:18][0100.01.01.12][equipmentpool.cpp:1387]: Country "ROQ" does not have any equipment variant for type "submarine_2" version 0 created by "ROQ".
[23:04:18][0100.01.01.12][equipmentpool.cpp:1517]: Trying to fill variant where none exist from type: medium_mech_chassis belonging to Glitchopian Confederacy
[23:04:18][0100.01.01.12][unit.cpp:3626]: 1. Marcheurs Dubstep ( PER ) unit in 17886 has locked equipment requirements: medium_mech_chassis, , needed by subunit(s) in template "Marcheurs Dubstep".
[23:04:18][0100.01.01.12][equipmentvariant.cpp:1066]: Country "TAK" does not have any equipment variant for type "train_equipment" (selecting latest version) created by "TAK".
[23:04:18][0100.01.01.12][virtualfilesystem.cpp:286]: Could not open file: history/units/FST_1396_naval.txt, error: not found
[23:04:18][0100.01.01.12][equipmentpool.cpp:1387]: Country "SPQ" does not have any equipment variant for type "light_cruiser_2" version 0 created by "SPQ".
[23:04:18][0100.01.01.12][equipmentpool.cpp:1387]: Country "SPQ" does not have any equipment variant for type "light_cruiser_2" version 0 created by "SPQ".
[23:04:18][0100.01.01.12][equipmentpool.cpp:1387]: Country "SPQ" does not have any equipment variant for type "light_cruiser_2" version 0 created by "SPQ".
[23:04:18][0100.01.01.12][equipmentpool.cpp:1387]: Country "SPQ" does not have any equipment variant for type "light_cruiser_2" version 0 created by "SPQ".
[23:04:18][0100.01.01.12][equipmentpool.cpp:1387]: Country "SPQ" does not have any equipment variant for type "light_cruiser_2" version 0 created by "SPQ".
[23:04:18][0100.01.01.12][equipmentpool.cpp:1387]: Country "SPQ" does not have any equipment variant for type "light_cruiser_2" version 0 created by "SPQ".
[23:04:18][0100.01.01.12][equipmentpool.cpp:1387]: Country "SPQ" does not have any equipment variant for type "light_cruiser_2" version 0 created by "SPQ".
[23:04:18][0100.01.01.12][equipmentpool.cpp:1387]: Country "SPQ" does not have any equipment variant for type "light_cruiser_2" version 0 created by "SPQ".
[23:04:18][0100.01.01.12][equipmentpool.cpp:1387]: Country "SPQ" does not have any equipment variant for type "light_cruiser_2" version 0 created by "SPQ".
[23:04:18][0100.01.01.12][equipmentpool.cpp:1387]: Country "SPQ" does not have any equipment variant for type "light_cruiser_2" version 0 created by "SPQ".
[23:04:18][0100.01.01.12][equipmentpool.cpp:1387]: Country "SPQ" does not have any equipment variant for type "destroyer_2" version 0 created by "SPQ".
[23:04:18][0100.01.01.12][equipmentpool.cpp:1387]: Country "SPQ" does not have any equipment variant for type "destroyer_2" version 0 created by "SPQ".
[23:04:18][0100.01.01.12][equipmentpool.cpp:1387]: Country "SPQ" does not have any equipment variant for type "destroyer_2" version 0 created by "SPQ".
[23:04:18][0100.01.01.12][equipmentpool.cpp:1387]: Country "SPQ" does not have any equipment variant for type "destroyer_2" version 0 created by "SPQ".
[23:04:18][0100.01.01.12][equipmentpool.cpp:1387]: Country "SPQ" does not have any equipment variant for type "destroyer_2" version 0 created by "SPQ".
[23:04:18][0100.01.01.12][equipmentpool.cpp:1387]: Country "SPQ" does not have any equipment variant for type "destroyer_2" version 0 created by "SPQ".
[23:04:18][0100.01.01.12][equipmentpool.cpp:1387]: Country "SPQ" does not have any equipment variant for type "destroyer_2" version 0 created by "SPQ".
[23:04:18][0100.01.01.12][equipmentpool.cpp:1387]: Country "SPQ" does not have any equipment variant for type "destroyer_2" version 0 created by "SPQ".
[23:04:18][0100.01.01.12][equipmentpool.cpp:1387]: Country "SPQ" does not have any equipment variant for type "destroyer_2" version 0 created by "SPQ".
[23:04:18][0100.01.01.12][equipmentpool.cpp:1387]: Country "SPQ" does not have any equipment variant for type "destroyer_2" version 0 created by "SPQ".
[23:04:18][0100.01.01.12][equipmentpool.cpp:1387]: Country "SPQ" does not have any equipment variant for type "destroyer_2" version 0 created by "SPQ".
[23:04:18][0100.01.01.12][equipmentpool.cpp:1387]: Country "SPQ" does not have any equipment variant for type "destroyer_2" version 0 created by "SPQ".
[23:04:18][0100.01.01.12][equipmentpool.cpp:1387]: Country "SPQ" does not have any equipment variant for type "destroyer_2" version 0 created by "SPQ".
[23:04:18][0100.01.01.12][equipmentpool.cpp:1387]: Country "SPQ" does not have any equipment variant for type "destroyer_2" version 0 created by "SPQ".
[23:04:18][0100.01.01.12][equipmentpool.cpp:1387]: Country "SPQ" does not have any equipment variant for type "destroyer_2" version 0 created by "SPQ".
[23:04:18][0100.01.01.12][equipmentpool.cpp:1387]: Country "SPQ" does not have any equipment variant for type "destroyer_2" version 0 created by "SPQ".
[23:04:18][0100.01.01.12][equipmentpool.cpp:1387]: Country "SPQ" does not have any equipment variant for type "destroyer_2" version 0 created by "SPQ".
[23:04:18][0100.01.01.12][equipmentpool.cpp:1387]: Country "SPQ" does not have any equipment variant for type "destroyer_2" version 0 created by "SPQ".
[23:04:18][0100.01.01.12][equipmentpool.cpp:1387]: Country "SPQ" does not have any equipment variant for type "destroyer_2" version 0 created by "SPQ".
[23:04:18][0100.01.01.12][equipmentpool.cpp:1387]: Country "SPQ" does not have any equipment variant for type "destroyer_2" version 0 created by "SPQ".
[23:04:18][0100.01.01.12][equipmentpool.cpp:1387]: Country "SPQ" does not have any equipment variant for type "light_cruiser_2" version 0 created by "SPQ".
[23:04:18][0100.01.01.12][equipmentpool.cpp:1387]: Country "SPQ" does not have any equipment variant for type "light_cruiser_2" version 0 created by "SPQ".
[23:04:18][0100.01.01.12][equipmentpool.cpp:1387]: Country "SPQ" does not have any equipment variant for type "light_cruiser_2" version 0 created by "SPQ".
[23:04:18][0100.01.01.12][equipmentpool.cpp:1387]: Country "SPQ" does not have any equipment variant for type "light_cruiser_2" version 0 created by "SPQ".
[23:04:18][0100.01.01.12][equipmentpool.cpp:1387]: Country "SPQ" does not have any equipment variant for type "light_cruiser_2" version 0 created by "SPQ".
[23:04:18][0100.01.01.12][equipmentpool.cpp:1387]: Country "SPQ" does not have any equipment variant for type "light_cruiser_2" version 0 created by "SPQ".
[23:04:18][0100.01.01.12][equipmentpool.cpp:1387]: Country "SPQ" does not have any equipment variant for type "light_cruiser_2" version 0 created by "SPQ".
[23:04:18][0100.01.01.12][equipmentpool.cpp:1387]: Country "SPQ" does not have any equipment variant for type "light_cruiser_2" version 0 created by "SPQ".
[23:04:18][0100.01.01.12][equipmentpool.cpp:1387]: Country "SPQ" does not have any equipment variant for type "light_cruiser_2" version 0 created by "SPQ".
[23:04:18][0100.01.01.12][equipmentpool.cpp:1387]: Country "SPQ" does not have any equipment variant for type "light_cruiser_2" version 0 created by "SPQ".
[23:04:18][0100.01.01.12][equipmentpool.cpp:1387]: Country "SPQ" does not have any equipment variant for type "destroyer_2" version 0 created by "SPQ".
[23:04:18][0100.01.01.12][equipmentpool.cpp:1387]: Country "SPQ" does not have any equipment variant for type "destroyer_2" version 0 created by "SPQ".
[23:04:18][0100.01.01.12][equipmentpool.cpp:1387]: Country "SPQ" does not have any equipment variant for type "destroyer_2" version 0 created by "SPQ".
[23:04:18][0100.01.01.12][equipmentpool.cpp:1387]: Country "SPQ" does not have any equipment variant for type "destroyer_2" version 0 created by "SPQ".
[23:04:18][0100.01.01.12][equipmentpool.cpp:1387]: Country "SPQ" does not have any equipment variant for type "destroyer_2" version 0 created by "SPQ".
[23:04:18][0100.01.01.12][equipmentpool.cpp:1387]: Country "SPQ" does not have any equipment variant for type "destroyer_2" version 0 created by "SPQ".
[23:04:18][0100.01.01.12][equipmentpool.cpp:1387]: Country "SPQ" does not have any equipment variant for type "destroyer_2" version 0 created by "SPQ".
[23:04:18][0100.01.01.12][equipmentpool.cpp:1387]: Country "SPQ" does not have any equipment variant for type "destroyer_2" version 0 created by "SPQ".
[23:04:18][0100.01.01.12][equipmentpool.cpp:1387]: Country "SPQ" does not have any equipment variant for type "destroyer_2" version 0 created by "SPQ".
[23:04:18][0100.01.01.12][equipmentpool.cpp:1387]: Country "SPQ" does not have any equipment variant for type "destroyer_2" version 0 created by "SPQ".
[23:04:18][0100.01.01.12][equipmentpool.cpp:1387]: Country "SPQ" does not have any equipment variant for type "destroyer_2" version 0 created by "SPQ".
[23:04:18][0100.01.01.12][equipmentpool.cpp:1387]: Country "SPQ" does not have any equipment variant for type "destroyer_2" version 0 created by "SPQ".
[23:04:18][0100.01.01.12][equipmentpool.cpp:1387]: Country "SPQ" does not have any equipment variant for type "destroyer_2" version 0 created by "SPQ".
[23:04:18][0100.01.01.12][equipmentpool.cpp:1387]: Country "SPQ" does not have any equipment variant for type "destroyer_2" version 0 created by "SPQ".
[23:04:18][0100.01.01.12][equipmentpool.cpp:1387]: Country "SPQ" does not have any equipment variant for type "destroyer_2" version 0 created by "SPQ".
[23:04:18][0100.01.01.12][equipmentpool.cpp:1387]: Country "SPQ" does not have any equipment variant for type "destroyer_2" version 0 created by "SPQ".
[23:04:18][0100.01.01.12][equipmentpool.cpp:1387]: Country "SPQ" does not have any equipment variant for type "destroyer_2" version 0 created by "SPQ".
[23:04:18][0100.01.01.12][equipmentpool.cpp:1387]: Country "SPQ" does not have any equipment variant for type "destroyer_2" version 0 created by "SPQ".
[23:04:18][0100.01.01.12][equipmentpool.cpp:1387]: Country "SPQ" does not have any equipment variant for type "destroyer_2" version 0 created by "SPQ".
[23:04:18][0100.01.01.12][equipmentpool.cpp:1387]: Country "SPQ" does not have any equipment variant for type "destroyer_2" version 0 created by "SPQ".
[23:04:18][0100.01.01.12][equipmentvariant.cpp:1066]: Country "SPQ" does not have any equipment variant for type "light_cruiser_2" version_name "Virtus Class" created by "SPQ".
[23:04:18][0100.01.01.12][equipmentvariant.cpp:1066]: Country "SPQ" does not have any equipment variant for type "light_cruiser_2" version_name "Virtus Class" created by "SPQ".
[23:04:18][0100.01.01.12][equipmentvariant.cpp:1066]: Country "SPQ" does not have any equipment variant for type "light_cruiser_2" version_name "Virtus Class" created by "SPQ".
[23:04:18][0100.01.01.12][equipmentvariant.cpp:1066]: Country "SPQ" does not have any equipment variant for type "light_cruiser_2" version_name "Virtus Class" created by "SPQ".
[23:04:18][0100.01.01.12][equipmentvariant.cpp:1066]: Country "SPQ" does not have any equipment variant for type "light_cruiser_2" version_name "Virtus Class" created by "SPQ".
[23:04:18][0100.01.01.12][equipmentvariant.cpp:1066]: Country "SPQ" does not have any equipment variant for type "light_cruiser_2" version_name "Virtus Class" created by "SPQ".
[23:04:18][0100.01.01.12][equipmentvariant.cpp:1066]: Country "SPQ" does not have any equipment variant for type "light_cruiser_2" version_name "Virtus Class" created by "SPQ".
[23:04:18][0100.01.01.12][equipmentvariant.cpp:1066]: Country "SPQ" does not have any equipment variant for type "light_cruiser_2" version_name "Virtus Class" created by "SPQ".
[23:04:18][0100.01.01.12][equipmentvariant.cpp:1066]: Country "SPQ" does not have any equipment variant for type "light_cruiser_2" version_name "Virtus Class" created by "SPQ".
[23:04:18][0100.01.01.12][equipmentvariant.cpp:1066]: Country "SPQ" does not have any equipment variant for type "light_cruiser_2" version_name "Virtus Class" created by "SPQ".
[23:04:18][0100.01.01.12][equipmentpool.cpp:1517]: Trying to fill variant where none exist from type: modern_tank_artillery_chassis belonging to Commonwealth of Katteneiland
[23:04:18][0100.01.01.12][equipmentpool.cpp:1517]: Trying to fill variant where none exist from type: modern_tank_aa_chassis belonging to Commonwealth of Katteneiland
[23:04:18][0100.01.01.12][equipmentpool.cpp:1517]: Trying to fill variant where none exist from type: modern_tank_destroyer_chassis belonging to Commonwealth of Katteneiland
[23:04:18][0100.01.01.12][unit.cpp:3626]: 1. Gemechaniseerde Divisie "Nieuw Pawsterdam's Finest" ( KTN ) unit in 19386 has locked equipment requirements: modern_tank_artillery_chassis, modern_tank_aa_chassis, modern_tank_destroyer_chassis, , needed by subunit(s) in template "Gemechaniseerde-Infanterie".
[23:04:18][0100.01.01.12][equipmentpool.cpp:1517]: Trying to fill variant where none exist from type: medium_mech_chassis belonging to Nitromethane Imperium
[23:04:18][0100.01.01.12][unit.cpp:3626]: 1. Mecha Imperialis Division ( NMI ) unit in 15676 has locked equipment requirements: medium_mech_chassis, , needed by subunit(s) in template "Mecha Imperialis Division".
[23:04:18][0100.01.01.12][equipmentpool.cpp:1517]: Trying to fill variant where none exist from type: medium_mech_chassis belonging to Nitromethane Imperium
[23:04:18][0100.01.01.12][unit.cpp:3626]: 2. Mecha Imperialis Division ( NMI ) unit in 16358 has locked equipment requirements: medium_mech_chassis, , needed by subunit(s) in template "Mecha Imperialis Division".
[23:04:18][0100.01.01.12][equipmentpool.cpp:1517]: Trying to fill variant where none exist from type: medium_mech_chassis belonging to Nitromethane Imperium
[23:04:18][0100.01.01.12][unit.cpp:3626]: 3. Mecha Imperialis Division ( NMI ) unit in 16040 has locked equipment requirements: medium_mech_chassis, , needed by subunit(s) in template "Mecha Imperialis Division".
[23:04:18][0100.01.01.12][equipmentpool.cpp:1517]: Trying to fill variant where none exist from type: medium_mech_chassis belonging to Nitromethane Imperium
[23:04:18][0100.01.01.12][unit.cpp:3626]: 4. Mecha Imperialis Division ( NMI ) unit in 15243 has locked equipment requirements: medium_mech_chassis, , needed by subunit(s) in template "Mecha Imperialis Division".
[23:04:18][0100.01.01.12][equipmentpool.cpp:1517]: Trying to fill variant where none exist from type: medium_mech_chassis belonging to Nitromethane Imperium
[23:04:18][0100.01.01.12][unit.cpp:3626]: 5. Mecha Imperialis Division ( NMI ) unit in 16358 has locked equipment requirements: medium_mech_chassis, , needed by subunit(s) in template "Mecha Imperialis Division".
[23:04:18][0100.01.01.12][equipmentpool.cpp:1517]: Trying to fill variant where none exist from type: medium_mech_chassis belonging to Nitromethane Imperium
[23:04:18][0100.01.01.12][unit.cpp:3626]: 6. Mecha Imperialis Division ( NMI ) unit in 16179 has locked equipment requirements: medium_mech_chassis, , needed by subunit(s) in template "Mecha Imperialis Division".
[23:04:18][0100.01.01.12][equipmentpool.cpp:1517]: Trying to fill variant where none exist from type: medium_mech_chassis belonging to Nitromethane Imperium
[23:04:18][0100.01.01.12][unit.cpp:3626]: 7. Mecha Imperialis Division ( NMI ) unit in 16179 has locked equipment requirements: medium_mech_chassis, , needed by subunit(s) in template "Mecha Imperialis Division".
[23:04:18][0100.01.01.12][equipmentpool.cpp:1517]: Trying to fill variant where none exist from type: medium_mech_chassis belonging to Nitromethane Imperium
[23:04:18][0100.01.01.12][unit.cpp:3626]: 8. Mecha Imperialis Division ( NMI ) unit in 2943 has locked equipment requirements: medium_mech_chassis, , needed by subunit(s) in template "Mecha Imperialis Division".
[23:04:18][0100.01.01.12][equipmentpool.cpp:1517]: Trying to fill variant where none exist from type: medium_mech_chassis belonging to Nitromethane Imperium
[23:04:18][0100.01.01.12][unit.cpp:3626]: 9. Mecha Imperialis Division ( NMI ) unit in 2943 has locked equipment requirements: medium_mech_chassis, , needed by subunit(s) in template "Mecha Imperialis Division".
[23:04:18][0100.01.01.12][character_manager.cpp:257]: Failed to generate a name for a character of origins Confederated Ravkan Magocracies and for country Confederated Ravkan Magocracies
[23:04:18][0100.01.01.12][character_manager.cpp:257]: Failed to generate a name for a character of origins Confederated Ravkan Magocracies and for country Confederated Ravkan Magocracies
[23:04:18][0100.01.01.12][character_manager.cpp:257]: Failed to generate a name for a character of origins Confederated Ravkan Magocracies and for country Confederated Ravkan Magocracies
[23:04:18][0100.01.01.12][character_manager.cpp:257]: Failed to generate a name for a character of origins Confederated Ravkan Magocracies and for country Confederated Ravkan Magocracies
[23:04:18][0100.01.01.12][character_manager.cpp:257]: Failed to generate a name for a character of origins Plavetan Communities and for country Plavetan Communities
[23:04:18][0100.01.01.12][character_manager.cpp:257]: Failed to generate a name for a character of origins Plavetan Communities and for country Plavetan Communities
[23:04:18][0100.01.01.12][character_manager.cpp:257]: Failed to generate a name for a character of origins Plavetan Communities and for country Plavetan Communities
[23:04:19][0100.01.01.12][gamestate.cpp:6736]: 21 -  Tarrakis has too many buildings : -1
[23:04:19][0100.01.01.12][gamestate.cpp:6736]: 60 -  Pawmuda has too many buildings : -1
[23:04:19][0100.01.01.12][gamestate.cpp:6736]: 357 -  Tenetianen has too many buildings : -1
[23:04:19][0100.01.01.12][gamestate.cpp:6736]: 611 -  Aluminitas has too many buildings : -1
[23:04:19][0100.01.01.12][gamestate.cpp:6736]: 652 -  Pawllington has too many buildings : -2
[23:04:19][0100.01.01.12][gamestate.cpp:6736]: 657 -  Teuyaka has too many buildings : -2
[23:04:19][0100.01.01.12][gamestate.cpp:6736]: 819 -  Upper Ganymeda has too many buildings : -1
[23:04:19][0100.01.01.12][gamestate.cpp:6736]: 820 -  Greater Solity has too many buildings : -1
[23:04:19][0100.01.01.12][gamestate.cpp:6736]: 821 -  Pyrrhus has too many buildings : -1
[23:04:19][0100.01.01.12][gamestate.cpp:6736]: 829 -  Southern Porro has too many buildings : -1
[23:04:19][0100.01.01.12][gamestate.cpp:6736]: 1010 -  Ost-Kattailwald has too many buildings : -2
[23:04:19][0100.01.01.12][gamestate.cpp:6736]: 1012 -  Western Shroom Hills has too many buildings : -1
[23:04:19][0100.01.01.12][gui.cpp:931]: Undefined GUI_TYPE: sabaton_stations_entry - This will most likely crash the game
[23:04:19][0100.01.01.12][musicplayerview.cpp:63]: Missing music_station_entry GUI component containerWindowType with name: sabaton_stations_entry
[23:04:19][0100.01.01.12][containerwindow.cpp:991]: interface/topbar.gui (line 3 ): Could not find "faction_button_container" in window topbar
[23:04:19][0100.01.01.12][containerwindow.cpp:899]:  (line -1 ): Could not find "faction_icon" in window 
[23:04:19][0100.01.01.12][containerwindow.cpp:886]:  (line -1 ): Could not find "initiative_text" in window 
[23:04:19][0100.01.01.12][containerwindow.cpp:1026]:  (line -1 ): Could not find "faction_button" in window 
[23:04:19][0100.01.01.12][containerwindow.cpp:886]: interface/topbar.gui (line 3 ): Could not find "nukes_value" in window topbar
[23:04:19][0100.01.01.12][containerwindow.cpp:991]: interface/topbar.gui (line 3 ): Could not find "nukes" in window topbar
[23:04:19][0100.01.01.12][containerwindow.cpp:886]: interface/topbar.gui (line 709 ): Could not find "prototype_rewards_aquired" in window country_menu_window
[23:04:19][0100.01.01.12][containerwindow.cpp:899]: interface/topbar.gui (line 709 ): Could not find "prototype_rewards_aquired_bg" in window country_menu_window
[23:04:19][0100.01.01.12][graphics.cpp:1345]: Failed to create gui object. Could not find sprite type [GFX_province_landmark_bg]
[23:04:19][0100.01.01.12][graphics.cpp:1345]: Failed to create gui object. Could not find sprite type [GFX_province_landmark_damage_bar]
[23:04:19][0100.01.01.12][graphics.cpp:1345]: Failed to create gui object. Could not find sprite type [GFX_province_landmark_bg]
[23:04:19][0100.01.01.12][graphics.cpp:1345]: Failed to create gui object. Could not find sprite type [GFX_province_landmark_damage_bar]
[23:04:19][0100.01.01.12][containerwindow.cpp:983]: interface/countrystateview.gui (line 24 ): Could not find "strategic_locations_grid" in window countrystateview
[23:04:19][0100.01.01.12][containerwindow.cpp:1020]: interface/countryproductionlineview.gui (line 1121 ): Could not find "energy_checkbox" in window resources
[23:04:19][0100.01.01.12][containerwindow.cpp:1020]: interface/countryproductionlineview.gui (line 1121 ): Could not find "energy_checkbox" in window resources
[23:04:19][0100.01.01.12][countrytechtreeview.cpp:839]: Found no grid box for tech infantry_at
[23:04:19][0100.01.01.12][countrytechtreeview.cpp:839]: Found no grid box for tech infantry_at2
[23:04:19][0100.01.01.12][countrytechtreeview.cpp:839]: Found no grid box for tech scout_plane1
[23:04:19][0100.01.01.12][countrytechtreeview.cpp:839]: Found no grid box for tech scout_plane2
[23:04:19][0100.01.01.12][countrytechtreeview.cpp:746]: Found multiple potential grid boxes for tech basic_battlecruiser (early_battleship_tree and early_heavy_cruiser_tree)
[23:04:19][0100.01.01.12][countrytechtreeview.cpp:746]: Found multiple potential grid boxes for tech basic_battlecruiser (early_battleship_tree and early_heavy_cruiser_tree)
[23:04:19][0100.01.01.12][countrytechtreeview.cpp:746]: Found multiple potential grid boxes for tech basic_heavy_armor_scheme (early_ship_hull_heavy_tree and basic_cruiser_armor_scheme_tree)
[23:04:19][0100.01.01.12][countrytechtreeview.cpp:746]: Found multiple potential grid boxes for tech improved_heavy_armor_scheme (early_ship_hull_heavy_tree and basic_cruiser_armor_scheme_tree)
[23:04:20][0100.01.01.12][gfx_dds_loader.cpp:325]: Expected more data in the texture mipmaps than was actually present in file "gfx/interface/technologies/lok_light_chemical_rocket_0.dds"
[23:04:20][0100.01.01.12][gfx_dds_loader.cpp:325]: Expected more data in the texture mipmaps than was actually present in file "gfx/interface/technologies/lok_heavy_chemical_rocket_0.dds"
[23:04:20][0100.01.01.12][gfx_dds_loader.cpp:325]: Expected more data in the texture mipmaps than was actually present in file "gfx/interface/technologies/lok_light_chemical_rocket_1.dds"
[23:04:20][0100.01.01.12][gfx_dds_loader.cpp:325]: Expected more data in the texture mipmaps than was actually present in file "gfx/interface/technologies/lok_heavy_chemical_rocket_1.dds"
[23:04:20][0100.01.01.12][gfx_dds_loader.cpp:325]: Expected more data in the texture mipmaps than was actually present in file "gfx/interface/technologies/lok_nerva_rocket.dds"
[23:04:20][0100.01.01.12][texturehandler.cpp:160]: Texture Handler encountered missing texture file: gfx/interface/technologies/mobile_warfare.dds
[23:04:20][0100.01.01.12][texturehandler.cpp:216]: Couldn't find texture file: 'gfx/interface/technologies/mobile_warfare.dds'
[23:04:20][0100.01.01.12][graphics.cpp:1345]: Failed to create gui object. Could not find sprite type [GFX_species_0]
[23:04:20][0100.01.01.12][graphics.cpp:1345]: Failed to create gui object. Could not find sprite type [GFX_species_0]
[23:04:20][0100.01.01.12][gfx_dds_loader.cpp:325]: Expected more data in the texture mipmaps than was actually present in file "gfx/event_pictures/report_event_kattail.dds"
[23:05:05][0100.01.15.15][triggerimplementation.cpp:3140]: common/factions/goals/faction_goals_short_term.txt:494: has_tech: Invalid tech
[23:05:05][0100.01.15.15][triggerimplementation.cpp:3140]: common/factions/goals/faction_goals_short_term.txt:498: has_tech: Invalid tech
[23:05:05][0100.01.15.15][triggerimplementation.cpp:3140]: common/factions/goals/faction_goals_short_term.txt:498: has_tech: Invalid tech
[23:05:05][0100.01.15.15][triggerimplementation.cpp:3140]: common/factions/goals/faction_goals_short_term.txt:498: has_tech: Invalid tech
[23:05:05][0100.01.15.15][triggerimplementation.cpp:3140]: common/factions/goals/faction_goals_short_term.txt:494: has_tech: Invalid tech
[23:05:05][0100.01.15.15][triggerimplementation.cpp:3140]: common/factions/goals/faction_goals_short_term.txt:494: has_tech: Invalid tech
[23:05:05][0100.01.15.15][triggerimplementation.cpp:3140]: common/factions/goals/faction_goals_short_term.txt:498: has_tech: Invalid tech
[23:05:05][0100.01.15.15][triggerimplementation.cpp:3140]: common/factions/goals/faction_goals_short_term.txt:498: has_tech: Invalid tech
[23:05:05][0100.01.15.15][triggerimplementation.cpp:3140]: common/factions/goals/faction_goals_short_term.txt:498: has_tech: Invalid tech
[23:05:05][0100.01.15.15][triggerimplementation.cpp:3140]: common/factions/goals/faction_goals_short_term.txt:498: has_tech: Invalid tech
[23:05:05][0100.01.15.15][triggerimplementation.cpp:3140]: common/factions/goals/faction_goals_short_term.txt:498: has_tech: Invalid tech
[23:05:05][0100.01.15.15][triggerimplementation.cpp:3140]: common/factions/goals/faction_goals_short_term.txt:498: has_tech: Invalid tech
[23:05:05][0100.01.15.15][triggerimplementation.cpp:3140]: common/factions/goals/faction_goals_short_term.txt:530: has_tech: Invalid tech
[23:05:05][0100.01.15.15][triggerbase.cpp:557]: common/scripted_triggers/00_scripted_triggers.txt:94: controller: invalid event target: CONTROLLER
[23:05:05][0100.01.15.15][triggerbase.cpp:557]: common/scripted_triggers/00_scripted_triggers.txt:94: controller: invalid event target: CONTROLLER
[23:05:05][0100.01.15.15][triggerbase.cpp:557]: common/scripted_triggers/00_scripted_triggers.txt:94: controller: invalid event target: CONTROLLER
[23:05:05][0100.01.15.15][triggerbase.cpp:557]: common/scripted_triggers/00_scripted_triggers.txt:94: controller: invalid event target: CONTROLLER
[23:05:05][0100.01.15.15][triggerbase.cpp:557]: common/scripted_triggers/00_scripted_triggers.txt:94: controller: invalid event target: CONTROLLER
[23:05:05][0100.01.15.15][triggerbase.cpp:557]: common/scripted_triggers/00_scripted_triggers.txt:94: controller: invalid event target: CONTROLLER
[23:05:05][0100.01.15.15][triggerbase.cpp:557]: common/scripted_triggers/00_scripted_triggers.txt:94: controller: invalid event target: CONTROLLER
[23:05:05][0100.01.15.15][triggerbase.cpp:557]: common/scripted_triggers/00_scripted_triggers.txt:94: controller: invalid event target: CONTROLLER
[23:05:05][0100.01.15.15][triggerbase.cpp:557]: common/scripted_triggers/00_scripted_triggers.txt:94: controller: invalid event target: CONTROLLER
[23:05:05][0100.01.15.15][triggerbase.cpp:557]: common/scripted_triggers/00_scripted_triggers.txt:94: controller: invalid event target: CONTROLLER
[23:05:05][0100.01.15.15][triggerbase.cpp:557]: common/scripted_triggers/00_scripted_triggers.txt:94: controller: invalid event target: CONTROLLER
[23:05:05][0100.01.15.15][triggerbase.cpp:557]: common/scripted_triggers/00_scripted_triggers.txt:94: controller: invalid event target: CONTROLLER
[23:05:05][0100.01.15.15][triggerbase.cpp:557]: common/scripted_triggers/00_scripted_triggers.txt:94: controller: invalid event target: CONTROLLER
[23:05:05][0100.01.15.15][triggerbase.cpp:557]: common/scripted_triggers/00_scripted_triggers.txt:94: controller: invalid event target: CONTROLLER
[23:05:05][0100.01.15.15][triggerbase.cpp:557]: common/scripted_triggers/00_scripted_triggers.txt:94: controller: invalid event target: CONTROLLER
[23:05:05][0100.01.15.15][triggerbase.cpp:557]: common/scripted_triggers/00_scripted_triggers.txt:94: controller: invalid event target: CONTROLLER
[23:05:05][0100.01.15.15][triggerbase.cpp:557]: common/scripted_triggers/00_scripted_triggers.txt:94: controller: invalid event target: CONTROLLER
[23:05:05][0100.01.15.15][triggerbase.cpp:557]: common/scripted_triggers/00_scripted_triggers.txt:94: controller: invalid event target: CONTROLLER
[23:05:05][0100.01.15.15][triggerbase.cpp:557]: common/scripted_triggers/00_scripted_triggers.txt:94: controller: invalid event target: CONTROLLER
[23:05:05][0100.01.15.15][triggerbase.cpp:557]: common/scripted_triggers/00_scripted_triggers.txt:94: controller: invalid event target: CONTROLLER
[23:05:05][0100.01.15.15][triggerbase.cpp:557]: common/scripted_triggers/00_scripted_triggers.txt:94: controller: invalid event target: CONTROLLER
[23:05:05][0100.01.15.15][triggerbase.cpp:557]: common/scripted_triggers/00_scripted_triggers.txt:94: controller: invalid event target: CONTROLLER
[23:05:05][0100.01.15.15][triggerbase.cpp:557]: common/scripted_triggers/00_scripted_triggers.txt:94: controller: invalid event target: CONTROLLER
[23:05:05][0100.01.15.15][triggerbase.cpp:557]: common/scripted_triggers/00_scripted_triggers.txt:94: controller: invalid event target: CONTROLLER
[23:05:05][0100.01.15.15][triggerbase.cpp:557]: common/scripted_triggers/00_scripted_triggers.txt:94: controller: invalid event target: CONTROLLER
[23:05:05][0100.01.15.15][triggerbase.cpp:557]: common/scripted_triggers/00_scripted_triggers.txt:94: controller: invalid event target: CONTROLLER
[23:05:05][0100.01.15.15][triggerbase.cpp:557]: common/scripted_triggers/00_scripted_triggers.txt:94: controller: invalid event target: CONTROLLER
[23:05:05][0100.01.15.15][triggerbase.cpp:557]: common/scripted_triggers/00_scripted_triggers.txt:94: controller: invalid event target: CONTROLLER
[23:05:05][0100.01.15.15][triggerbase.cpp:557]: common/scripted_triggers/00_scripted_triggers.txt:94: controller: invalid event target: CONTROLLER
[23:05:05][0100.01.15.15][triggerbase.cpp:557]: common/scripted_triggers/00_scripted_triggers.txt:94: controller: invalid event target: CONTROLLER
[23:05:05][0100.01.15.15][triggerbase.cpp:557]: common/scripted_triggers/00_scripted_triggers.txt:94: controller: invalid event target: CONTROLLER
[23:05:05][0100.01.15.15][triggerbase.cpp:557]: common/scripted_triggers/00_scripted_triggers.txt:94: controller: invalid event target: CONTROLLER
[23:05:05][0100.01.15.15][triggerbase.cpp:557]: common/scripted_triggers/00_scripted_triggers.txt:94: controller: invalid event target: CONTROLLER
[23:05:05][0100.01.15.15][triggerbase.cpp:557]: common/scripted_triggers/00_scripted_triggers.txt:94: controller: invalid event target: CONTROLLER
[23:05:05][0100.01.15.15][triggerbase.cpp:557]: common/scripted_triggers/00_scripted_triggers.txt:94: controller: invalid event target: CONTROLLER
[23:05:05][0100.01.15.15][triggerbase.cpp:557]: common/scripted_triggers/00_scripted_triggers.txt:94: controller: invalid event target: CONTROLLER
[23:05:05][0100.01.15.15][triggerbase.cpp:557]: common/scripted_triggers/00_scripted_triggers.txt:94: controller: invalid event target: CONTROLLER
[23:05:05][0100.01.15.15][triggerbase.cpp:557]: common/scripted_triggers/00_scripted_triggers.txt:94: controller: invalid event target: CONTROLLER
[23:05:05][0100.01.15.15][triggerbase.cpp:557]: common/scripted_triggers/00_scripted_triggers.txt:94: controller: invalid event target: CONTROLLER
[23:05:05][0100.01.15.15][triggerbase.cpp:557]: common/scripted_triggers/00_scripted_triggers.txt:94: controller: invalid event target: CONTROLLER
[23:05:05][0100.01.15.15][triggerbase.cpp:557]: common/scripted_triggers/00_scripted_triggers.txt:94: controller: invalid event target: CONTROLLER
[23:05:05][0100.01.15.15][triggerbase.cpp:557]: common/scripted_triggers/00_scripted_triggers.txt:94: controller: invalid event target: CONTROLLER
[23:05:05][0100.01.15.16][triggerbase.cpp:557]: common/scripted_triggers/00_scripted_triggers.txt:94: controller: invalid event target: CONTROLLER
[23:05:05][0100.01.15.16][triggerbase.cpp:557]: common/scripted_triggers/00_scripted_triggers.txt:94: controller: invalid event target: CONTROLLER
[23:05:05][0100.01.15.16][triggerbase.cpp:557]: common/scripted_triggers/00_scripted_triggers.txt:94: controller: invalid event target: CONTROLLER
[23:05:05][0100.01.15.16][triggerbase.cpp:557]: common/scripted_triggers/00_scripted_triggers.txt:94: controller: invalid event target: CONTROLLER
[23:05:05][0100.01.15.16][triggerbase.cpp:557]: common/scripted_triggers/00_scripted_triggers.txt:94: controller: invalid event target: CONTROLLER
[23:05:05][0100.01.15.16][triggerbase.cpp:557]: common/scripted_triggers/00_scripted_triggers.txt:94: controller: invalid event target: CONTROLLER
[23:05:05][0100.01.15.16][triggerbase.cpp:557]: common/scripted_triggers/00_scripted_triggers.txt:94: controller: invalid event target: CONTROLLER
[23:05:05][0100.01.15.16][triggerbase.cpp:557]: common/scripted_triggers/00_scripted_triggers.txt:94: controller: invalid event target: CONTROLLER
[23:05:05][0100.01.15.16][triggerbase.cpp:557]: common/scripted_triggers/00_scripted_triggers.txt:94: controller: invalid event target: CONTROLLER
[23:05:05][0100.01.15.16][triggerbase.cpp:557]: common/scripted_triggers/00_scripted_triggers.txt:94: controller: invalid event target: CONTROLLER
[23:05:05][0100.01.15.16][triggerbase.cpp:557]: common/scripted_triggers/00_scripted_triggers.txt:94: controller: invalid event target: CONTROLLER
[23:05:05][0100.01.15.16][triggerbase.cpp:557]: common/scripted_triggers/00_scripted_triggers.txt:94: controller: invalid event target: CONTROLLER
[23:05:05][0100.01.15.16][triggerbase.cpp:557]: common/scripted_triggers/00_scripted_triggers.txt:94: controller: invalid event target: CONTROLLER
[23:05:05][0100.01.15.16][triggerbase.cpp:557]: common/scripted_triggers/00_scripted_triggers.txt:94: controller: invalid event target: CONTROLLER
[23:05:05][0100.01.15.16][triggerbase.cpp:557]: common/scripted_triggers/00_scripted_triggers.txt:94: controller: invalid event target: CONTROLLER
[23:05:05][0100.01.15.16][triggerbase.cpp:557]: common/scripted_triggers/00_scripted_triggers.txt:94: controller: invalid event target: CONTROLLER
[23:05:05][0100.01.15.16][triggerbase.cpp:557]: common/scripted_triggers/00_scripted_triggers.txt:94: controller: invalid event target: CONTROLLER
[23:05:05][0100.01.15.16][triggerbase.cpp:557]: common/scripted_triggers/00_scripted_triggers.txt:94: controller: invalid event target: CONTROLLER
[23:05:05][0100.01.15.16][triggerbase.cpp:557]: common/scripted_triggers/00_scripted_triggers.txt:94: controller: invalid event target: CONTROLLER
[23:05:05][0100.01.15.16][triggerbase.cpp:557]: common/scripted_triggers/00_scripted_triggers.txt:94: controller: invalid event target: CONTROLLER
[23:05:05][0100.01.15.16][triggerbase.cpp:557]: common/scripted_triggers/00_scripted_triggers.txt:94: controller: invalid event target: CONTROLLER
[23:05:05][0100.01.15.16][triggerbase.cpp:557]: common/scripted_triggers/00_scripted_triggers.txt:94: controller: invalid event target: CONTROLLER
[23:05:05][0100.01.15.16][triggerbase.cpp:557]: common/scripted_triggers/00_scripted_triggers.txt:94: controller: invalid event target: CONTROLLER
[23:05:05][0100.01.15.16][triggerbase.cpp:557]: common/scripted_triggers/00_scripted_triggers.txt:94: controller: invalid event target: CONTROLLER
[23:05:05][0100.01.15.16][triggerbase.cpp:557]: common/scripted_triggers/00_scripted_triggers.txt:94: controller: invalid event target: CONTROLLER
[23:05:05][0100.01.15.16][triggerbase.cpp:557]: common/scripted_triggers/00_scripted_triggers.txt:94: controller: invalid event target: CONTROLLER
[23:05:05][0100.01.15.16][triggerbase.cpp:557]: common/scripted_triggers/00_scripted_triggers.txt:94: controller: invalid event target: CONTROLLER
[23:05:05][0100.01.15.16][triggerbase.cpp:557]: common/scripted_triggers/00_scripted_triggers.txt:94: controller: invalid event target: CONTROLLER
[23:05:05][0100.01.15.16][triggerbase.cpp:557]: common/scripted_triggers/00_scripted_triggers.txt:94: controller: invalid event target: CONTROLLER
[23:05:05][0100.01.15.16][triggerbase.cpp:557]: common/scripted_triggers/00_scripted_triggers.txt:94: controller: invalid event target: CONTROLLER
[23:05:05][0100.01.15.18][triggerimplementation.cpp:3140]: common/factions/goals/faction_goals_short_term.txt:494: has_tech: Invalid tech
[23:05:05][0100.01.15.18][triggerbase.cpp:557]: common/scripted_triggers/00_scripted_triggers.txt:94: controller: invalid event target: CONTROLLER
[23:05:05][0100.01.15.18][triggerbase.cpp:557]: common/scripted_triggers/00_scripted_triggers.txt:94: controller: invalid event target: CONTROLLER
[23:05:05][0100.01.15.18][triggerbase.cpp:557]: common/scripted_triggers/00_scripted_triggers.txt:94: controller: invalid event target: CONTROLLER
[23:05:05][0100.01.15.18][triggerbase.cpp:557]: common/scripted_triggers/00_scripted_triggers.txt:94: controller: invalid event target: CONTROLLER
[23:05:05][0100.01.15.18][triggerbase.cpp:557]: common/scripted_triggers/00_scripted_triggers.txt:94: controller: invalid event target: CONTROLLER
[23:05:05][0100.01.15.18][triggerbase.cpp:557]: common/scripted_triggers/00_scripted_triggers.txt:94: controller: invalid event target: CONTROLLER
[23:05:05][0100.01.15.18][triggerbase.cpp:557]: common/scripted_triggers/00_scripted_triggers.txt:94: controller: invalid event target: CONTROLLER
[23:05:05][0100.01.15.18][triggerbase.cpp:557]: common/scripted_triggers/00_scripted_triggers.txt:94: controller: invalid event target: CONTROLLER
[23:05:05][0100.01.15.18][triggerbase.cpp:557]: common/scripted_triggers/00_scripted_triggers.txt:94: controller: invalid event target: CONTROLLER
[23:05:06][0100.01.15.18][triggerbase.cpp:557]: common/scripted_triggers/00_scripted_triggers.txt:94: controller: invalid event target: CONTROLLER
[23:05:06][0100.01.15.18][triggerbase.cpp:557]: common/scripted_triggers/00_scripted_triggers.txt:94: controller: invalid event target: CONTROLLER
[23:05:06][0100.01.15.18][triggerbase.cpp:557]: common/scripted_triggers/00_scripted_triggers.txt:94: controller: invalid event target: CONTROLLER
[23:05:06][0100.01.15.18][triggerbase.cpp:557]: common/scripted_triggers/00_scripted_triggers.txt:94: controller: invalid event target: CONTROLLER
[23:05:06][0100.01.15.18][triggerbase.cpp:557]: common/scripted_triggers/00_scripted_triggers.txt:94: controller: invalid event target: CONTROLLER
[23:05:06][0100.01.15.18][triggerbase.cpp:557]: common/scripted_triggers/00_scripted_triggers.txt:94: controller: invalid event target: CONTROLLER
[23:05:06][0100.01.15.18][triggerbase.cpp:557]: common/scripted_triggers/00_scripted_triggers.txt:94: controller: invalid event target: CONTROLLER
[23:05:06][0100.01.15.18][triggerbase.cpp:557]: common/scripted_triggers/00_scripted_triggers.txt:94: controller: invalid event target: CONTROLLER
[23:05:06][0100.01.15.18][triggerbase.cpp:557]: common/scripted_triggers/00_scripted_triggers.txt:94: controller: invalid event target: CONTROLLER
