state_id,file,owner,population_k,category,species_shares,culture_shares,politics,warnings
4,4-East Infernum's Castle.txt,MER,1010.0,town,29:1.000000,68:1.000000,4:0.561174;5:0.112538;6:0.326288,
5,5-New Iantrus.txt,SLC,5810.0,megalopolis,49:1.000000,51:1.000000,9:1.000000,
7,7-State_7.txt,HYP,3500.0,large_city,1:1.000000,38:1.000000,7:0.134916;8:0.865084,
8,8-State_8.txt,HYP,1200.0,large_town,1:1.000000,38:1.000000,7:0.170522;8:0.829478,
11,11-State_11.txt,HYP,1900.0,large_town,1:1.000000,38:1.000000,7:0.189502;8:0.810498,
12,12-Pawldrininsel.txt,IMF,95.0,rural,1:0.751032;4:0.248968,4:1.000000,6:1.000000,
13,13-State_13.txt,SIL,2450.0,large_town,1:1.000000,21:1.000000,4:0.066748;7:0.933252,
14,14-State_14.txt,HYP,1876.924,town,1:1.000000,38:1.000000,7:0.155139;8:0.844861,
15,15-State_15.txt,POT,1669.231,large_town,1:1.000000,38:1.000000,1:0.105787;2:0.141050;7:0.753163,
16,16-Nordkatzrrhen.txt,IMF,210.0,town,1:0.746596;4:0.253404,4:1.000000,6:1.000000,
18,18-State_18.txt,ZUS,4200.0,city,4:1.000000,72:1.000000,0:0.007062;2:0.013171;7:0.979767,
19,19-State_19.txt,SIL,1720.0,large_town,1:1.000000,21:0.559522;38:0.440478,3:0.028304;6:0.696852;8:0.274844,
20,20-State_20.txt,IMF,1080.0,town,1:0.739457;4:0.260543,4:0.560959;72:0.439041,6:1.000000,
21,21-State_21.txt,SIL,3500.0,town,1:1.000000,21:1.000000,3:0.131147;7:0.868853,
22,22-State_22.txt,NAV,1250.0,city,1:1.000000,27:1.000000,6:0.183369;7:0.816631,
23,23-State_23.txt,SIL,1950.0,town,1:1.000000,21:1.000000,8:1.000000,
24,24-State_24.txt,NAV,1250.0,town,1:1.000000,27:1.000000,6:0.148652;7:0.851348,
25,25-State_25.txt,NEU,2950.0,city,1:1.000000,38:1.000000,6:0.099502;8:0.900498,
27,27-State_27.txt,SIL,7200.0,city,1:1.000000,1:0.473981;21:0.526019,4:0.029519;7:0.796831;8:0.173650,
28,28-State_28.txt,SOB,2100.0,large_town,2:1.000000,28:1.000000,0:0.927567;2:0.051190;7:0.021243,
29,29-State_29.txt,SIL,8100.0,large_town,1:1.000000,1:0.452998;21:0.547002,0:0.244757;3:0.249839;8:0.505404,
30,30-State_30.txt,SIL,6900.0,large_city,1:1.000000,1:0.463962;21:0.536038,0:0.186177;3:0.258340;8:0.555483,
31,31-State_31.txt,SIL,1900.0,town,1:1.000000,21:1.000000,6:1.000000,
32,32-State_32.txt,NAV,5750.0,megalopolis,1:0.751203;4:0.248797,4:1.000000,6:0.142787;7:0.857213,
33,33-State_33.txt,ZUS,3700.0,large_town,4:1.000000,72:1.000000,1:0.439705;2:0.010155;7:0.550140,
34,34-State_34.txt,SIL,27500.0,megalopolis,1:1.000000,1:1.000000,0:0.060115;2:0.046211;8:0.893674,
36,36-State_36.txt,SIL,26500.0,megalopolis,1:1.000000,1:1.000000,2:0.178969;4:0.174494;8:0.646537,
37,37-State_37.txt,PTQ,2258.667,town,1:0.739676;4:0.260324,4:1.000000,1:0.056953;2:0.020182;6:0.922865,
38,38-State_38.txt,SIL,4100.0,town,1:1.000000,21:1.000000,2:0.000010;5:0.999884;8:0.000106,
39,39-State_39.txt,SIL,7500.0,large_city,1:1.000000,1:0.489684;21:0.510316,2:0.106075;6:0.893925,
40,40-State_40.txt,FRA,3900.0,large_town,1:1.000000,39:1.000000,2:0.129735;4:0.364191;6:0.506074,
41,41-State_41.txt,NEU,6800.0,city,1:1.000000,21:0.513379;39:0.486621,6:0.118167;7:0.268686;8:0.613147,
42,42-State_42.txt,SIL,9200.0,large_city,1:1.000000,1:0.534971;21:0.465029,2:0.019282;3:0.118595;7:0.862123,
43,43-State_43.txt,SIL,1350.0,rural,1:1.000000,21:0.402976;40:0.597024,6:0.490012;7:0.509988,
44,44-State_44.txt,SIL,24000.0,megalopolis,1:1.000000,1:1.000000,3:0.103194;7:0.896806,
45,45-State_45.txt,SIL,26500.0,megalopolis,1:1.000000,1:1.000000,0:0.048727;4:0.038481;8:0.912792,
47,47-State_47.txt,SIL,2200.0,town,1:1.000000,21:0.484507;3:0.515493,3:0.181294;6:0.685788;8:0.132919,
48,48-State_48.txt,FRA,2100.0,town,1:1.000000,27:0.563504;39:0.436496,2:0.109499;3:0.212349;4:0.678152,
49,49-State_49.txt,NKC,5670.0,large_town,5:1.000000,74:1.000000,6:0.148602;7:0.851398,
50,50-State_50.txt,SIL,11500.0,large_city,1:1.000000,1:0.549699;21:0.450301,2:0.016388;6:0.275623;8:0.707989,
51,51-Pierwysp.txt,MER,350.0,town,29:1.000000,68:1.000000,7:0.950681;8:0.049319,
52,52-Or Tigas.txt,KOL,220.0,pastoral,58:1.000000,55:1.000000,0:0.232749;6:0.767251,
54,54-State_54.txt,PTQ,1940.0,rural,1:0.632064;4:0.367936,4:1.000000,0:0.855689;2:0.144311,
55,55-Duuhr Sanctuary.txt,DUR,5000.0,town,50:1.000000,52:1.000000,9:1.000000,
56,56-Fajnawysp.txt,MER,550.0,town,29:1.000000,68:1.000000,0:0.214957;1:0.003097;6:0.781946,
57,57-State_57.txt,SIL,2500.0,town,1:1.000000,21:0.462879;3:0.537121,2:0.119878;3:0.880122,
58,58-State_58.txt,FRA,5700.0,city,1:1.000000,39:1.000000,1:0.062681;2:0.273090;6:0.664228,
59,59-State_59.txt,KOL,370.0,pastoral,58:1.000000,53:1.000000,6:0.009267;7:0.990733,
60,60-State_60.txt,NAV,4250.0,metropolis,1:1.000000,27:1.000000,6:0.178044;7:0.821956,
62,62-State_62.txt,PAW,2387.5,large_town,1:1.000000,40:1.000000,4:0.260860;8:0.739140,
65,65-State_65.txt,CLE,1434.285,town,1:1.000000,3:1.000000,0:0.357505;7:0.642495,
66,66-State_66.txt,CLE,3200.0,large_town,1:0.763879;11:0.236121,3:1.000000,3:0.120850;8:0.879150,
67,67-Drugirafa.txt,MER,630.0,town,29:1.000000,68:1.000000,3:0.000034;7:0.999966,
68,68-State_68.txt,ENO,12.0,pastoral,27:1.000000,,1:0.381626;5:0.618374,no resolvable starting species/culture; relevant array left all-zero
69,69-Clawlingen.txt,TAI,1414.736,city,1:1.000000,3:1.000000,3:0.024258;7:0.628001;8:0.347741,
70,70-State_70.txt,PTQ,2460.0,rural,1:1.000000,4:1.000000,0:0.015507;2:0.012907;6:0.971586,
71,71-State_71.txt,TEM,3252.632,large_town,27:1.000000,82:1.000000,6:0.233406;8:0.766594,
73,73-State_73.txt,DUR,5000.0,rural,50:1.000000,52:1.000000,9:1.000000,
74,74-State_74.txt,CLE,1738.462,large_town,1:1.000000,3:1.000000,1:0.294953;7:0.705047,
76,76-State_76.txt,FOD,4765.388,city,24:0.789656;1:0.210344,81:1.000000,3:0.029472;8:0.970528,
78,78-Tigar.txt,TAI,1173.333,rural,1:1.000000,3:1.000000,3:0.133467;7:0.866533,
79,79-Clawsoule.txt,NKB,1631.25,pastoral,1:1.000000,39:1.000000,3:0.016834;5:0.260075;7:0.723091,
80,80-Treciakraina.txt,MER,420.0,town,29:1.000000,68:1.000000,5:0.656433;6:0.343567,
82,82-Mount Fleather.txt,FLE,1254.279,town,28:0.627323;1:0.372677,77:1.000000,3:0.461538;4:0.276923;6:0.261538,
83,83-State_83.txt,SOB,240.0,small_island,2:1.000000,5:1.000000,2:0.126847;6:0.873153,
84,84-Mousing.txt,TAI,1296.842,large_town,1:1.000000,3:1.000000,4:0.121154;7:0.878846,
85,85-State_85.txt,MEC,5700.0,metropolis,1:0.765660;9:0.234340,29:1.000000,2:0.140000;6:0.280000;7:0.580000,
87,87-State_87.txt,OST,747.5,large_town,1:0.611368;9:0.388632,25:1.000000,3:0.040301;6:0.365776;7:0.593923,
88,88-State_88.txt,PTQ,2540.0,town,1:1.000000,4:1.000000,0:0.452482;2:0.547518,
89,89-State_89.txt,OST,1140.0,town,1:1.000000,25:1.000000,6:0.695517;7:0.304483,
90,90-State_90.txt,ELO,4700.0,large_city,1:1.000000,3:1.000000,1:0.267441;2:0.035907;6:0.696652,
91,91-North Fleatherclaw.txt,FLM,58.19,rural,28:0.791964;1:0.208036,77:1.000000,0:0.181818;1:0.181818;8:0.636364,
93,93-State_93.txt,FOD,1726.833,large_town,24:0.647897;1:0.352103,81:1.000000,3:0.016261;8:0.983739,
94,94-State_94.txt,AUR,1389.473,large_town,1:1.000000,3:1.000000,1:0.330073;7:0.669927,
95,95-State_95.txt,STR,1960.0,rural,1:1.000000,24:0.431994;4:0.568006,2:0.023166;5:0.976834,
96,96-STATE_1575.txt,MCF,1371.241,rural,13:0.640542;0:0.359458,11:1.000000,6:0.485105;7:0.514895,
97,97-State_97.txt,OST,415.0,rural,1:1.000000,25:1.000000,3:0.090663;4:0.063947;7:0.845391,
98,98-State_98.txt,STR,2700.0,town,1:1.000000,24:0.469385;4:0.530615,2:0.044709;5:0.955291,
99,99-State_99.txt,OST,648.148,town,1:1.000000,25:0.591029;41:0.408971,3:0.303424;4:0.696576,
100,100-South Fleatherclaw.txt,FLS,149.809,rural,28:0.740532;1:0.259468,77:1.000000,2:0.409091;3:0.136364;7:0.454545,
103,103-State_103.txt,STR,2200.0,town,1:1.000000,24:1.000000,2:0.040512;5:0.959488,
104,104-State_104.txt,STR,2300.0,town,1:1.000000,24:1.000000,1:0.018735;2:0.035486;5:0.945779,
105,105-State_105.txt,KKN,1505.693,large_town,1:0.736008;7:0.263992,82:1.000000,5:0.136154;8:0.863846,
106,106-State_106.txt,AUR,991.305,town,1:1.000000,3:0.516370;42:0.483630,0:0.932033;6:0.028290;8:0.039677,
108,108-State_108.txt,WAC,4181.333,large_town,1:0.687756;7:0.312244,82:1.000000,1:0.843427;3:0.026425;7:0.130148,
109,109-State_109.txt,WAC,1400.0,wasteland,1:0.690140;7:0.309860,82:1.000000,1:0.626416;5:0.307024;7:0.066560,
110,110-State_110.txt,MEW,7000.0,city,1:1.000000,25:0.432558;24:0.567442,0:0.932571;1:0.064157;4:0.003271,
111,111-State_111.txt,STR,2500.0,town,1:1.000000,24:1.000000,2:0.002212;5:0.522028;6:0.475760,
113,113-State_113.txt,MEW,5000.0,town,1:1.000000,24:1.000000,0:0.714465;2:0.285535,
115,115-State_115.txt,PRL,4800.0,town,1:1.000000,42:1.000000,3:0.690855;7:0.309145,
116,116-State_116.txt,AUR,4987.826,large_city,1:1.000000,42:1.000000,4:0.057720;7:0.358429;8:0.583852,
117,117-State_117.txt,WAC,2110.769,town,1:0.774350;7:0.225650,82:1.000000,1:0.873511;4:0.016278;7:0.110211,
118,118-Solagnaw.txt,WPR,738.636,large_town,1:1.000000,25:1.000000,1:1.000000,
119,119-Katzil.txt,WPR,2000.0,town,1:1.000000,41:1.000000,3:0.047745;5:0.151813;7:0.800442,
120,120-State_120.txt,KKN,2880.059,large_town,7:0.641250;1:0.358750,82:1.000000,3:0.034584;8:0.965416,
121,121-State_121.txt,STR,2320.0,town,1:1.000000,24:1.000000,1:0.469022;2:0.325909;8:0.205069,
122,122-State_122.txt,MEW,3400.0,town,1:1.000000,25:1.000000,0:0.524570;3:0.050136;7:0.425294,
123,123-State_123.txt,KKN,1950.858,town,1:0.678012;7:0.321988,82:1.000000,7:0.099140;8:0.900860,
124,124-State_124.txt,KKN,817.61,town,7:0.742910;1:0.257090,82:1.000000,3:1.000000,
128,128-State_128.txt,KKN,2699.787,town,7:0.798189;1:0.201811,82:1.000000,4:0.006966;8:0.993034,
131,131-State_131.txt,LIO,1530.0,town,1:1.000000,24:1.000000,3:0.000239;6:0.946709;8:0.053052,
132,132-State_132.txt,LIO,3700.0,rural,1:1.000000,24:1.000000,3:0.000418;6:0.801749;8:0.197833,
133,133-Meterhills.txt,WPR,412.903,rural,1:1.000000,41:1.000000,2:0.542297;7:0.457703,
135,135-State_135.txt,LIO,1500.0,pastoral,1:1.000000,41:1.000000,6:1.000000,
136,136-Western_Grand_Hills.txt,WPR,1061.224,town,1:1.000000,41:1.000000,3:0.462972;4:0.537028,
138,138-State_138.txt,PRL,2300.0,large_town,1:1.000000,41:0.433319;2:0.566681,3:0.795905;6:0.204095,
140,140-Itchiloo.txt,PRL,985.0,town,1:1.000000,2:1.000000,2:0.154966;3:0.845034,
142,142-Cuddlezone.txt,WPR,2500.0,town,1:1.000000,41:1.000000,0:0.203559;3:0.208740;6:0.587701,
143,143-State_143.txt,WAC,1400.0,rural,1:0.652084;58:0.347916,82:1.000000,1:0.810908;4:0.019370;7:0.169722,
146,146-State_146.txt,KPK,2226.0,city,1:0.702460;7:0.297540,75:1.000000,1:0.538462;4:0.461538,
147,147-State_147.txt,RST,2360.0,town,3:1.000000,67:1.000000,1:0.983260;3:0.016740,
149,149-State_149.txt,ACR,2596.173,town,24:1.000000,83:1.000000,2:0.566877;3:0.433123,culture missing; inherited owner modal culture 83
151,151-State_151.txt,BRA,1700.0,town,10:1.000000,70:1.000000,0:0.499117;1:0.500883,
152,152-STATE_1574.txt,ACR,1140.567,town,24:1.000000,81:1.000000,1:0.916638;3:0.083362,
153,153-State_153.txt,LIO,1700.0,rural,1:1.000000,44:1.000000,4:0.000743;6:0.999257,
156,156-State_156.txt,PRL,1425.806,large_town,1:1.000000,2:1.000000,3:0.774779;6:0.088666;7:0.136555,
159,159-State_159.txt,LIO,2420.0,large_town,1:1.000000,44:1.000000,4:0.000152;6:0.517653;7:0.482195,
161,161-Vhi Gherizad.txt,KOL,240.0,rural,58:1.000000,55:1.000000,4:0.056188;6:0.006680;7:0.937132,
165,165-State_165.txt,NMI,8900.0,city,8:0.705399;1:0.294601,52:0.414124;75:0.585876,9:1.000000,
166,166-State_166.txt,FOD,2718.393,town,7:0.719359;1:0.280641,81:1.000000,3:0.020068;7:0.096194;8:0.883739,
168,168-State_168.txt,CAT,3620.689,large_town,1:1.000000,44:1.000000,3:0.162500;4:0.741987;6:0.095513,
169,169-State_169.txt,CAT,1250.0,pastoral,1:1.000000,44:1.000000,3:0.133945;4:0.866055,
171,171-State_171.txt,EUL,3920.0,town,7:1.000000,,1:0.550000;2:0.212143;3:0.237857,no resolvable starting species/culture; relevant array left all-zero
173,173-State_173.txt,PRL,15000.0,metropolis,1:1.000000,2:1.000000,2:0.043665;3:0.799268;6:0.157067,
174,174-State_174.txt,LIO,1907.142,city,1:1.000000,45:0.426426;44:0.573574,3:0.000497;6:0.999503,
176,176-STATE_1573.txt,ACR,1282.013,large_town,24:1.000000,83:1.000000,1:1.000000,culture missing; inherited owner modal culture 83
177,177-State_177.txt,CAT,2215.152,large_city,1:1.000000,43:1.000000,4:0.698717;6:0.301283,
179,179-State_179.txt,RST,2600.0,town,3:1.000000,67:1.000000,1:0.792384;3:0.019496;4:0.188119,
183,183-State_183.txt,ACR,497.0,city,1:0.759428;7:0.240572,83:1.000000,1:0.874547;2:0.081646;3:0.043807,
188,188-State_188.txt,BRA,1470.0,town,10:1.000000,70:1.000000,3:0.020501;4:0.979499,
189,189-State_189.txt,RST,1930.0,town,3:1.000000,67:1.000000,1:1.000000,
191,191-State_191.txt,PRL,1400.0,town,1:0.700968;3:0.299032,2:1.000000,3:0.746159;6:0.253841,
192,192-State_192.txt,PRL,6800.0,large_city,1:0.708804;9:0.291196,2:1.000000,0:0.006945;3:0.859938;7:0.133117,
197,197-State_197.txt,MEO,1200.0,large_town,1:0.704589;7:0.295411,45:1.000000,6:0.011658;7:0.988342,
200,200-State_200.txt,FOD,3930.3,town,7:0.666490;1:0.333510,81:1.000000,4:0.079472;8:0.920528,
201,201-State_201.txt,ACR,371.0,city,1:0.736617;24:0.263383,83:1.000000,1:0.896969;3:0.103031,
202,202-STATE_1572.txt,KKN,12844.897,megalopolis,7:0.732264;1:0.267736,81:1.000000,3:0.157892;4:0.078559;7:0.763549,
203,203-State_203.txt,ACR,2447.965,town,24:1.000000,83:1.000000,0:0.037465;1:0.825547;2:0.136989,culture missing; inherited owner modal culture 83
204,204-State_204.txt,CAT,1005.882,town,1:1.000000,43:1.000000,4:0.521695;7:0.478305,
206,206-State_206.txt,CAT,900.0,wasteland,1:1.000000,44:1.000000,4:0.345928;5:0.654072,
207,207-STATE_1571.txt,ROQ,775.132,town,3:1.000000,7:1.000000,4:0.619777;7:0.380223,
209,209-Paktu.txt,UMR,13790.0,large_city,57:0.625889;1:0.374111,78:1.000000,4:0.060283;6:0.821148;8:0.118569,
212,212-Jérezucar.txt,GAL,2300.0,rural,25:1.000000,71:1.000000,2:0.049691;6:0.950309,
213,213-State_213.txt,KUS,3288.0,city,1:0.799982;12:0.200018,2:1.000000,1:0.258060;3:0.231714;4:0.510226,
215,215-State_215.txt,RST,5960.0,large_town,3:1.000000,67:1.000000,3:0.552987;5:0.447013,
216,216-State_216.txt,ACR,14840.0,large_town,24:1.000000,83:1.000000,0:0.686364;2:0.313636,culture missing; inherited owner modal culture 83
218,218-State_218.txt,KUS,6050.0,large_city,12:0.711602;1:0.288398,48:1.000000,0:0.450578;1:0.393114;3:0.156308,
219,219-STATE_1570.txt,ROQ,1436.409,town,3:0.627617;0:0.372383,6:1.000000,4:0.810865;8:0.189135,
220,220-State_220.txt,HIM,1200.0,town,1:1.000000,44:1.000000,6:0.303103;7:0.696897,
223,223-State_223.txt,ROQ,125.0,rural,3:1.000000,67:1.000000,8:1.000000,
225,225-State_225.txt,KUS,2160.0,city,12:0.734586;1:0.265414,20:0.561575;48:0.438425,1:0.058747;3:0.067650;7:0.873603,
226,226-State_226.txt,ACR,3200.0,city,7:0.726459;24:0.273541,83:1.000000,0:0.690488;3:0.309512,culture missing; inherited owner modal culture 83
227,227-State_227.txt,ACR,4660.0,large_town,24:0.738811;7:0.261189,83:1.000000,0:0.287612;2:0.452174;3:0.260215,culture missing; inherited owner modal culture 83
228,228-State_228.txt,KHA,560.0,town,22:1.000000,64:1.000000,4:0.519249;7:0.480751,
229,229-State_229.txt,KUS,2450.0,town,12:0.695132;1:0.304868,48:0.568715;49:0.431285,1:0.300109;2:0.359344;6:0.340547,
231,231-State_231.txt,KUS,2590.0,rural,12:0.740507;1:0.259493,20:0.590852;48:0.409148,3:0.225562;8:0.774438,
233,233-State_233.txt,NEK,780.0,town,14:1.000000,49:1.000000,0:0.941339;1:0.057812;2:0.000849,
234,234-Aveibrigado.txt,PGN,16080.0,city,25:1.000000,97:1.000000,1:0.061005;2:0.014006;7:0.924988,
236,236-State_236.txt,FSR,5290.0,large_city,1:0.740202;3:0.259798,20:1.000000,5:0.138771;7:0.167372;8:0.693856,
238,238-State_238.txt,RQA,2740.0,town,1:0.745538;3:0.254462,20:0.475608;6:0.524392,5:0.104691;6:0.348971;7:0.546338,
239,239-South Wolfen's Coast.txt,NEK,210.0,town,14:1.000000,49:1.000000,0:0.687198;1:0.312802,
240,240-State_240.txt,NEK,1260.0,town,14:1.000000,49:1.000000,0:0.360387;1:0.639613,
241,241-State_241.txt,NEK,1650.0,town,14:1.000000,49:1.000000,0:0.635093;1:0.277932;8:0.086974,
242,242-State_242.txt,DOM,5080.0,large_town,1:0.759716;13:0.240284,20:0.583501;11:0.416499,2:0.031664;6:0.079159;8:0.889177,
243,243-State_243.txt,NEK,940.0,town,14:1.000000,49:1.000000,0:0.427530;1:0.504900;8:0.067570,
244,244-State_244.txt,DOM,2480.0,town,1:0.629852;13:0.370148,20:0.429700;11:0.570300,1:0.064859;7:0.583734;8:0.351407,
245,245-State_245.txt,RQA,5770.0,large_town,1:0.742734;3:0.257266,20:0.438556;6:0.561444,3:0.082858;7:0.751426;8:0.165716,
247,247-Cookartagena.txt,SMI,12100.0,city,1:0.768664;25:0.231336,95:1.000000,2:0.012563;6:0.133057;7:0.854380,
248,248-State_248.txt,NEK,1650.0,rural,14:1.000000,49:0.495380;11:0.504620,2:1.000000,
250,250-State_250.txt,VIX,1850.0,town,12:1.000000,63:1.000000,0:0.418029;3:0.581971,
252,252-South Western New Kastra.txt,RQP,4170.0,large_city,25:0.799576;3:0.200424,71:1.000000,3:0.127575;4:0.800710;7:0.071715,
254,254-State_254.txt,FSR,5600.0,city,1:0.789045;3:0.210955,20:0.449611;6:0.550389,3:0.047815;6:0.059434;7:0.892751,
255,255-State_255.txt,FSR,2160.0,large_town,1:0.613114;3:0.386886,20:1.000000,3:0.041469;4:0.339861;7:0.618670,
256,256-State_256.txt,LMB,2568.194,town,3:0.774442;1:0.225558,6:1.000000,3:0.381184;6:0.618816,
258,258-State_258.txt,ROQ,4947.232,large_city,3:0.729059;1:0.270941,6:1.000000,0:0.049633;4:0.840467;8:0.109900,
260,260-State_260.txt,LMB,301.003,town,3:0.693405;1:0.306595,6:1.000000,4:0.140940;5:0.113145;6:0.745916,
261,261-State_261.txt,VIX,5850.0,city,12:1.000000,49:0.562692;63:0.437308,1:0.559347;3:0.440653,
262,262-State_262.txt,KAP,5569.966,large_town,48:0.789717;47:0.210283,90:1.000000,3:0.650423;5:0.349577,
264,264-State_264.txt,KHA,390.0,town,22:1.000000,64:1.000000,6:0.469035;7:0.530965,
265,265-State_265.txt,MCF,6270.0,large_town,13:1.000000,11:1.000000,3:0.142076;7:0.857924,
266,266-State_266.txt,ACR,10020.0,megalopolis,24:0.713721;7:0.286279,83:1.000000,1:0.729895;2:0.119422;3:0.150683,culture missing; inherited owner modal culture 83
267,267-State_267.txt,KHA,760.0,large_town,22:1.000000,65:1.000000,7:0.922017;8:0.077983,
269,269-State_269.txt,MCF,2265.374,large_town,13:1.000000,11:1.000000,4:0.189342;7:0.810658,
270,270-State_270.txt,NEK,1260.0,town,14:1.000000,49:1.000000,0:0.808669;2:0.008370;8:0.182961,
271,271-State_271.txt,SLR,6310.0,town,3:1.000000,57:1.000000,1:0.826369;3:0.173631,
272,272-State_272.txt,LMB,2540.0,town,3:0.733800;1:0.266200,6:1.000000,3:0.140057;5:0.252145;6:0.607798,
273,273-State_273.txt,SLR,6310.0,large_town,3:1.000000,56:1.000000,0:0.634462;2:0.365538,
274,274-State_274.txt,VIX,3720.0,town,12:1.000000,61:0.507934;63:0.492066,0:0.188257;2:0.075813;3:0.735930,
275,275-State_275.txt,NEK,6000.0,large_city,14:1.000000,49:1.000000,0:0.986305;2:0.010529;7:0.003166,
276,276-State_276.txt,ROQ,2164.126,large_town,3:0.663960;1:0.336040,7:1.000000,4:0.739613;8:0.260387,
277,277-State_277.txt,KHA,560.0,town,22:1.000000,65:1.000000,2:0.081171;5:0.519249;7:0.399580,
278,278-State_278.txt,ROQ,4963.0,town,3:0.788234;1:0.211766,6:1.000000,0:0.351479;4:0.648521,
281,281-State_281.txt,ROQ,4765.953,large_city,3:1.000000,6:1.000000,0:0.075685;4:0.855908;7:0.068407,
282,282-Kattailhain.txt,SIL,1250.0,rural,1:1.000000,21:1.000000,7:0.836960;8:0.163040,
283,283-State_283.txt,ELO,1561.539,large_town,1:1.000000,3:1.000000,0:0.905578;6:0.094422,
284,284-Solemom.txt,FKS,2610.0,town,1:0.707948;25:0.292052,95:0.576952;97:0.423048,1:0.760345;2:0.098858;6:0.140797,
285,285-State_285.txt,ROQ,15344.0,metropolis,3:0.784022;9:0.215978,37:1.000000,4:0.772420;8:0.227580,
286,286-State_286.txt,NEK,2650.0,town,14:1.000000,49:1.000000,0:0.890528;1:0.107451;2:0.002021,
287,287-Isle_Of_Nyan.txt,NEK,1430.0,town,14:1.000000,49:1.000000,2:0.554312;7:0.445688,
288,288-Doughvila.txt,PGN,2860.0,town,25:1.000000,97:1.000000,2:0.014970;6:0.522361;7:0.462669,
289,289-State_289.txt,VIX,6700.0,megalopolis,12:1.000000,63:1.000000,3:0.632128;7:0.367872,
290,290-Magdalonja.txt,FKS,2910.0,town,25:1.000000,97:1.000000,3:0.040372;6:0.764262;7:0.195366,
291,291-State_291.txt,GAL,1980.0,town,25:1.000000,71:1.000000,2:0.034375;6:0.965625,
292,292-State_292.txt,ROQ,10381.0,large_city,3:0.633664;9:0.366336,7:1.000000,4:0.727861;7:0.038606;8:0.233533,
293,293-State_293.txt,ROQ,1225.0,town,3:0.732631;1:0.267369,6:1.000000,4:0.807159;8:0.192841,
294,294-State_294.txt,MCF,4650.0,large_town,13:1.000000,50:1.000000,2:0.003624;6:0.491698;7:0.504679,
295,295-State_295.txt,ROQ,6468.0,town,3:0.634979;9:0.365021,7:1.000000,4:0.881088;8:0.118912,
296,296-State_296.txt,ROQ,1799.0,town,3:0.674897;1:0.325103,7:0.448689;6:0.551311,0:0.247422;4:0.752578,
297,297-State_297.txt,ROQ,1840.244,town,3:1.000000,6:1.000000,4:0.831822;8:0.168178,
299,299-State_299.txt,LMB,6180.0,large_town,3:0.755933;1:0.244067,6:1.000000,3:0.058290;4:0.099645;6:0.842065,
300,300-Valledupèr.txt,FKS,2990.0,town,1:0.797436;25:0.202564,95:0.510749;96:0.489251,0:0.663712;3:0.336288,
301,301-State_301.txt,LMB,3340.0,town,3:0.759003;1:0.240997,6:1.000000,3:0.553692;5:0.446308,
302,302-State_302.txt,FST,4080.0,town,1:1.000000,61:1.000000,3:0.383786;7:0.616214,
303,303-State_303.txt,ROQ,7200.991,large_city,3:0.742741;1:0.257259,58:1.000000,0:0.037239;4:0.893708;7:0.069053,
306,306-State_306.txt,ROQ,4592.0,town,3:1.000000,7:1.000000,4:0.827720;8:0.172280,
307,307-State_307.txt,ROQ,3920.0,town,3:0.755515;1:0.244485,6:1.000000,0:0.305972;4:0.694028,
308,308-State_308.txt,ROQ,861.0,town,3:1.000000,7:1.000000,4:0.448997;7:0.095034;8:0.455969,
309,309-Rozzmione.txt,PRC,10597.742,metropolis,47:1.000000,88:1.000000,1:0.547687;4:0.388082;8:0.064231,
311,311-State_311.txt,KHA,780.0,large_town,22:1.000000,65:1.000000,3:0.189070;7:0.810930,
313,313-State_313.txt,MCF,2492.307,town,13:1.000000,11:1.000000,3:0.107522;4:0.021496;6:0.870982,
314,314-State_314.txt,ROQ,3395.982,city,3:0.644684;1:0.355316,7:1.000000,4:0.639591;7:0.360409,
316,316-State_316.txt,ROQ,2961.0,town,3:1.000000,7:1.000000,4:0.869448;7:0.060035;8:0.070517,
317,317-State_317.txt,KHA,910.0,town,22:1.000000,64:1.000000,8:1.000000,
319,319-State_319.txt,ROQ,2940.0,town,3:1.000000,7:0.543591;6:0.456409,4:0.737031;7:0.262969,
320,320-State_320.txt,ROQ,26271.0,megalopolis,3:0.678859;1:0.321141,6:1.000000,4:0.894991;7:0.089841;8:0.015167,
321,321-State_321.txt,PER,2453.344,town,3:0.675523;1:0.324477,7:1.000000,3:0.040334;4:0.012795;6:0.946871,
322,322-Zharr Station.txt,PAN,2510.0,rural,60:1.000000,79:1.000000,3:0.128828;6:0.381315;7:0.489857,
323,323-State_323.txt,PER,6040.0,large_town,3:0.606591;9:0.393409,7:1.000000,3:0.105672;6:0.894328,
324,324-Kattenburg_Airbase.txt,PTQ,821.333,town,1:1.000000,64:1.000000,1:0.209124;6:0.790876,
325,325-State_325.txt,ROQ,5654.544,city,3:1.000000,58:1.000000,0:0.150879;4:0.813207;8:0.035914,
326,326-State_326.txt,MUL,1604.05,town,45:0.605933;47:0.394067,89:1.000000,0:0.176380;6:0.823620,
327,327-State_327.txt,SLR,6670.0,megalopolis,3:1.000000,57:1.000000,0:0.934453;2:0.065547,
328,328-State_328.txt,SLR,11450.0,large_city,3:1.000000,57:1.000000,0:0.706051;1:0.230910;4:0.063039,
332,332-State_332.txt,ROQ,4697.0,town,3:0.676588;1:0.323412,7:1.000000,4:0.775164;8:0.224836,
333,333-State_333.txt,FST,2370.0,rural,1:1.000000,61:1.000000,3:0.007749;4:0.022910;8:0.969341,
334,334-State_334.txt,RSA,130.0,town,3:1.000000,7:1.000000,4:0.747692;5:0.252308,
336,336-State_336.txt,ALK,2590.0,metropolis,28:0.715077;3:0.284923,46:0.441677;47:0.558323,3:0.085876;6:0.742373;7:0.171751,
337,337-State_337.txt,TEN,6710.0,town,3:0.682059;0:0.317941,66:1.000000,1:0.043816;4:0.022127;7:0.934058,
338,338-Albathorn.txt,SMP,4815.966,large_town,44:1.000000,86:1.000000,1:0.463756;2:0.023194;6:0.513049,
339,339-State_339.txt,PLR,220.0,town,15:1.000000,33:1.000000,1:1.000000,
340,340-State_340.txt,TAK,31.5,rural,3:1.000000,36:1.000000,4:1.000000,
341,341-State_341.txt,IZW,1170.0,town,59:1.000000,62:1.000000,1:0.211910;2:0.788090,
342,342-Ornistralia.txt,SMP,3548.798,town,44:1.000000,86:1.000000,2:0.012576;5:0.918550;7:0.068874,
343,343-State_343.txt,RSA,280.0,pastoral,15:0.720700;3:0.279300,33:1.000000,3:0.248929;4:0.751071,
344,344-State_344.txt,PLR,650.0,town,15:1.000000,33:1.000000,1:0.958787;2:0.034311;4:0.006903,
346,346-State_346.txt,FST,2250.0,town,1:1.000000,60:0.539484;61:0.460516,3:0.204482;4:0.294530;5:0.500988,
347,347-State_347.txt,TAK,86.0,rural,3:1.000000,36:1.000000,5:1.000000,
349,349-State_349.txt,TAK,1900.0,metropolis,3:1.000000,36:1.000000,3:0.176471;6:0.141176;7:0.682353,
350,350-State_350.txt,RST,1400.0,town,3:1.000000,67:1.000000,1:0.880745;4:0.119255,
351,351-State_351.txt,SOF,880.0,town,32:1.000000,18:1.000000,1:0.527535;7:0.472465,
352,352-Plateire.txt,SMP,4116.123,large_town,44:1.000000,86:1.000000,2:0.001997;5:0.908733;6:0.089270,
353,353-West Dazhungli.txt,PAN,2660.0,town,60:1.000000,79:1.000000,4:0.044099;7:0.955901,
354,354-State_354.txt,TEN,5450.0,large_town,3:0.673816;0:0.326184,66:1.000000,4:0.032462;6:0.077177;7:0.890361,
355,355-State_355.txt,SOF,1030.0,rural,32:1.000000,18:1.000000,4:0.440111;8:0.559889,
356,356-State_356.txt,SLR,8840.0,large_city,3:1.000000,56:1.000000,0:0.652284;2:0.266064;5:0.081652,
357,357-State_357.txt,TEN,6710.0,town,3:0.628107;0:0.371893,66:1.000000,0:0.130458;2:0.084146;6:0.785397,
358,358-State_358.txt,KEP,3100.0,town,3:1.000000,58:0.460849;59:0.539151,3:0.290521;4:0.567081;6:0.142398,
359,359-State_359.txt,PLR,460.0,town,15:1.000000,31:1.000000,1:0.922355;4:0.077645,
360,360-Novanada.txt,SMP,3614.283,town,44:0.741577;34:0.258423,86:1.000000,2:0.007063;5:0.992937,
361,361-State_361.txt,MUL,2000.0,town,45:0.741816;44:0.258184,89:1.000000,4:0.182766;6:0.675773;8:0.141461,
363,363-State_363.txt,KEP,1902.0,town,3:1.000000,56:0.493939;58:0.506061,5:0.110239;7:0.889761,
364,364-State_364.txt,KEP,1582.223,town,3:1.000000,58:1.000000,3:0.426728;4:0.573272,
365,365-State_365.txt,SOF,4380.0,town,32:1.000000,18:1.000000,3:0.034424;6:0.241001;7:0.724575,
366,366-State_366.txt,SOF,10.0,rural,32:1.000000,18:1.000000,1:0.204803;5:0.795197,
368,368-State_368.txt,SOF,10.0,rural,32:1.000000,18:1.000000,6:0.269817;7:0.730183,
369,369-State_369.txt,SOF,2060.0,large_city,32:1.000000,18:1.000000,3:0.060264;7:0.939736,
370,370-State_370.txt,KEP,4576.0,city,3:1.000000,58:1.000000,3:0.134921;4:0.677833;7:0.187247,
371,371-Greater_Thamplatin_Area.txt,SMP,12386.992,metropolis,44:1.000000,86:1.000000,2:0.000775;5:0.979499;7:0.019726,
372,372-Southumberland.txt,SMP,3423.371,town,44:1.000000,86:1.000000,0:0.598393;2:0.052643;8:0.348964,
374,374-Clawlogne.txt,KTN,3171.866,large_city,19:0.605020;34:0.394980,84:1.000000,1:0.603442;2:0.396558,
375,375-Atarbuhl.txt,SIL,1120.0,town,1:1.000000,21:0.513934;38:0.486066,6:0.632564;7:0.367436,
377,377-State_377.txt,PLR,140.0,rural,15:1.000000,31:1.000000,2:0.705530;8:0.294470,
379,379-Lake_District.txt,SMP,5537.753,large_city,44:1.000000,86:1.000000,2:0.003138;5:0.565327;6:0.431534,
380,380-Platishire.txt,SMP,5258.426,large_town,44:1.000000,86:1.000000,2:0.233164;7:0.627698;8:0.139138,
381,381-State_381.txt,KAR,250.0,town,15:1.000000,35:1.000000,6:0.170656;7:0.829344,
382,382-Meowhattan.txt,KTN,8497.443,megalopolis,19:1.000000,84:0.512230;85:0.487770,2:0.859476;6:0.082008;7:0.058516,
383,383-State_383.txt,KEP,6536.0,large_town,3:1.000000,23:0.498072;58:0.501928,0:0.176124;4:0.823876,
384,384-State_384.txt,PLR,230.0,town,15:1.000000,9:1.000000,0:0.030459;1:0.959152;4:0.010389,
385,385-State_385.txt,LTR,1286.556,rural,46:0.724358;47:0.275642,87:1.000000,4:1.000000,
386,386-State_386.txt,FST,2130.0,town,1:1.000000,60:0.546633;61:0.453367,4:0.023502;7:0.031530;8:0.944968,
387,387-Thornwall.txt,SMP,3221.538,town,44:0.721293;19:0.278707,86:1.000000,2:0.004322;5:0.980521;7:0.015158,
389,389-State_389.txt,LTR,2524.679,large_town,46:0.720336;9:0.279664,87:1.000000,4:0.015180;6:0.036649;8:0.948171,
392,392-State_392.txt,LTR,4921.277,city,46:0.666949;47:0.333051,87:1.000000,1:0.002465;2:0.908329;6:0.089206,
393,393-State_393.txt,KTN,239.874,wasteland,19:1.000000,92:1.000000,1:0.525951;2:0.474049,
394,394-Katjeisland.txt,KTN,749.764,large_city,19:0.760557;44:0.239443,84:0.561698;86:0.438302,0:0.090915;2:0.599473;6:0.309612,
396,396-State_396.txt,KEP,2000.0,town,9:0.654985;3:0.345015,58:0.541334;59:0.458666,3:0.163842;4:0.363368;7:0.472790,
397,397-State_397.txt,SMP,2000.0,town,44:1.000000,86:1.000000,2:0.010034;5:0.989966,
398,398-State_398.txt,KAP,2577.238,rural,48:0.613667;15:0.386333,90:1.000000,0:0.736943;2:0.263057,
399,399-State_399.txt,PLR,150.0,rural,15:1.000000,32:1.000000,1:0.782256;3:0.217744,
401,401-State_401.txt,PLR,160.0,rural,15:1.000000,91:1.000000,1:0.936863;8:0.063137,
402,402-State_402.txt,KEP,175.0,large_town,3:1.000000,47:0.589453;58:0.410547,3:0.314249;4:0.685751,
403,403-State_403.txt,LTR,8536.931,large_city,46:0.620871;19:0.379129,87:1.000000,4:0.176627;5:0.770750;7:0.052623,
404,404-State_404.txt,SOF,1740.0,town,32:1.000000,18:1.000000,0:0.229932;6:0.770068,
405,405-State_405.txt,LTR,4565.543,large_city,46:1.000000,87:1.000000,3:0.394697;6:0.605303,
406,406-State_406.txt,PLR,1160.0,rural,15:1.000000,30:1.000000,1:0.850884;7:0.149116,
407,407-Zeeland.txt,KTN,3796.511,large_town,19:1.000000,84:1.000000,2:0.693268;6:0.165358;7:0.141374,
408,408-Gatzostad.txt,KTN,5509.148,large_city,19:1.000000,84:1.000000,0:0.077466;2:0.537215;6:0.385319,
409,409-State_409.txt,KTN,6598.752,megalopolis,20:0.764286;19:0.235714,85:1.000000,1:0.362545;2:0.577005;7:0.060450,
410,410-State_410.txt,VAS,1890.0,town,29:1.000000,76:1.000000,0:0.846212;2:0.153788,
411,411-State_411.txt,PLR,740.0,town,15:1.000000,32:1.000000,2:0.277478;4:0.393068;5:0.329454,
412,412-State_412.txt,SOF,1080.0,town,32:1.000000,18:1.000000,1:0.454557;6:0.469169;8:0.076275,
414,414-State_414.txt,VAS,690.0,town,29:1.000000,76:1.000000,2:0.104964;5:0.895036,
415,415-State_415.txt,VAS,980.0,large_town,29:1.000000,76:1.000000,2:0.921665;7:0.078335,
416,416-State_416.txt,VAS,810.0,town,29:1.000000,76:1.000000,0:0.293612;5:0.706388,
417,417-State_417.txt,LTR,192.585,tiny_island,46:0.749335;3:0.250665,87:1.000000,5:0.234486;6:0.765514,
418,418-State_418.txt,HAR,2760.0,town,15:1.000000,34:1.000000,6:0.153663;7:0.846337,
420,420-State_420.txt,SOF,10.0,rural,32:1.000000,18:1.000000,4:0.034120;7:0.965880,
421,421-State_421.txt,PLA,5960.0,large_town,33:1.000000,59:1.000000,0:0.275862;2:0.310345;8:0.413793,
422,422-State_422.txt,PLR,480.0,town,15:1.000000,32:1.000000,1:0.946455;4:0.053545,
425,425-State_425.txt,PLA,7000.0,large_town,33:1.000000,59:1.000000,3:0.228135;4:0.114067;7:0.657798,
426,426-State_426.txt,SOF,3770.0,town,32:1.000000,18:0.555925;59:0.444075,4:0.042470;7:0.957530,
428,428-State_428.txt,SOF,1600.0,town,32:1.000000,18:0.574504;59:0.425496,0:0.348199;7:0.651801,
429,429-State_429.txt,BSS,2290.0,town,1:0.662700;21:0.337300,100:0.576206;101:0.423794,6:0.242859;7:0.717734;8:0.039407,
431,431-State_431.txt,SOF,10.0,rural,32:1.000000,18:1.000000,6:0.847605;8:0.152395,
432,432-State_432.txt,SOF,2230.0,town,32:1.000000,18:0.589805;59:0.410195,3:0.004738;5:0.471899;7:0.523363,
434,434-Kipu.txt,BSS,1430.0,town,1:0.614342;21:0.385658,101:1.000000,6:0.121434;7:0.742655;8:0.135910,
435,435-State_435.txt,SOF,810.0,town,32:1.000000,18:1.000000,6:1.000000,
436,436-State_436.txt,SOF,10.0,rural,32:1.000000,18:1.000000,2:0.023963;6:0.124533;7:0.851504,
437,437-State_437.txt,SOF,2650.0,large_town,32:1.000000,18:1.000000,3:0.062155;7:0.937845,
438,438-State_438.txt,FST,2500.0,town,1:1.000000,60:1.000000,3:0.042315;7:0.119190;8:0.838496,
440,440-State_440.txt,BSS,280.0,rural,1:0.684676;21:0.315324,100:0.493887;101:0.506113,7:0.757925;8:0.242075,
441,441-State_441.txt,AKZ,50.0,rural,,,6:0.100000;7:0.800000;8:0.100000,no resolvable starting species/culture; relevant array left all-zero
442,442-State_442.txt,BSS,20.0,town,1:0.613661;21:0.386339,100:0.458820;101:0.541180,6:0.273922;8:0.726078,
443,443-State_443.txt,BSS,2150.0,town,1:0.765982;21:0.234018,100:0.463823;101:0.536177,7:0.340158;8:0.659842,
444,444-State_444.txt,VAS,1280.0,large_town,29:1.000000,76:1.000000,7:0.526407;8:0.473593,
445,445-West Foxsnot.txt,BSS,210.0,town,1:0.751391;21:0.248609,100:0.538688;101:0.461312,7:0.487947;8:0.512053,
446,446-State_446.txt,BSS,80.0,town,1:0.695079;21:0.304921,100:0.438528;101:0.561472,6:0.022618;7:0.941837;8:0.035545,
447,447-State_447.txt,BSS,350.0,town,1:1.000000,100:0.455402;101:0.544598,7:1.000000,
448,448-North Greater Solstice.txt,BSS,20.0,town,1:0.761865;21:0.238135,100:0.416885;101:0.583115,6:0.118956;7:0.881044,
449,449-State_449.txt,BSS,70.0,wasteland,1:0.785789;21:0.214211,100:0.451559;101:0.548441,6:0.078567;7:0.921433,
450,450-North Arctic Shores.txt,BSS,20.0,town,1:0.736288;21:0.263712,100:0.533967;101:0.466033,7:0.880382;8:0.119618,
451,451-South Stratia.txt,BSS,60.0,town,1:0.659179;21:0.340821,100:0.428942;101:0.571058,7:0.873105;8:0.126895,
452,452-State_452.txt,BSS,20.0,town,1:0.708275;21:0.291725,100:0.423852;101:0.576148,7:1.000000,
453,453-State_453.txt,BSS,1200.0,town,23:0.743111;3:0.256889,100:0.516295;101:0.483705,7:0.493900;8:0.506100,
454,454-North Waterdeen.txt,BSS,100.0,town,1:0.757162;21:0.242838,100:0.588645;101:0.411355,6:0.045174;7:0.910908;8:0.043918,
455,455-State_455.txt,BSS,50.0,town,1:0.734745;21:0.265255,100:0.428222;101:0.571778,6:0.165073;7:0.834927,
456,456-North Rufus Town.txt,BSS,30.0,town,1:0.727120;21:0.272880,100:0.547651;101:0.452349,6:0.085408;7:0.914592,
466,466-State_466.txt,ZUS,3100.0,city,4:1.000000,72:1.000000,1:0.235707;2:0.004472;7:0.759821,
468,468-State_468.txt,ZUS,3500.0,large_town,4:1.000000,72:1.000000,2:0.007023;6:0.992977,
470,470-State_470.txt,IMF,3080.0,large_town,1:0.621850;4:0.378150,4:0.449948;72:0.550052,6:1.000000,
471,471-State_471.txt,SOB,2500.0,town,1:0.795783;2:0.204217,28:0.572222;21:0.427778,2:0.307522;4:0.692478,
472,472-State_472.txt,SOB,2700.0,large_town,2:0.774665;1:0.225335,28:1.000000,1:0.376959;2:0.151639;6:0.471402,
473,473-State_473.txt,SOB,1900.0,large_town,2:0.630442;1:0.369558,5:0.472287;69:0.527713,0:0.107373;5:0.883579;6:0.009048,
474,474-State_474.txt,PAW,2900.0,town,1:1.000000,40:1.000000,1:0.392047;3:0.219917;6:0.388036,
475,475-State_475.txt,NAV,5300.0,large_city,1:1.000000,27:1.000000,6:0.116690;7:0.883310,
476,476-State_476.txt,SOB,2850.0,city,2:1.000000,28:1.000000,0:0.903940;4:0.037137;7:0.058923,
477,477-State_477.txt,FRA,3388.888,large_town,1:1.000000,27:1.000000,1:0.048140;2:0.366003;3:0.585857,
478,478-State_478.txt,SOB,2500.0,large_town,1:0.656670;2:0.343330,28:0.418058;21:0.581942,0:0.540363;4:0.012956;8:0.446681,
479,479-State_479.txt,PAW,3100.0,city,1:1.000000,40:1.000000,0:0.996156;2:0.003844,
480,480-State_480.txt,SOB,1200.0,town,2:1.000000,5:0.558026;69:0.441974,0:0.729854;1:0.180678;7:0.089468,
481,481-State_481.txt,PTQ,4460.0,large_town,1:1.000000,4:1.000000,1:0.237157;2:0.004804;6:0.758038,
482,482-State_482.txt,SOB,3100.0,city,2:1.000000,5:1.000000,0:0.844549;1:0.122388;2:0.033063,
483,483-State_483.txt,SOB,1150.0,large_town,2:0.601248;1:0.398752,29:1.000000,2:1.000000,
484,484-State_484.txt,SOB,2100.0,large_town,2:1.000000,5:1.000000,0:0.840691;1:0.130797;4:0.028512,
485,485-State_485.txt,SOB,7200.0,metropolis,2:1.000000,5:1.000000,0:0.897234;2:0.059188;7:0.043578,
486,486-State_486.txt,OST,3200.0,large_town,1:1.000000,25:1.000000,3:0.117011;5:0.198225;7:0.684764,
487,487-State_487.txt,MEW,2420.0,town,1:1.000000,25:1.000000,1:0.889958;4:0.110042,
488,488-State_488.txt,AUR,2000.0,city,1:1.000000,3:0.460649;42:0.539351,2:0.092663;3:0.122213;8:0.785123,
490,490-State_490.txt,SOB,6200.0,metropolis,2:0.711843;1:0.288157,93:1.000000,1:0.692313;2:0.307687,
492,492-State_492.txt,LIO,2420.0,rural,1:1.000000,44:1.000000,3:0.000212;6:0.957126;8:0.042662,
496,496-State_496.txt,CAT,2163.636,town,1:1.000000,44:1.000000,3:0.540014;4:0.459986,
498,498-State_498.txt,NMI,9100.0,city,8:0.706704;1:0.293296,52:0.569003;75:0.430997,9:1.000000,
501,501-North Myriad.txt,GAL,7800.0,metropolis,25:1.000000,71:1.000000,3:0.061225;6:0.938775,
502,502-State_502.txt,NMI,7200.0,city,8:0.604474;1:0.395526,52:0.509417;75:0.490583,9:1.000000,
508,508-State_508.txt,BSS,110.0,town,1:0.640139;21:0.359861,100:0.408428;101:0.591572,7:0.818058;8:0.181942,
509,509-Inner Katown.txt,KTW,1500.0,megalopolis,1:1.000000,1:1.000000,3:0.175676;4:0.081081;6:0.743243,
510,510-Neu-Mewxico.txt,PRL,2900.0,town,1:0.673402;3:0.326598,43:0.493818;2:0.506182,3:0.718969;8:0.281031,
511,511-Stri.txt,PRL,2240.0,town,1:1.000000,42:1.000000,2:0.183871;3:0.816129,
512,512-Ataropolis.txt,PRL,11500.0,metropolis,1:0.776916;3:0.223084,2:1.000000,0:0.122908;3:0.877092,
513,513-Kibblesplein.txt,PRL,2400.0,town,1:1.000000,2:1.000000,2:0.106417;3:0.893583,
514,514-Solkatzia.txt,PRL,9140.0,metropolis,1:0.781435;3:0.218565,2:1.000000,3:0.802995;7:0.197005,
515,515-Atarstadt.txt,PRL,3000.0,large_town,1:1.000000,2:1.000000,0:0.004740;1:0.336810;3:0.658450,
516,516-Mushile.txt,PRL,1570.0,town,1:1.000000,41:0.556647;2:0.443353,3:0.697217;8:0.302783,
517,517-Gathills.txt,PRL,610.111,town,1:1.000000,41:0.495853;42:0.504147,7:1.000000,
518,518-Kibblestadt.txt,PRL,4280.0,city,1:1.000000,2:1.000000,3:0.854456;6:0.065999;8:0.079545,
519,519-Neu-Meowleans.txt,AUR,2303.225,town,1:1.000000,42:1.000000,3:0.145909;7:0.854091,
520,520-Elowineapolis.txt,AUR,2700.0,city,1:1.000000,42:1.000000,2:0.137108;6:0.613845;8:0.249047,
521,521-Ostmeopin.txt,AUR,1140.0,town,1:1.000000,42:1.000000,7:0.265112;8:0.734888,
522,522-Altestadt.txt,AUR,2300.0,large_town,1:1.000000,42:1.000000,3:0.101577;8:0.898423,
523,523-Katzkat.txt,AUR,1718.26,town,1:1.000000,3:0.446128;42:0.553872,4:0.190924;8:0.809076,
524,524-Southeastern Grand Hills.txt,WPR,500.0,pastoral,1:1.000000,41:1.000000,1:0.076551;3:0.078773;7:0.844676,
525,525-Northeastern Grand Hills.txt,WPR,560.0,town,1:1.000000,41:1.000000,4:0.052213;7:0.947787,
526,526-West Meterhills.txt,WPR,300.0,rural,1:1.000000,41:1.000000,4:0.040025;7:0.959975,
527,527-North Katzil.txt,WPR,2285.715,town,1:1.000000,41:1.000000,4:0.038765;7:0.961235,
528,528-White Peaks Valley.txt,WPR,208.695,rural,1:1.000000,41:1.000000,7:0.355423;8:0.644577,
529,529-Grossgato.txt,CAT,4300.0,town,1:1.000000,43:1.000000,3:0.130434;4:0.748358;7:0.121207,
530,530-Mau-Vegas.txt,CAT,2392.592,rural,1:1.000000,43:1.000000,3:0.083952;4:0.702607;7:0.213441,
531,531-Purrton.txt,CAT,2620.0,town,1:1.000000,44:1.000000,4:0.342999;6:0.657001,
532,532-Drakenburg.txt,CAT,2620.0,rural,1:1.000000,44:1.000000,4:0.557898;6:0.076044;7:0.366058,
533,533-Kleinberg.txt,CAT,2300.0,town,1:1.000000,44:1.000000,3:0.205377;4:0.720941;6:0.073682,
534,534-Mittelmewxico.txt,CAT,3300.0,large_town,1:1.000000,44:1.000000,3:0.118246;4:0.840124;6:0.041629,
535,535-Mewselle.txt,TAI,1368.888,town,1:1.000000,3:1.000000,7:1.000000,
536,536-Katzbrucken.txt,TAI,2240.0,large_town,1:1.000000,3:1.000000,3:0.055051;6:0.200220;7:0.744729,
537,537-Sud-Purggund.txt,TAI,1368.888,town,1:1.000000,3:1.000000,7:0.432577;8:0.567423,
538,538-Melcey.txt,TAI,1120.0,town,1:1.000000,3:1.000000,6:0.384173;8:0.615827,
539,539-Becatlingen.txt,OST,651.429,rural,1:1.000000,25:0.559126;41:0.440874,3:0.794892;4:0.205108,
540,540-Kittensdorf.txt,OST,367.0,rural,1:1.000000,26:1.000000,3:0.087373;7:0.912627,
541,541-Cathy.txt,OST,651.428,town,1:1.000000,25:1.000000,3:0.021425;5:0.111360;7:0.867215,
542,542-Kibblebaden.txt,NKB,2000.0,town,1:1.000000,39:1.000000,3:0.079607;7:0.339951;8:0.580441,
543,543-Colmar.txt,NKB,1000.0,rural,1:1.000000,39:1.000000,2:0.424248;8:0.575752,
544,544-Neu-Kibbles.txt,NKB,2186.667,city,1:1.000000,26:0.581686;39:0.418314,1:0.194016;4:0.194016;7:0.611969,
545,545-Katstone.txt,LIO,1820.0,rural,1:1.000000,44:1.000000,5:0.000077;6:0.898219;8:0.101704,
546,546-Janglastadt.txt,LIO,1820.0,pastoral,1:1.000000,41:1.000000,3:0.639060;4:0.360940,
547,547-Lyuinwald.txt,LIO,1500.0,town,1:1.000000,45:0.527332;44:0.472668,6:0.871862;8:0.128138,
548,548-Lionlakstadt.txt,LIO,3340.0,town,1:1.000000,24:1.000000,3:0.000599;6:0.978072;8:0.021329,
549,549-Katnemasse.txt,LIO,2300.0,town,1:1.000000,24:1.000000,3:0.000111;6:0.924563;8:0.075326,
550,550-Kattnecy.txt,LIO,1363.636,pastoral,1:1.000000,24:1.000000,5:0.000031;7:0.999969,
551,551-Mewport.txt,STR,2700.0,town,1:1.000000,24:0.457149;4:0.542851,0:0.158748;2:0.017715;5:0.823537,
552,552-Mewbet.txt,STR,1294.0,pastoral,1:1.000000,24:1.000000,1:0.044960;5:0.955040,
553,553-Mewdu Mush.txt,STR,1094.0,pastoral,1:1.000000,24:1.000000,0:0.487617;5:0.512383,
554,554-Meowcerne.txt,STR,2220.0,rural,1:1.000000,24:1.000000,0:0.102400;2:0.006326;5:0.891274,
555,555-Sudstruken.txt,STR,2500.0,town,1:1.000000,24:1.000000,2:0.011610;5:0.322326;7:0.666064,
556,556-Channecy.txt,MEW,2400.0,rural,1:1.000000,24:1.000000,0:0.917085;2:0.082915,
557,557-Katzberg.txt,MEW,4200.0,city,1:1.000000,25:1.000000,0:0.627444;3:0.165985;8:0.206571,
558,558-Mount Kitts.txt,MEW,1500.0,pastoral,1:1.000000,24:1.000000,2:0.807200;5:0.192800,
559,559-Luchsi.txt,MEW,3000.0,town,1:1.000000,25:0.480537;24:0.519463,0:0.789023;2:0.018177;6:0.192800,
560,560-Kibbleshores.txt,OST,334.75,town,1:1.000000,26:1.000000,3:0.052549;7:0.947451,
561,561-Shroom Valley.txt,KKN,1806.0,town,7:0.750985;10:0.249015,82:1.000000,6:0.329921;8:0.670079,
562,562-Meostadt.txt,PRL,600.0,large_town,1:1.000000,42:1.000000,3:0.616371;8:0.383629,
563,563-Celstor.txt,WAC,2968.27,town,1:0.685244;7:0.314756,82:1.000000,1:0.753891;4:0.042329;8:0.203780,
564,564-Ezikat.txt,PTQ,2440.0,large_town,1:1.000000,4:1.000000,0:0.006932;2:0.007042;6:0.986026,
565,565-Magnetischergeschwollen.txt,PTQ,2240.0,rural,1:1.000000,4:1.000000,1:0.059827;2:0.026756;6:0.913418,
566,566-Boogenstadt.txt,PTQ,2660.0,pastoral,1:0.730574;4:0.269426,4:1.000000,2:0.014702;6:0.985298,
567,567-Middenpaw.txt,PTQ,2280.0,large_town,1:0.618678;4:0.381322,4:1.000000,1:0.366470;2:0.187292;6:0.446237,
568,568-Finstratus.txt,PTQ,1940.0,town,1:0.798649;4:0.201351,4:1.000000,1:0.142431;2:0.015941;6:0.841627,
569,569-Zawrich.txt,IMF,1740.0,pastoral,1:0.666717;4:0.333283,4:0.451290;72:0.548710,6:1.000000,
570,570-Rosestadt.txt,IMF,1956.0,town,1:0.786513;4:0.213487,4:0.405720;72:0.594280,6:1.000000,
571,571-Point Ene.txt,NKC,3450.0,city,5:1.000000,74:1.000000,6:0.287902;7:0.491603;8:0.220496,
572,572-Fort Nxeen.txt,NKC,3150.0,large_town,5:1.000000,74:1.000000,6:0.194557;7:0.737732;8:0.067711,
573,573-Xoeken.txt,NKC,6570.0,metropolis,5:1.000000,74:1.000000,6:0.084578;7:0.778993;8:0.136428,
574,574-Aeries.txt,NKC,4270.0,city,5:1.000000,74:1.000000,6:0.097691;7:0.770349;8:0.131960,
575,575-Eeeeeee.txt,NKC,4670.0,city,5:1.000000,74:1.000000,7:0.851992;8:0.148008,
576,576-Fort Keneexno.txt,NKC,3470.0,large_town,5:1.000000,74:1.000000,6:0.184725;7:0.815275,
577,577-Pawrdeaux.txt,ELO,2900.0,large_city,1:1.000000,3:1.000000,4:0.270900;5:0.128904;7:0.600197,
578,578-Binettestadt.txt,ELO,3100.0,city,1:1.000000,3:1.000000,3:0.434783;8:0.565217,
579,579-Konnon.txt,ELO,1500.0,large_town,1:1.000000,3:1.000000,2:0.725474;5:0.274526,
580,580-Catsden.txt,CLE,2100.0,town,1:1.000000,3:1.000000,2:0.145453;7:0.854547,
581,581-Tigar.txt,CLE,3100.0,town,1:1.000000,3:1.000000,2:0.017188;7:0.479825;8:0.502987,
582,582-Tigar.txt,CLE,3500.0,large_town,1:1.000000,3:1.000000,3:0.109264;6:0.440320;8:0.450416,
583,583-Punchiestatdt.txt,CLE,1400.0,large_town,1:0.773291;11:0.226709,3:1.000000,8:1.000000,
584,584-Mewbiere.txt,CLE,3100.0,large_town,1:1.000000,3:1.000000,4:0.006279;6:0.707190;8:0.286531,
585,585-Neu-Atar.txt,FRA,1944.444,town,1:1.000000,27:1.000000,2:1.000000,
586,586-Mah.txt,FRA,4250.0,city,1:1.000000,27:0.519434;39:0.480566,3:0.170207;5:0.687797;6:0.141996,
587,587-Katza.txt,FRA,7500.0,large_city,1:1.000000,27:0.598101;39:0.401899,3:0.196443;6:0.803557,
588,588-Katzi.txt,FRA,3380.0,city,1:1.000000,39:1.000000,2:0.003023;5:0.010365;7:0.986612,
589,589-Batar.txt,FRA,2646.153,large_city,1:1.000000,27:0.506870;39:0.493130,0:0.757749;4:0.096439;5:0.145812,
590,590-Meownisberg.txt,FRA,5613.636,metropolis,1:1.000000,39:1.000000,3:0.342028;4:0.215668;6:0.442304,
591,591-Sud-Himezulte.txt,HIM,1200.0,town,1:1.000000,44:1.000000,3:0.069947;7:0.824457;8:0.105596,
592,592-Extremeowdura.txt,HIM,110.0,rural,1:1.000000,44:1.000000,5:1.000000,
593,593-Meon.txt,MEO,17800.0,metropolis,1:0.735597;3:0.264403,45:1.000000,3:0.140733;4:0.677581;6:0.181686,
594,594-Nordessenstaaten.txt,MEO,1700.0,city,1:0.759289;3:0.240711,45:1.000000,3:0.027623;5:0.818823;7:0.153555,
595,595-Yarnis Bergen.txt,MEO,2500.0,city,1:0.613301;7:0.386699,45:1.000000,4:0.094022;7:0.905978,
596,596-Luftkatzennia.txt,HIM,230.0,pastoral,1:1.000000,44:1.000000,0:0.243293;7:0.699408;8:0.057299,
597,597-Sudflutstadt.txt,KPK,5280.0,large_city,1:1.000000,75:1.000000,5:0.179487;7:0.820513,
598,598-Kattailwald.txt,KPK,2120.0,town,1:1.000000,75:1.000000,0:0.409091;3:0.590909,
599,599-Wialletstadt.txt,KPK,5280.0,city,1:1.000000,75:1.000000,2:0.346154;6:0.153846;8:0.500000,
600,600-Potkin.txt,POT,2300.0,city,1:1.000000,38:1.000000,3:0.127959;6:0.358285;7:0.513756,
601,601-Neukatstadt.txt,NEU,3306.667,large_city,1:1.000000,38:1.000000,6:0.037049;7:0.416805;8:0.546146,
602,602-Potkin.txt,NEU,3105.263,large_city,1:1.000000,39:1.000000,7:0.263615;8:0.736385,
603,603-Meowmeow.txt,NEU,7900.0,large_city,1:1.000000,39:1.000000,6:0.037762;7:0.157629;8:0.804609,
604,604-Mimimi.txt,NEU,7900.0,metropolis,1:1.000000,39:0.595140;40:0.404860,7:0.200328;8:0.799672,
605,605-Helo-Ouinie.txt,LMB,455.156,town,3:0.683188;1:0.316812,6:1.000000,6:1.000000,
606,606-Nitros.txt,NMI,16800.0,megalopolis,8:0.770229;1:0.229771,52:0.520034;75:0.479966,9:1.000000,
607,607-Ajax.txt,NMI,9800.0,city,8:0.671404;1:0.328596,52:0.522745;75:0.477255,9:1.000000,
608,608-Kobalt.txt,NMI,9200.0,large_city,8:0.637955;1:0.362045,52:0.458213;75:0.541787,9:1.000000,
609,609-Valaros.txt,NMI,7200.0,city,8:0.787265;1:0.212735,52:0.555386;75:0.444614,9:1.000000,
610,610-Titanus.txt,NMI,9150.0,city,8:0.687334;1:0.312666,52:0.442627;75:0.557373,9:1.000000,
611,611-Cotedore.txt,KKN,1008.436,large_town,7:0.703656;1:0.296344,81:0.478953;15:0.521047,7:0.136990;8:0.863010,
612,612-Myriad.txt,NMI,6133.334,city,8:0.608367;1:0.391633,52:0.456689;75:0.543311,9:1.000000,
613,613-Sudbergen.txt,NMI,7200.0,city,8:0.731827;1:0.268173,52:0.483561;45:0.516439,9:1.000000,
614,614-Varinka.txt,WAC,3654.0,town,1:0.664087;7:0.335913,82:1.000000,1:0.905066;3:0.082882;4:0.012052,
615,615-Lunre.txt,WAC,5110.0,large_town,1:0.790232;7:0.209768,82:1.000000,1:0.781367;4:0.030147;7:0.188485,
616,616-Pawcegi.txt,WAC,5320.0,large_town,1:0.624899;7:0.375101,82:1.000000,1:0.880835;3:0.095783;4:0.023382,
617,617-Teragoron.txt,KKN,12033.0,town,7:0.796106;1:0.203894,82:1.000000,3:0.007711;6:0.080239;8:0.912050,
618,618-Shromar.txt,WAC,9940.0,rural,1:0.778930;7:0.221070,82:1.000000,1:0.834452;4:0.021915;8:0.143633,
619,619-Brambaceg.txt,WAC,2646.0,town,1:0.644182;7:0.355818,82:1.000000,1:0.903571;4:0.096429,
620,620-Tyukland.txt,ZUS,2140.0,town,4:0.673800;1:0.326200,72:1.000000,2:0.003007;6:0.237744;7:0.759250,
621,621-Zuspaw.txt,ZUS,1940.0,town,4:0.635044;1:0.364956,72:1.000000,0:0.023230;7:0.976770,
622,622-Qwydai.txt,ZUS,4100.0,large_town,4:1.000000,72:1.000000,0:0.474652;2:0.525348,
623,623-Kandlejhood.txt,ZUS,6200.0,large_city,4:1.000000,72:1.000000,2:0.006125;7:0.993875,
624,624-Daichester.txt,ZUS,3500.0,large_town,4:1.000000,72:1.000000,2:0.007980;7:0.992020,
625,625-Central Zuspriland.txt,ZUS,1300.0,town,4:1.000000,72:1.000000,6:0.303237;7:0.696763,
626,626-Blasterian Canal.txt,SOB,2200.0,city,1:0.612710;2:0.387290,28:0.524383;21:0.475617,0:0.969504;2:0.030496,
627,627-Minskbark.txt,SOB,2500.0,large_town,2:1.000000,28:1.000000,0:0.907412;3:0.092588,
628,628-Brestbone.txt,SOB,3100.0,large_city,2:1.000000,28:1.000000,4:0.077894;7:0.922106,
629,629-Grodnogrowl.txt,SOB,3100.0,large_city,2:0.787190;1:0.212810,28:1.000000,0:0.868059;3:0.074113;6:0.057828,
630,630-Cutelogne.txt,SOB,6200.0,metropolis,1:0.739733;2:0.260267,28:0.461948;21:0.538052,0:0.950678;2:0.013002;7:0.036320,
631,631-Jimmygorod.txt,SOB,2100.0,large_town,2:1.000000,28:1.000000,0:0.774468;4:0.004315;8:0.221217,
632,632-Barkdivostok.txt,SOB,2900.0,large_town,2:0.703293;1:0.296707,28:1.000000,0:0.980945;4:0.019055,
633,633-Wolfgorod.txt,SOB,2200.0,large_town,2:1.000000,5:0.403628;69:0.596372,3:0.097869;7:0.098388;8:0.803743,
634,634-Samaruff.txt,SOB,2200.0,large_town,2:1.000000,5:1.000000,0:0.677162;3:0.322838,
635,635-Barkzyr.txt,SOB,2100.0,large_town,2:1.000000,28:0.532331;5:0.467669,0:0.575880;2:0.020545;8:0.403575,
636,636-Dogno.txt,SOB,2100.0,large_town,2:1.000000,5:1.000000,3:0.710182;7:0.289818,
637,637-Mogiluff.txt,SOB,2100.0,city,2:1.000000,5:1.000000,2:0.673848;4:0.115063;7:0.211089,
638,638-Blasterburg.txt,SOB,2700.0,large_town,2:1.000000,5:1.000000,2:0.246138;3:0.448880;7:0.304982,
639,639-Dobrushund.txt,SOB,2900.0,city,2:1.000000,5:0.529493;69:0.470507,0:0.850152;1:0.130953;3:0.018895,
640,640-Gomelhound.txt,SOB,3100.0,city,2:1.000000,5:1.000000,0:0.986621;4:0.013379,
641,641-Barkel.txt,SOB,2200.0,city,2:1.000000,5:0.434925;93:0.565075,0:0.953885;2:0.015837;7:0.030278,
642,642-Carbarktsonnitz.txt,SOB,2350.0,city,2:0.658976;1:0.341024,29:1.000000,0:0.892633;1:0.065708;2:0.041659,
643,643-Parat.txt,SOB,2150.0,city,2:0.709045;1:0.290955,29:1.000000,0:0.860025;2:0.115758;3:0.024217,
644,644-Esmestadt.txt,MEC,5700.0,large_city,1:0.798070;9:0.201930,29:1.000000,0:0.120000;1:0.140000;7:0.740000,
645,645-Mewssy.txt,PAW,2250.0,town,1:1.000000,40:1.000000,5:0.830418;8:0.169582,
646,646-Meowntreal.txt,PAW,5200.0,metropolis,1:1.000000,40:1.000000,2:0.400436;3:0.157269;6:0.442294,
647,647-Luxempaw.txt,PAW,4500.0,large_city,1:1.000000,40:1.000000,2:0.043034;8:0.956966,
648,648-Nord-Pawris.txt,PAW,3200.0,large_town,1:1.000000,40:1.000000,1:0.033944;3:0.518232;7:0.447824,
649,649-Nord-Ataril.txt,NAV,1900.0,large_town,1:1.000000,27:1.000000,6:0.161917;7:0.838083,
650,650-Herzkat.txt,NKB,3100.0,town,1:1.000000,39:1.000000,3:0.126585;7:0.873415,
651,651-Stronberg.txt,OST,1940.0,large_town,1:1.000000,25:1.000000,4:0.049086;7:0.950914,
652,652-Pawllington.txt,NAV,3250.0,city,1:1.000000,27:1.000000,6:0.231743;7:0.768257,
653,653-Kaisershafen.txt,SIL,2900.0,town,1:0.619044;11:0.380956,21:0.567030;3:0.432970,2:0.011969;6:0.485970;8:0.502060,
654,654-Derdoux.txt,SIL,2200.0,town,1:1.000000,21:0.500073;3:0.499927,3:0.060628;7:0.561590;8:0.377782,
655,655-Elowinien.txt,SIL,2550.0,town,1:1.000000,21:0.533086;40:0.466914,4:0.073881;7:0.232769;8:0.693350,
656,656-Kokostadt.txt,SIL,1900.0,town,1:1.000000,21:0.558129;40:0.441871,6:0.653845;8:0.346155,
657,657-Teuyaka.txt,SIL,3850.0,large_town,1:1.000000,21:1.000000,1:0.999991;3:0.000005;7:0.000004,
658,658-Leipig.txt,SIL,4100.0,large_city,1:1.000000,21:1.000000,2:0.134349;8:0.865651,
659,659-Challe.txt,SIL,3200.0,town,1:1.000000,21:1.000000,2:0.084877;6:0.476645;8:0.438478,
660,660-Chantaw.txt,SIL,2210.0,rural,1:1.000000,21:1.000000,1:0.999965;3:0.000007;6:0.000027,
661,661-Nordansicht.txt,SIL,1950.0,town,1:1.000000,21:0.589983;38:0.410017,7:0.396785;8:0.603215,
662,662-Wolfenstadt.txt,SIL,2210.0,large_town,1:1.000000,21:0.449564;38:0.550436,4:0.072505;6:0.927495,
663,663-Felineheim.txt,SIL,1720.0,town,1:1.000000,21:0.547638;38:0.452362,7:0.833821;8:0.166179,
664,664-Felinesiedlung.txt,SIL,2350.0,town,1:1.000000,21:1.000000,0:0.066799;2:0.067914;6:0.865286,
665,665-Yarnfelde.txt,SIL,1750.0,town,1:1.000000,21:1.000000,6:0.778651;8:0.221349,
666,666-Pawldrininsel Central.txt,IMF,125.0,rural,1:0.621183;4:0.378817,4:1.000000,6:1.000000,
667,667-Southern Pawldrininsel.txt,IMF,145.0,rural,1:0.781801;4:0.218199,4:1.000000,6:1.000000,
668,668-Eastern Pawldrinsel.txt,IMF,75.0,rural,1:0.799236;4:0.200764,4:1.000000,6:1.000000,
679,679-Osmic Uplands.txt,KTZ,0.001,wasteland,,99:0.577175;21:0.422825,4:0.120000;7:0.425860;8:0.454140,no resolvable starting species/culture; relevant array left all-zero
701,701-Celestial Scar.txt,GAL,0.001,space,25:1.000000,98:0.413789;71:0.586211,1:0.680484;8:0.319516,
702,702-Showering Expanses.txt,KTN,0.001,space,19:1.000000,98:0.503624;84:0.496376,0:0.313342;2:0.686658,
703,703-Meerkognitiv.txt,ROQ,0.001,space,3:1.000000,98:0.573144;6:0.426856,4:1.000000,
704,704-Stormed Plateau.txt,ROQ,0.001,space,3:1.000000,98:0.490383;6:0.509617,4:0.677086;7:0.322914,
705,705-Meerdampf.txt,KTZ,0.001,space,,98:0.443360;21:0.556640,3:0.200000;8:0.800000,no resolvable starting species/culture; relevant array left all-zero
706,706-Rugged Mesa.txt,ROQ,0.001,space,3:1.000000,98:0.498656;6:0.501344,0:0.319379;4:0.680621,
707,707-Kattail Crater.txt,MON,0.001,space,,98:1.000000,6:0.259528;7:0.740472,no resolvable starting species/culture; relevant array left all-zero
708,708-Delta of Hope.txt,MON,0.001,space,,98:1.000000,6:0.225567;7:0.774433,no resolvable starting species/culture; relevant array left all-zero
709,709-Great Astral Bay.txt,MON,0.001,space,,98:1.000000,7:1.000000,no resolvable starting species/culture; relevant array left all-zero
710,710-Cape of Doubt.txt,MON,0.001,space,,98:1.000000,6:0.194905;7:0.805095,no resolvable starting species/culture; relevant array left all-zero
713,713-Clouded Rifts.txt,KTZ,0.001,space,,98:0.497476;21:0.502524,5:0.120000;8:0.880000,no resolvable starting species/culture; relevant array left all-zero
714,714-Kattail Kraters.txt,KTZ,0.001,space,,98:0.432523;21:0.567477,6:0.200000;7:0.294140;8:0.505860,no resolvable starting species/culture; relevant array left all-zero
715,715-Sindi.txt,KUS,3170.0,town,12:0.755759;1:0.244241,48:1.000000,4:0.055995;5:0.859937;7:0.084068,
716,716-Tarva.txt,KUS,3020.0,large_town,12:0.623252;1:0.376748,20:0.526752;48:0.473248,2:0.278215;3:0.095408;6:0.626377,
717,717-Kohla.txt,KUS,2340.0,large_town,12:0.701763;1:0.298237,2:0.571565;48:0.428435,2:0.172855;7:0.827145,
718,718-Owaeville.txt,ROQ,8092.0,large_town,3:0.636346;9:0.363654,7:0.440486;37:0.559514,0:0.107709;4:0.839147;8:0.053144,
719,719-Cocopiegne.txt,ROQ,6426.0,town,3:0.693180;1:0.306820,6:1.000000,4:0.765643;8:0.234357,
720,720-Xuhre.txt,ALK,1400.0,large_city,28:0.659878;3:0.340122,46:0.546078;47:0.453922,0:0.079435;2:0.119152;6:0.801413,
721,721-Ailesainque.txt,ALK,600.0,town,28:0.779832;3:0.220168,46:1.000000,4:0.185348;6:0.814652,
722,722-Midi-Viennadie.txt,ROQ,4047.668,city,3:1.000000,58:1.000000,4:0.742594;8:0.257406,
723,723-Illiberie.txt,ROQ,4753.0,town,3:1.000000,6:1.000000,4:0.937283;7:0.046242;8:0.016475,
724,724-Vasiekoi.txt,ROQ,4801.568,city,3:1.000000,7:1.000000,0:0.128410;4:0.779564;8:0.092026,
725,725-Bremareton.txt,MCF,2143.75,town,13:1.000000,50:1.000000,3:0.025971;7:0.509242;8:0.464787,
726,726-Galloping Crossing.txt,MCF,7570.0,large_town,13:1.000000,94:1.000000,2:0.087780;7:0.912220,
727,727-Shady Creek.txt,MCF,6270.0,town,13:1.000000,11:1.000000,1:0.119164;4:0.053229;7:0.827607,
728,728-High Hill.txt,MCF,6520.0,town,13:1.000000,49:0.530817;11:0.469183,2:0.048319;5:0.229230;7:0.722451,
729,729-Northern Pegasia.txt,MCF,5220.0,town,13:1.000000,11:1.000000,3:0.166179;4:0.122417;7:0.711403,
730,730-Celestadt.txt,FSR,11420.0,megalopolis,1:0.647951;3:0.352049,20:0.551528;6:0.448472,3:0.075846;6:0.185129;7:0.739025,
731,731-Bordeleau.txt,PER,16030.0,megalopolis,3:0.698488;9:0.301512,7:1.000000,3:0.024810;4:0.004371;6:0.970819,
732,732-Oueston.txt,PER,7490.0,large_town,3:0.612417;9:0.387583,7:1.000000,3:0.553603;4:0.446397,
733,733-Fossemontre.txt,PER,5690.0,large_town,3:0.754581;9:0.245419,7:1.000000,3:0.195110;6:0.804890,
734,734-Pagen.txt,PER,2063.608,town,3:0.699747;1:0.300253,7:1.000000,3:0.044493;4:0.011061;6:0.944446,
735,735-Kaillen.txt,ROQ,336.0,town,3:1.000000,7:0.421913;6:0.578087,0:0.699962;4:0.300038,
736,736-Moulinet.txt,ROQ,10633.0,metropolis,3:0.777078;9:0.222922,7:1.000000,0:0.092071;4:0.880528;7:0.027401,
737,737-Cularie.txt,ROQ,6048.0,town,3:0.678914;9:0.321086,7:1.000000,4:0.789981;8:0.210019,
738,738-Beurrioude.txt,ROQ,8344.0,large_town,3:1.000000,7:0.520758;6:0.479242,0:0.198901;4:0.801099,
739,739-Qualicie.txt,ROQ,5383.0,town,3:1.000000,6:1.000000,4:0.794670;8:0.205330,
740,740-Jeulie.txt,LMB,6057.04,large_city,3:0.784385;1:0.215615,6:1.000000,3:0.211475;4:0.258029;6:0.530496,
741,741-Lugedunume.txt,ROQ,4383.872,city,3:0.724875;1:0.275125,58:0.522886;6:0.477114,4:0.684014;7:0.315986,
742,742-Styvellines.txt,ROQ,2422.0,town,3:0.702054;1:0.297946,6:1.000000,0:0.303935;4:0.696065,
743,743-Aurlean.txt,ROQ,5383.0,town,3:0.695752;1:0.304248,6:1.000000,4:0.774979;8:0.225021,
744,744-Saumme.txt,LMB,3030.0,town,3:0.623329;1:0.376671,6:1.000000,3:0.220773;5:0.160332;6:0.618895,
745,745-Yarnington.txt,NEK,2530.0,town,14:1.000000,49:1.000000,0:0.961014;2:0.038986,
746,746-Rowotnik.txt,NEK,700.0,rural,14:1.000000,49:1.000000,0:0.995404;2:0.004596,
747,747-Hoplin.txt,PLR,230.0,town,15:1.000000,33:1.000000,1:0.972929;7:0.015037;8:0.012034,
748,748-Doneghare.txt,PLR,350.0,town,15:1.000000,33:1.000000,2:0.872013;4:0.127987,
749,749-Southport.txt,HAR,560.0,rural,15:1.000000,34:1.000000,6:0.096632;7:0.903368,
750,750-Adhare.txt,HAR,380.0,town,15:1.000000,34:1.000000,6:0.370633;7:0.629367,
751,751-Bundraford.txt,HAR,330.0,rural,15:1.000000,34:1.000000,6:0.107594;7:0.892406,
752,752-Armhop.txt,HAR,190.0,town,15:1.000000,34:1.000000,6:0.108571;7:0.891429,
753,753-Bungle.txt,PLR,300.0,town,15:1.000000,91:1.000000,1:0.919191;2:0.080809,
754,754-Firesea.txt,PLR,310.0,rural,15:1.000000,91:1.000000,1:0.822395;5:0.177605,
755,755-Buncible.txt,PLR,560.0,town,15:1.000000,91:1.000000,1:0.950257;4:0.049743,
756,756-Volcabun.txt,PLR,160.0,rural,15:1.000000,91:1.000000,3:0.537246;4:0.462754,
757,757-Botetown.txt,PLR,510.0,town,15:1.000000,33:1.000000,0:0.733978;6:0.266022,
758,758-Bunork.txt,PLR,190.0,rural,15:1.000000,33:1.000000,0:0.781436;8:0.218564,
759,759-Bunrry.txt,PLR,220.0,town,15:1.000000,9:1.000000,4:0.697739;8:0.302261,
760,760-Covebun City.txt,PLR,510.0,town,15:1.000000,9:1.000000,1:0.884393;4:0.022795;5:0.092811,
761,761-Caroshel.txt,PLR,120.0,town,15:1.000000,9:1.000000,1:1.000000,
762,762-Lhara.txt,PLR,240.0,town,15:1.000000,32:1.000000,1:0.932276;4:0.067724,
763,763-Upbuntrick.txt,PLR,190.0,town,15:1.000000,32:1.000000,1:0.874045;2:0.082969;7:0.042987,
764,764-Buyantse.txt,PLR,280.0,town,15:1.000000,32:1.000000,1:0.767846;5:0.156947;6:0.075207,
765,765-Western Shores.txt,PLR,170.0,town,15:1.000000,30:1.000000,1:0.900721;2:0.099279,
766,766-Grandbuney.txt,PLR,360.0,town,15:1.000000,30:1.000000,1:0.874484;2:0.125516,
767,767-Bunmal.txt,PLR,370.0,town,15:1.000000,30:1.000000,1:1.000000,
768,768-Yelbun.txt,PLR,370.0,town,15:1.000000,30:1.000000,1:0.726423;3:0.273577,
769,769-Carotney.txt,PLR,280.0,rural,15:1.000000,30:1.000000,1:0.894776;7:0.105224,
770,770-Bunbunia.txt,PLR,390.0,town,15:1.000000,30:1.000000,1:0.863418;7:0.136582,
771,771-Zhangbun.txt,PLR,370.0,town,15:1.000000,30:1.000000,1:0.855444;5:0.144556,
772,772-Carot Springs.txt,PLR,230.0,town,15:1.000000,30:1.000000,1:0.929838;4:0.070162,
773,773-Harity Falls.txt,PLR,420.0,town,15:1.000000,30:1.000000,1:0.797781;5:0.202219,
774,774-Bunoshima.txt,PLR,330.0,town,15:1.000000,31:1.000000,1:0.920440;7:0.079560,
775,775-Fiftybun.txt,PLR,360.0,town,15:1.000000,33:1.000000,1:0.906270;2:0.093730,
776,776-Bunfast.txt,PLR,230.0,rural,15:1.000000,33:1.000000,1:0.935939;2:0.064061,
777,777-Nordbun.txt,PLR,230.0,town,15:1.000000,33:1.000000,4:0.344821;6:0.655179,
778,778-Hopping Meadows.txt,PLR,270.0,town,15:1.000000,31:1.000000,1:0.789830;3:0.210170,
779,779-Bunvelline.txt,PLR,180.0,town,15:1.000000,31:1.000000,1:1.000000,
780,780-Foraoise Cairead.txt,PLR,130.0,town,15:1.000000,31:1.000000,1:0.811169;3:0.134335;4:0.054496,
781,781-Pohtinville.txt,PLR,350.0,rural,15:1.000000,30:1.000000,1:0.825851;5:0.174149,
782,782-Shimmering Hills.txt,PLR,260.0,town,15:1.000000,32:1.000000,0:0.222196;5:0.777804,
783,783-Buntowel.txt,PLR,420.0,town,15:1.000000,32:1.000000,1:0.785573;3:0.214427,
784,784-Rockenbun.txt,PLR,340.0,rural,15:1.000000,32:1.000000,1:0.889507;2:0.083643;4:0.026850,
785,785-Bundor.txt,PLR,250.0,rural,15:1.000000,32:1.000000,0:0.114817;1:0.885183,
786,786-Morghare.txt,PLR,210.0,town,15:1.000000,9:1.000000,1:0.860774;5:0.089850;7:0.049376,
787,787-Hareport.txt,PLR,520.0,city,15:1.000000,30:1.000000,0:0.179833;3:0.820167,
788,788-Grandbun Woods.txt,PLR,400.0,large_town,15:1.000000,30:1.000000,0:0.051264;1:0.898020;7:0.050716,
789,789-Heavenbun.txt,KAR,310.0,rural,15:1.000000,35:1.000000,6:0.151406;7:0.848594,
790,790-Kealand.txt,SMP,9496.231,metropolis,44:1.000000,86:1.000000,0:0.008131;2:0.003672;5:0.988197,
791,791-Grande Loutteria.txt,LTR,15342.169,megalopolis,46:0.666319;3:0.333681,87:1.000000,1:0.439797;4:0.362630;7:0.197573,
792,792-Filosimpara.txt,KAP,8181.133,town,48:1.000000,90:1.000000,2:0.503206;4:0.331040;8:0.165754,
793,793-Novbarus.txt,KAP,4148.226,rural,48:1.000000,90:1.000000,3:0.666848;7:0.333152,
794,794-Kapagroek.txt,KAP,3948.422,rural,48:1.000000,90:1.000000,3:0.381377;4:0.441747;5:0.176876,
795,795-Korpeio.txt,KAP,3263.931,rural,48:1.000000,90:1.000000,0:0.495433;2:0.230894;7:0.273673,
796,796-Aqukar.txt,KAP,2958.626,town,48:0.666736;19:0.333264,90:1.000000,2:0.363881;3:0.480956;5:0.155163,
797,797-Indsitra.txt,KAP,6962.623,city,47:0.656810;48:0.343190,90:1.000000,2:0.635730;7:0.364270,
798,798-Kaparus.txt,KAP,4271.296,rural,48:1.000000,90:1.000000,1:0.829645;3:0.037058;4:0.133297,
799,799-Septentri.txt,KAP,2454.151,rural,48:1.000000,90:1.000000,4:0.000587;6:0.999413,
800,800-Pordus.txt,KAP,252.279,tiny_island,48:0.649954;9:0.350046,90:1.000000,5:1.000000,
801,801-Maritipia.txt,KAP,3811.768,rural,48:1.000000,90:1.000000,3:0.259643;5:0.437189;8:0.303168,
802,802-Ceposta.txt,KAP,1522.127,rural,48:1.000000,90:1.000000,1:0.972098;7:0.027902,
803,803-Neu-Meo.txt,SOF,2750.0,town,32:1.000000,18:0.414416;59:0.585584,2:0.039346;3:0.078338;7:0.882316,
804,804-New New York.txt,KEP,6770.0,large_town,3:1.000000,58:1.000000,4:0.516940;5:0.293210;6:0.189850,
805,805-Southern Baltica.txt,KEP,6863.0,city,3:1.000000,58:1.000000,3:0.342118;4:0.569990;5:0.087891,
806,806-Britannia.txt,PLA,1650.0,town,33:1.000000,59:1.000000,1:0.645186;6:0.322593;7:0.032220,
807,807-San Foglia.txt,PRC,5765.331,large_city,47:1.000000,88:1.000000,1:0.215073;4:0.151995;6:0.632932,
808,808-Costadipesci.txt,PRC,5875.332,large_city,47:1.000000,88:1.000000,3:0.222720;5:0.058823;8:0.718457,
809,809-Heldford.txt,SMP,2414.949,rural,44:1.000000,86:1.000000,0:0.046941;2:0.021711;7:0.931348,
810,810-Hoxxhagen Frontier District.txt,MUL,0.001,wasteland,45:0.779649;47:0.220351,89:1.000000,4:0.028707;6:0.971293,
811,811-Thalmandy.txt,SMP,2545.623,rural,44:1.000000,86:1.000000,2:0.011792;5:0.988208,
812,812-Ylmira's Peak.txt,MUL,0.001,wasteland,45:0.673363;46:0.326637,89:1.000000,3:1.000000,
813,813-Rozzmione Hills.txt,PRC,758.222,town,47:1.000000,88:1.000000,1:0.836307;8:0.163693,
814,814-Distretto dei Pescatori.txt,PRC,6876.522,large_city,47:0.617574;46:0.382426,88:1.000000,0:0.861494;2:0.001981;6:0.136525,
815,815-Castellaquercia.txt,PRC,6976.654,metropolis,47:0.753567;9:0.246433,88:1.000000,2:0.458194;3:0.262689;5:0.279117,
816,816-Foresta Grande.txt,PRC,2756.652,town,47:0.661725;48:0.338275,88:1.000000,0:0.830977;4:0.010139;6:0.158883,
817,817-Kantzler.txt,SOF,10.0,rural,32:1.000000,18:1.000000,6:0.246547;7:0.753453,
818,818-Goaghan Lake.txt,KHA,180.0,town,22:1.000000,64:1.000000,1:1.000000,
819,819-Upper Ganymeda.txt,SLR,8210.0,large_town,3:1.000000,57:1.000000,0:0.923113;2:0.064199;3:0.012688,
820,820-Coastal Solity.txt,SLR,18210.0,megalopolis,3:1.000000,57:1.000000,0:0.918744;2:0.081256,
821,821-Pyrrhus.txt,SLR,2030.0,large_town,3:1.000000,57:1.000000,0:0.919114;2:0.056906;3:0.023980,
822,822-Sagespire.txt,KHA,1380.0,large_town,22:1.000000,65:1.000000,2:0.177771;7:0.822229,
823,823-Chok.txt,KHA,610.0,town,22:1.000000,65:1.000000,0:0.476688;3:0.053230;7:0.470082,
824,824-Inner Katpine Valley.txt,KTN,498.875,large_town,19:1.000000,92:1.000000,2:0.522099;7:0.477901,
825,825-Corelie.txt,CRE,3016.508,large_town,28:1.000000,47:1.000000,3:0.896266;7:0.069735;8:0.033999,
826,826-Petite Corelie.txt,CRE,73.298,rural,28:1.000000,47:1.000000,2:1.000000,
827,827-Southern Halile.txt,CRE,200.629,rural,28:1.000000,47:1.000000,6:0.855017;7:0.144983,
828,828-Lunaire Baie.txt,CRE,2.957,town,28:1.000000,47:1.000000,3:1.000000,
829,829-Northern Halile.txt,CRE,4.879,city,28:1.000000,47:1.000000,3:0.778498;7:0.146196;8:0.075306,
830,830-Teslaki.txt,SOF,10.0,rural,32:1.000000,18:1.000000,2:0.187680;7:0.812320,
831,831-Jorvidam.txt,KTN,6788.316,megalopolis,19:0.776877;14:0.223123,84:1.000000,2:0.917802;8:0.082198,
832,832-Nieuw Pawsterdam Southern.txt,KTN,14297.441,megalopolis,20:0.619167;19:0.380833,85:1.000000,0:0.173911;2:0.819543;8:0.006546,
833,833-Nieuw Pawsterdam Northern.txt,KTN,12598.622,megalopolis,20:0.756078;19:0.243922,85:1.000000,2:0.902525;7:0.091942;8:0.005533,
834,834-Purriland.txt,KTN,5989.383,metropolis,19:1.000000,84:0.435178;85:0.564822,2:0.909161;7:0.087938;8:0.002901,
835,835-Clawingham Tunnel.txt,KTN,0.5,enclave,19:1.000000,92:1.000000,0:0.291471;2:0.708529,
836,836-Elisa Tunnel.txt,KTN,0.5,enclave,19:1.000000,92:1.000000,2:0.551020;6:0.448980,
837,837-Clawitz Tunnel.txt,KTN,0.5,enclave,19:1.000000,92:1.000000,2:1.000000,
838,838-Northern Katpine Mountains.txt,KTN,79.502,wasteland,19:1.000000,92:1.000000,2:1.000000,
839,839-Eastern Katpine Mountains.txt,KTN,109.298,wasteland,19:1.000000,92:1.000000,2:0.870932;6:0.128139;8:0.000929,
840,840-Bocerie du Sud.txt,ALK,470.0,large_town,28:0.633201;3:0.366799,46:0.520724;7:0.479276,5:0.236614;6:0.763386,
841,841-Garyxia.txt,ALK,470.0,town,28:0.715082;3:0.284918,46:1.000000,1:0.222222;8:0.777778,
842,842-Drillbit.txt,TEN,6290.0,large_town,3:0.620620;0:0.379380,66:1.000000,3:0.060094;7:0.591984;8:0.347921,
843,843-Parachute.txt,TEN,6710.0,city,3:0.671883;0:0.328117,66:1.000000,2:0.038979;7:0.961021,
844,844-Wafburg.txt,TEN,1963.25,town,3:0.696049;0:0.303951,66:1.000000,5:0.222939;7:0.777061,
845,845-Lomo.txt,TEN,4200.0,town,3:0.693336;0:0.306664,66:1.000000,1:0.138421;3:0.118423;7:0.743156,
846,846-Nekogar.txt,VIX,2340.0,town,12:1.000000,49:0.470978;63:0.529022,1:0.318566;3:0.597727;8:0.083706,
847,847-Gtuntuh.txt,VIX,5420.0,large_town,12:1.000000,63:1.000000,0:0.038932;3:0.801525;8:0.159544,
848,848-Katernkanta.txt,VIX,2110.0,town,12:1.000000,63:1.000000,2:0.593428;3:0.318063;7:0.088509,
849,849-Yeryk.txt,VIX,16230.0,megalopolis,12:1.000000,63:1.000000,0:0.222940;2:0.182342;3:0.594717,
850,850-Umtraha.txt,VIX,3160.0,town,12:1.000000,63:1.000000,1:0.238948;2:0.155097;3:0.605955,
851,851-Brongon Gede.txt,VIX,2600.0,town,12:1.000000,63:1.000000,2:0.088368;3:0.503708;6:0.407923,
852,852-Imakani.txt,VIX,3050.0,large_town,12:1.000000,61:0.495424;63:0.504576,2:0.203234;3:0.796766,
853,853-Pidin.txt,BSS,1720.0,town,1:0.797826;21:0.202174,101:1.000000,6:0.171238;7:0.828762,
854,854-Teho.txt,BSS,4000.0,large_city,1:0.750896;21:0.249104,101:1.000000,6:0.157161;7:0.842839,
855,855-Koti.txt,BSS,720.0,town,1:0.687817;21:0.312183,101:1.000000,7:0.339869;8:0.660131,
856,856-Siina.txt,BSS,1570.0,town,1:0.785448;21:0.214552,101:1.000000,6:0.084206;7:0.915794,
857,857-Paimen.txt,BSS,580.0,town,1:0.709642;21:0.290358,100:0.400962;101:0.599038,6:0.520259;8:0.479741,
858,858-Palaa.txt,BSS,580.0,town,1:0.659200;21:0.340800,100:0.482282;101:0.517718,6:0.109168;7:0.890832,
859,859-Uutta.txt,BSS,1050.0,rural,1:0.633660;21:0.366340,101:1.000000,6:0.029110;7:0.841362;8:0.129528,
860,860-Kivaa.txt,BSS,1050.0,town,1:0.662312;21:0.337688,101:1.000000,6:0.135814;7:0.566305;8:0.297880,
861,861-Uutta.txt,BSS,580.0,town,1:0.656719;21:0.343281,100:0.557746;101:0.442254,6:0.013345;7:0.913504;8:0.073151,
862,862-Suokaa.txt,BSS,290.0,town,1:0.788737;21:0.211263,100:0.459199;101:0.540801,6:0.037008;7:0.501051;8:0.461941,
863,863-Tuomita.txt,BSS,2720.0,town,1:0.634137;21:0.365863,100:0.497192;101:0.502808,6:0.017984;7:0.846028;8:0.135988,
864,864-Tempere.txt,BSS,860.0,town,21:0.634013;3:0.365987,100:0.433945;101:0.566055,6:0.027402;7:0.889003;8:0.083595,
865,865-Pysya.txt,BSS,790.0,town,1:0.640374;21:0.359626,100:0.403822;101:0.596178,7:0.872426;8:0.127574,
866,866-Penglin.txt,BSS,450.0,town,1:0.642063;21:0.357937,100:0.460100;101:0.539900,6:0.165362;7:0.834638,
867,867-Konigland.txt,BSS,210.0,town,1:0.602907;3:0.397093,100:0.425732;101:0.574268,7:0.826267;8:0.173733,
868,868-Flammelia.txt,BSS,50.0,town,1:0.669803;21:0.330197,100:0.500906;101:0.499094,7:1.000000,
869,869-Flux Towns.txt,BSS,50.0,town,1:0.643282;21:0.356718,100:0.424483;101:0.575517,7:0.478565;8:0.521435,
870,870-Rufus Town.txt,BSS,30.0,town,1:0.663378;21:0.336622,100:0.507144;101:0.492856,7:0.790580;8:0.209420,
871,871-Nova Sealtle.txt,BSS,500.0,town,23:0.799533;3:0.200467,100:0.438689;101:0.561311,8:1.000000,
872,872-Penglia.txt,BSS,100.0,town,1:0.745905;21:0.254095,100:0.526014;101:0.473986,6:0.023980;7:0.737415;8:0.238604,
873,873-Foxsnot.txt,BSS,20.0,town,1:0.669186;21:0.330814,100:0.442299;101:0.557701,6:0.058085;7:0.834190;8:0.107726,
874,874-Neufennhause.txt,BSS,50.0,town,1:0.751770;21:0.248230,100:0.587167;101:0.412833,6:0.169338;7:0.830662,
875,875-Stratia.txt,BSS,20.0,wasteland,1:0.745982;21:0.254018,100:0.441639;101:0.558361,6:0.554404;8:0.445596,
876,876-Arkalia.txt,BSS,450.0,town,1:0.721451;21:0.278549,100:0.595500;101:0.404500,6:0.165342;8:0.834658,
877,877-Seeker's Cove.txt,BSS,157.0,town,1:0.742415;21:0.257585,100:0.532323;101:0.467677,6:0.239467;8:0.760533,
878,878-Sudbundespeng.txt,BSS,720.0,town,23:0.730818;3:0.269182,100:0.491411;101:0.508589,6:0.161113;7:0.838887,
879,879-The Nest.txt,BSS,20.0,town,1:0.713509;21:0.286491,100:0.532310;101:0.467690,6:0.615130;8:0.384870,
880,880-Velthordshire.txt,SMP,3543.919,town,44:1.000000,86:1.000000,2:0.004704;5:0.977485;8:0.017810,
881,881-Langcastle-On-Bog.txt,SMP,5774.495,large_town,44:1.000000,86:1.000000,2:0.075863;7:0.625886;8:0.298252,
882,882-Lowcoast.txt,SMP,2127.747,rural,44:0.703083;19:0.296917,86:1.000000,2:0.005009;5:0.994991,
884,884-E. Arivoejan Mountains.txt,SMP,116.752,wasteland,44:0.645913;48:0.354087,86:1.000000,1:0.061154;5:0.893773;8:0.045073,
885,885-S. Arivoejan Mountains.txt,SMP,149.631,wasteland,44:0.795192;34:0.204808,86:1.000000,0:0.009849;5:0.939884;7:0.050267,
887,887-Platlan Highlands.txt,SMP,523.782,rural,44:0.779675;48:0.220325,86:1.000000,5:0.966815;8:0.033185,
888,888-Mount Lisejr.txt,SMP,69.404,wasteland,44:1.000000,86:1.000000,2:0.007406;5:0.992594,
889,889-Mount Ylmira.txt,MUL,34.847,wasteland,45:0.645056;44:0.354944,89:1.000000,4:1.000000,
890,890-Xeirko.txt,GAL,2380.0,town,25:1.000000,71:1.000000,2:0.277497;4:0.252240;7:0.470264,
891,891-Aelveahein.txt,GAL,10910.0,megalopolis,25:1.000000,71:1.000000,3:0.032765;4:0.010570;6:0.956665,
892,892-Dourouhtei.txt,GAL,1920.0,town,25:1.000000,71:1.000000,2:0.286458;7:0.713542,
893,893-Xaeruvok.txt,GAL,2840.0,town,25:1.000000,71:1.000000,2:0.006171;6:0.972874;7:0.020954,
894,894-Northern New Kastra.txt,RQP,1430.0,town,1:0.792265;3:0.207735,17:0.401287;67:0.598713,3:0.185217;4:0.814783,"more than two startup cultures [17, 67, 2]; kept first two [17, 67]"
895,895-Western New Kastra.txt,RQP,1940.0,town,1:0.713778;3:0.286222,17:0.445879;67:0.554121,4:0.383505;5:0.616495,"more than two startup cultures [17, 67, 2]; kept first two [17, 67]"
896,896-Southern New Kastra.txt,RQP,2040.0,town,3:0.729854;1:0.270146,17:0.472042;67:0.527958,4:0.816102;7:0.183898,"more than two startup cultures [17, 67, 2]; kept first two [17, 67]"
897,897-Inner Kastra.txt,RQP,610.0,town,3:0.685905;1:0.314095,17:0.538062;67:0.461938,4:0.879846;7:0.120154,"more than two startup cultures [17, 67, 2]; kept first two [17, 67]"
898,898-Narnburg.txt,FST,4430.0,town,1:1.000000,60:1.000000,3:0.008406;5:0.011577;8:0.980017,
899,899-Havener.txt,FST,2180.0,town,1:1.000000,60:0.593428;61:0.406572,3:0.022087;8:0.977913,
900,900-Lukastadt.txt,FST,4080.0,town,1:1.000000,60:1.000000,3:0.015032;4:0.013519;8:0.971449,
952,952-Vensis.txt,SOF,4760.0,large_city,32:1.000000,18:1.000000,4:0.036837;7:0.963163,
953,953-Shar.txt,SOF,720.0,town,32:1.000000,18:1.000000,7:0.877351;8:0.122649,
954,954-Reijen.txt,SOF,620.0,town,32:1.000000,18:1.000000,6:0.213432;7:0.711051;8:0.075516,
955,955-Paol.txt,SOF,760.0,town,32:1.000000,18:1.000000,6:0.299869;7:0.700131,
956,956-Espen.txt,SOF,980.0,town,32:1.000000,18:1.000000,3:0.392245;8:0.607755,
957,957-Magnatia.txt,SOF,970.0,town,32:1.000000,18:1.000000,3:0.108399;6:0.282554;7:0.609048,
958,958-Lairen.txt,SOF,2760.0,town,32:1.000000,18:1.000000,4:0.040842;7:0.959158,
959,959-Daslai.txt,SOF,300.0,town,32:1.000000,18:1.000000,7:1.000000,
960,960-Chaisen.txt,SOF,1150.0,town,32:1.000000,18:1.000000,3:1.000000,
961,961-Northern Solstice.txt,SOF,530.0,town,32:1.000000,18:1.000000,6:0.703346;7:0.296654,
962,962-Waterdeen.txt,SOF,420.0,town,32:1.000000,18:1.000000,5:0.894078;8:0.105922,
963,963-Southern Hervus.txt,SOF,880.0,town,32:1.000000,18:1.000000,4:0.062915;6:0.937085,
964,964-Plaveta.txt,SOF,4020.0,rural,32:1.000000,18:1.000000,2:0.210667;7:0.789333,
965,965-Western Altairyu.txt,SOF,290.0,town,32:1.000000,18:1.000000,3:0.052852;7:0.947148,
969,969-Mount Izwae.txt,IZW,2710.0,city,59:1.000000,62:1.000000,1:0.082606;2:0.818428;8:0.098967,
970,970-Heizong.txt,IZW,930.0,town,59:1.000000,62:1.000000,0:0.155792;2:0.807929;7:0.036280,
971,971-Usswaeri.txt,IZW,1400.0,town,59:1.000000,62:1.000000,1:0.237717;2:0.762283,
972,972-Zarbin.txt,IZW,910.0,town,59:1.000000,62:1.000000,2:0.761876;7:0.238124,
973,973-Parudus.txt,IZW,320.0,town,59:1.000000,62:1.000000,0:0.385729;7:0.614271,
974,974-Godreim.txt,IZW,300.0,town,59:1.000000,61:0.452426;62:0.547574,2:0.106000;6:0.894000,
975,975-Paraneum.txt,IZW,790.0,town,59:1.000000,61:0.436920;62:0.563080,0:0.401111;2:0.598889,
976,976-Goprdus.txt,IZW,410.0,town,59:1.000000,62:1.000000,0:0.317080;2:0.682920,
979,979-The Dish.txt,BRA,5640.0,large_city,10:1.000000,70:1.000000,2:0.148270;3:0.088143;5:0.763587,
980,980-Bramble Range.txt,BRA,1700.0,town,10:1.000000,70:1.000000,3:0.499126;8:0.500874,
981,981-Badrock.txt,BRA,9050.0,town,10:1.000000,70:1.000000,3:0.086644;5:0.913356,
982,982-Bramballia.txt,BRA,3220.0,rural,10:1.000000,70:1.000000,0:0.089078;3:0.910922,
983,983-Feedwater.txt,BRA,3220.0,town,10:1.000000,70:1.000000,3:0.092740;5:0.907260,
984,984-Bramble Bassin.txt,BRA,960.0,rural,10:1.000000,70:1.000000,5:0.408680;7:0.591320,
985,985-Bramble Woods.txt,BRA,1410.0,town,10:1.000000,70:1.000000,2:0.010795;4:0.989205,
986,986-Upper Bramble Basin.txt,BRA,3.2,wasteland,10:1.000000,70:1.000000,3:0.259566;5:0.740434,
987,987-Central Bramble Basin.txt,BRA,1.2,wasteland,10:1.000000,70:1.000000,2:0.008403;3:0.158767;5:0.832830,
988,988-Lower Bramble Basin.txt,BRA,5.0,wasteland,10:1.000000,70:1.000000,5:1.000000,
989,989-Hissity.txt,ENO,3340.0,large_city,27:1.000000,,1:0.196699;2:0.174317;5:0.628984,no resolvable starting species/culture; relevant array left all-zero
990,990-Slithervich.txt,ENO,1710.0,city,27:1.000000,,2:0.248095;5:0.751905,no resolvable starting species/culture; relevant array left all-zero
991,991-Serpentine Point.txt,ENO,1310.0,town,27:1.000000,,0:0.827389;1:0.172611,no resolvable starting species/culture; relevant array left all-zero
992,992-Rattlecoast.txt,ENO,610.0,town,27:1.000000,,1:0.051105;5:0.948895,no resolvable starting species/culture; relevant array left all-zero
993,993-Copper Mounts.txt,ENO,760.0,town,27:1.000000,,1:0.115278;5:0.884722,no resolvable starting species/culture; relevant array left all-zero
994,994-Dol Viiras.txt,KOL,410.0,pastoral,58:1.000000,54:1.000000,1:0.123147;6:0.876853,
995,995-Nharsus.txt,KOL,230.0,pastoral,58:1.000000,54:1.000000,4:0.163973;7:0.836027,
996,996-Ulzulgukh.txt,KOL,380.0,town,58:1.000000,54:1.000000,7:1.000000,
997,997-Khakhabad.txt,KOL,420.0,town,58:1.000000,54:1.000000,2:0.121902;6:0.009458;7:0.868640,
998,998-Gvin Tharun.txt,KOL,180.0,rural,58:1.000000,54:1.000000,6:0.005425;7:0.994575,
999,999-Zorud Tal.txt,KOL,330.0,town,58:1.000000,53:1.000000,7:1.000000,
1000,1000-Ad Khagaroth.txt,KOL,290.0,pastoral,58:1.000000,53:1.000000,6:0.009652;7:0.990348,
1001,1001-Vhi Sobhanas.txt,KOL,240.0,town,58:1.000000,55:1.000000,5:0.072180;7:0.927820,
1002,1002-Gvin Minhaz.txt,KOL,200.0,pastoral,58:1.000000,55:1.000000,3:0.678906;6:0.321094,
1003,1003-Azzukhad.txt,KOL,250.0,town,58:1.000000,55:1.000000,3:0.029701;7:0.970299,
1004,1004-Vhi Bramokh.txt,KOL,220.0,town,58:1.000000,55:1.000000,1:0.003247;7:0.996753,
1005,1005-Tirh Khaz'dan.txt,KOL,450.0,town,58:1.000000,55:1.000000,5:0.075279;7:0.924721,
1006,1006-Mazhuddar.txt,KOL,310.0,town,58:1.000000,55:1.000000,3:0.033558;6:0.012797;7:0.953644,
1007,1007-Unkhus Vel.txt,KOL,210.0,pastoral,58:1.000000,55:1.000000,6:1.000000,
1008,1008-Zud Jalath.txt,KOL,170.0,rural,58:1.000000,55:1.000000,7:0.698831;8:0.301169,
1009,1009-Eastern Shroom Hills.txt,KKN,1190.0,town,7:0.666102;1:0.333898,82:1.000000,7:0.138565;8:0.861435,
1010,1010-Ost-Kattailwald.txt,WAC,1127.0,town,1:0.625687;58:0.374313,82:1.000000,1:0.815282;8:0.184718,
1011,1011-Shroomfluss.txt,WAC,714.0,rural,1:0.745980;7:0.254020,82:1.000000,1:0.459805;7:0.540195,
1012,1012-Western Shroom Hills.txt,WAC,1190.0,town,1:0.711148;7:0.288852,82:1.000000,1:0.818726;8:0.181274,
1013,1013-Agrisector 1.txt,SLR,3840.0,town,3:1.000000,56:1.000000,0:0.949182;3:0.050818,
1014,1014-Agrisector 2.txt,TEN,3650.0,town,3:0.654179;0:0.345821,66:1.000000,2:0.013480;6:0.054356;7:0.932164,
1015,1015-Agrisector 3.txt,SOF,3650.0,town,32:1.000000,18:1.000000,3:0.019863;6:0.181642;7:0.798494,
1016,1016-Agrisector 6.txt,KEP,3290.0,town,3:1.000000,58:1.000000,3:0.078669;4:0.364883;8:0.556448,
1017,1017-Agrisector 7.txt,KEP,2190.0,town,3:1.000000,58:1.000000,2:0.052487;4:0.413385;5:0.534127,
1018,1018-Urbansector 1.txt,KEP,5883.0,metropolis,3:1.000000,23:0.439238;58:0.560762,1:0.179191;2:0.073754;4:0.747054,
1019,1019-Urban Sector 2.txt,KEP,2170.0,large_town,3:1.000000,23:0.540653;58:0.459347,4:0.398692;7:0.179611;8:0.421696,
1020,1020-Urban Sector 4.txt,KEP,6536.0,city,3:1.000000,23:0.508772;58:0.491228,1:0.014758;3:0.351865;4:0.633378,
1021,1021-Urban Sector 5.txt,KEP,3536.0,large_town,3:1.000000,23:0.490363;58:0.509637,2:0.166055;4:0.833945,
1022,1022-Nemo Isles.txt,KEP,73.6,large_town,3:1.000000,23:1.000000,1:0.006855;8:0.993145,
1023,1023-Eastern Industrisector.txt,KEP,70.6,large_town,3:1.000000,23:1.000000,4:0.164760;8:0.835240,
1024,1024-Northern Industriesector.txt,KEP,53.0,large_town,3:1.000000,23:1.000000,4:0.556759;5:0.443241,
1025,1025-Western Industriesector.txt,KEP,53.0,large_town,3:1.000000,23:1.000000,2:0.285524;5:0.714476,
1026,1026-South Vasmar Ridge.txt,VAS,810.0,rural,29:1.000000,76:1.000000,0:0.237384;5:0.743937;8:0.018679,
1027,1027-Grandhaven.txt,VAS,3810.0,city,29:1.000000,76:1.000000,2:0.117876;5:0.868559;7:0.013564,
1028,1028-Grove Plains.txt,VAS,1070.0,large_town,29:1.000000,76:1.000000,2:0.370564;5:0.506086;8:0.123349,
1029,1029-Eastern Frontier.txt,VAS,860.0,town,29:1.000000,76:1.000000,5:0.943096;8:0.056904,
1030,1030-Arborian Shores.txt,VAS,1730.0,large_town,29:1.000000,76:1.000000,1:0.829583;2:0.170417,
1031,1031-Hushed Frontier.txt,VAS,450.0,rural,29:1.000000,76:1.000000,5:1.000000,
1032,1032-Upper Vasmar Ridge.txt,VAS,1420.0,town,29:1.000000,76:1.000000,1:0.684205;5:0.315795,
1033,1033-Western Corebound.txt,ROQ,345.0,large_town,3:1.000000,7:0.497150;47:0.502850,4:1.000000,
1034,1034-Central Corebound.txt,ROQ,135.0,town,3:1.000000,47:0.462260;6:0.537740,0:0.093964;4:0.802411;7:0.103625,
1035,1035-Kronkhanghelsk.txt,TEM,800.0,town,27:1.000000,82:1.000000,7:0.084041;8:0.915959,
1036,1036-Kronk2.txt,TEM,2193.689,large_town,27:1.000000,82:1.000000,7:0.125812;8:0.874188,
1037,1037-South Crabby Shores.txt,FOD,3354.95,city,24:0.799441;1:0.200559,81:1.000000,4:0.106209;7:0.196093;8:0.697697,
1038,1038-Humusenski.txt,FOD,1824.751,town,24:0.662918;1:0.337082,81:1.000000,7:0.113720;8:0.886280,
1039,1039-Yasnbrask.txt,FOD,2273.104,large_town,24:0.669545;1:0.330455,81:1.000000,3:0.027332;8:0.972668,
1041,1041-Saltlarenstadt.txt,FOD,1717.857,town,24:0.605602;1:0.394398,81:1.000000,7:0.446853;8:0.553147,
1042,1042-Kronkozavodsk.txt,FOD,825.657,town,7:0.787707;1:0.212293,81:1.000000,5:0.277399;7:0.722601,
1043,1043-Kronk4.txt,KKN,1735.4,large_town,7:0.676393;1:0.323607,82:1.000000,3:0.023310;8:0.976690,
1044,1044-Kronk5.txt,KKN,1372.634,town,1:0.790008;7:0.209992,82:1.000000,6:0.229689;8:0.770311,
1045,1045-Magnitokronsk.txt,KKN,7455.0,town,7:0.673496;1:0.326504,82:1.000000,3:0.013705;7:0.070316;8:0.915979,
1046,1046-Kronk7.txt,KKN,3343.677,city,1:0.762050;7:0.237950,82:1.000000,4:0.007445;8:0.992555,
1047,1047-East Ost-Hydronien.txt,FOD,2597.463,town,24:0.733972;1:0.266028,81:1.000000,3:0.071615;7:0.928385,
1048,1048-Praeliumen.txt,ACR,3705.749,city,24:1.000000,83:1.000000,0:0.099601;1:0.863119;3:0.037280,culture missing; inherited owner modal culture 83
1049,1049-West Greater Bundengrad.txt,FOD,674.905,town,24:0.707562;1:0.292438,81:1.000000,3:0.058202;7:0.941798,
1050,1050-Greencoast.txt,MCF,1286.25,town,13:1.000000,50:1.000000,6:0.515824;7:0.484176,
1051,1051-Kronk9.txt,FOD,1931.5,town,7:0.639673;1:0.360327,81:1.000000,6:0.418211;8:0.581789,
1052,1052-Kronk10.txt,ACR,2329.986,city,7:0.696956;1:0.303044,83:1.000000,0:0.032558;1:0.540871;2:0.426571,culture missing; inherited owner modal culture 83
1053,1053-Kronk11.txt,ACR,3426.011,city,7:0.790400;24:0.209600,83:1.000000,0:0.167469;2:0.421801;3:0.410730,culture missing; inherited owner modal culture 83
1054,1054-Kronmea.txt,ACR,1556.574,town,24:1.000000,83:1.000000,0:0.744863;3:0.255137,culture missing; inherited owner modal culture 83
1055,1055-South Yinjetopol.txt,ACR,3203.985,town,24:1.000000,83:1.000000,1:0.592829;2:0.407171,culture missing; inherited owner modal culture 83
1056,1056-East Kobalt.txt,RQP,4760.0,large_city,25:0.655489;1:0.344511,71:1.000000,3:0.272301;4:0.570662;6:0.157038,
1057,1057-Panplona.txt,GAL,3070.0,town,25:1.000000,71:1.000000,1:0.044583;3:0.012938;6:0.942479,
1058,1058-Leónduja.txt,GAL,2500.0,rural,25:1.000000,71:1.000000,2:0.054498;7:0.054533;8:0.890969,
1128,1128-Port Moll.txt,MER,2298.0,town,29:1.000000,68:1.000000,1:0.375692;3:0.624308,
1164,1164-Rustalia1.txt,RST,6390.0,large_town,3:1.000000,67:1.000000,1:0.970851;3:0.008740;4:0.020410,
1165,1165-Rustalia2.txt,RST,2380.0,town,3:1.000000,67:1.000000,1:0.551548;3:0.078673;4:0.369779,
1166,1166-Rustalia3.txt,RST,3940.0,town,3:1.000000,67:1.000000,3:0.517005;6:0.482995,
1167,1167-Rustalia4.txt,RST,3650.0,large_town,3:1.000000,67:1.000000,1:0.473656;3:0.004974;7:0.521370,
1168,1168-Rustalia5.txt,RST,5430.0,town,3:1.000000,67:1.000000,1:0.925348;3:0.074652,
1169,1169-Rustalia6.txt,RST,2020.0,town,3:1.000000,67:1.000000,1:0.506118;4:0.493882,
1170,1170-Spri1.txt,EUL,2000.0,town,7:1.000000,,0:0.521544;3:0.114180;4:0.364277,no resolvable starting species/culture; relevant array left all-zero
1171,1171-Spri2.txt,EUL,3850.0,town,7:1.000000,,2:0.074869;3:0.226602;4:0.698529,no resolvable starting species/culture; relevant array left all-zero
1172,1172-Spri3.txt,EUL,2110.0,town,7:1.000000,,2:0.041315;3:0.317927;5:0.640758,no resolvable starting species/culture; relevant array left all-zero
1173,1173-Cookimbra.txt,PGN,2450.0,town,25:1.000000,97:1.000000,2:0.111934;7:0.888066,
1174,1174-Bragallet.txt,KOA,3350.0,town,25:1.000000,97:1.000000,1:0.369509;4:0.011554;7:0.618938,
1175,1175-Callidus.txt,KOA,8730.0,large_town,25:1.000000,97:1.000000,1:0.891695;4:0.108305,
1176,1176-Spri6.txt,EUL,1900.0,town,7:1.000000,,1:0.288421;7:0.711579,no resolvable starting species/culture; relevant array left all-zero
1177,1177-Spri7.txt,EUL,2870.0,town,7:1.000000,,0:0.578715;2:0.126165;4:0.295120,no resolvable starting species/culture; relevant array left all-zero
1178,1178-Lisbonbon.txt,KOA,6390.0,large_city,25:0.788779;4:0.211221,97:1.000000,1:0.875683;3:0.124317,
1179,1179-Potro.txt,KOA,2830.0,town,25:0.635180;4:0.364820,97:1.000000,5:0.293181;6:0.706819,
1180,1180-Rodridough.txt,KOA,3210.0,town,25:0.663183;4:0.336817,97:1.000000,1:0.938699;3:0.061301,
1181,1181-Koasski.txt,UST,4840.0,large_town,4:1.000000,73:1.000000,0:0.963141;2:0.036859,
1182,1182-Ehw Fauah.txt,UST,2200.0,town,4:1.000000,73:1.000000,1:0.692364;2:0.217315;6:0.090322,
1183,1183-Doughnada.txt,GAL,6210.0,large_town,25:0.666008;1:0.333992,96:1.000000,1:0.201743;2:0.006416;6:0.791840,
1184,1184-Bakecelona.txt,GAL,14590.0,large_city,25:1.000000,96:1.000000,0:0.124359;4:0.002976;6:0.872665,
1185,1185-Toledough.txt,GAL,2760.0,town,25:1.000000,96:1.000000,2:0.033465;3:0.032932;6:0.933603,
1186,1186-Granajón.txt,SMI,5360.0,town,1:0.617996;25:0.382004,71:0.436985;95:0.563015,1:0.221455;2:0.193095;6:0.585449,
1187,1187-San-Sebakestian.txt,SMI,6280.0,large_town,1:0.775314;25:0.224686,71:0.550051;95:0.449949,0:0.189013;3:0.189013;7:0.621975,
1188,1188-Zaradoughza.txt,GAL,4330.0,town,25:1.000000,71:1.000000,2:0.009961;6:0.759805;8:0.230234,
1189,1189-Pastelona.txt,GAL,2700.0,town,25:1.000000,71:1.000000,2:0.025059;6:0.730269;8:0.244672,
1190,1190-Varhk.txt,UST,4290.0,town,4:1.000000,73:1.000000,0:0.902839;2:0.007682;7:0.089479,
1191,1191-Sebowlia 2.txt,KOA,4300.0,large_town,25:0.760657;4:0.239343,97:1.000000,1:0.922519;3:0.017049;4:0.060432,
1192,1192-Crumbrid.txt,FKS,28950.0,megalopolis,1:0.649387;25:0.350613,95:1.000000,3:0.029759;6:0.715682;7:0.254559,
1193,1193-Muffintilla.txt,FKS,2230.0,town,1:0.650802;25:0.349198,95:1.000000,2:0.774207;6:0.225793,
1194,1194-Somtaaw.txt,UMR,10950.0,large_town,57:0.692653;1:0.307347,78:1.000000,3:0.072759;6:0.899320;8:0.027922,
1195,1195-S'jet.txt,UMR,6900.0,town,57:0.610181;1:0.389819,78:1.000000,1:0.479652;6:0.482075;7:0.038273,
1196,1196-Manaan.txt,UMR,11340.0,town,57:0.703734;1:0.296266,78:1.000000,3:0.416163;7:0.511774;8:0.072063,
1197,1197-Tiir.txt,UMR,12180.0,city,57:0.705616;1:0.294384,78:1.000000,4:0.158186;5:0.226437;6:0.615377,
1198,1198-Girardought.txt,PGN,12410.0,city,25:1.000000,97:1.000000,2:0.038104;6:0.333896;7:0.628001,
1199,1199-Funchaleta.txt,PGN,11030.0,large_town,25:1.000000,97:1.000000,2:0.035744;7:0.524035;8:0.440221,
1200,1200-Churrilbao.txt,PGN,2150.0,town,25:1.000000,97:1.000000,0:0.655535;1:0.199273;8:0.145192,
1201,1201-South Koti.txt,PAN,3700.0,town,60:1.000000,79:1.000000,3:0.029289;6:0.075743;7:0.894968,
1202,1202-Burgeros.txt,KOA,12660.0,megalopolis,25:0.664976;4:0.335024,97:1.000000,1:0.914463;3:0.079698;6:0.005840,
1203,1203-Sabadeirado.txt,GAL,6820.0,town,25:0.685596;1:0.314404,96:1.000000,4:0.018524;6:0.981476,
1204,1204-Meerut.txt,PAN,4300.0,town,60:1.000000,79:1.000000,3:0.071644;7:0.840124;8:0.088233,
1205,1205-Meghaduta.txt,PAN,10910.0,large_city,60:1.000000,79:1.000000,4:0.054075;7:0.945925,
1206,1206-Jharuna.txt,PAN,3910.0,town,60:1.000000,79:1.000000,3:0.087877;7:0.522583;8:0.389539,
1207,1207-New Basni.txt,PAN,4510.0,town,60:1.000000,79:1.000000,3:0.181620;7:0.818380,
1208,1208-New Kumakh.txt,PAN,4190.0,town,60:1.000000,79:1.000000,4:0.012826;5:0.181623;6:0.805552,
1209,1209-East Dourouhtei.txt,PAN,1360.0,town,60:1.000000,79:1.000000,6:0.245507;7:0.754493,
1210,1210-Bakecaramangé.txt,GAL,4360.0,large_town,25:1.000000,71:1.000000,3:0.008824;6:0.978733;7:0.012443,
1211,1211-Mahin Geh.txt,GAL,1300.0,town,25:1.000000,71:1.000000,5:0.697846;6:0.302154,
1212,1212-Medoughlin.txt,GAL,2350.0,town,25:1.000000,71:1.000000,2:0.010570;4:0.005642;6:0.983789,
1213,1213-Rhayman.txt,GAL,1500.0,rural,25:1.000000,71:1.000000,6:0.565966;8:0.434034,
1214,1214-Spri20.txt,EUL,10390.0,metropolis,7:1.000000,,2:0.109229;4:0.760646;6:0.130125,no resolvable starting species/culture; relevant array left all-zero
1285,1285-Paluush1.txt,PLR,120.0,rural,15:1.000000,9:1.000000,1:0.859836;6:0.140164,
1286,1286-Paluush2.txt,PLR,92.0,rural,15:1.000000,9:1.000000,0:0.872815;4:0.127185,
1287,1287-Paluush3.txt,VAS,153.0,rural,29:1.000000,76:1.000000,0:0.248250;5:0.751750,
1288,1288-Paluush4.txt,VAS,92.0,rural,29:1.000000,76:1.000000,0:0.200235;5:0.799765,
1289,1289-Wybrezacho.txt,MER,1360.0,town,29:1.000000,68:1.000000,5:0.003175;7:0.996825,
1290,1290-Rowninalesna.txt,MER,2520.0,town,29:1.000000,68:1.000000,2:0.001074;5:0.000825;7:0.998102,
1291,1291-Quantus Hub.txt,SLC,2170.0,large_city,49:1.000000,51:1.000000,9:1.000000,
1292,1292-Wschobregi.txt,MER,1410.0,town,29:1.000000,68:1.000000,0:0.001080;7:0.998920,
1293,1293-Zachokran.txt,MER,1600.0,town,29:1.000000,68:1.000000,5:0.003504;7:0.996496,
1294,1294-West Westpaw.txt,MER,2310.0,town,29:1.000000,68:1.000000,2:0.000148;7:0.989335;8:0.010518,
1295,1295-Far West Westpaw.txt,MER,1860.0,town,29:1.000000,68:1.000000,7:0.975027;8:0.024973,
1296,1296-Duzygaj.txt,MER,2690.0,town,29:1.000000,68:1.000000,3:0.000059;6:0.013027;7:0.986914,
1297,1297-Far West Westpaw 3.txt,MER,1210.0,town,29:1.000000,68:1.000000,0:0.093109;2:0.071821;6:0.835070,
1298,1298-Near South Infernum's Castle.txt,MER,1140.0,town,29:1.000000,68:1.000000,7:0.960732;8:0.039268,
1299,1299-Gorskzableg.txt,MER,1070.0,town,29:1.000000,68:1.000000,0:0.578971;5:0.421029,
1300,1300-Krawedgory.txt,MER,1520.0,town,29:1.000000,68:1.000000,1:0.000002;4:0.000744;7:0.999254,
1301,1301-South Infernum's Castle.txt,MER,960.0,town,29:1.000000,68:1.000000,6:1.000000,
1302,1302-Near West Westpaw.txt,MER,1500.0,town,29:1.000000,68:1.000000,6:0.142692;8:0.857308,
1303,1303-Naturopolis.txt,MER,650.0,town,29:1.000000,68:1.000000,1:0.000041;7:0.999959,
1304,1304-Far South Infernum's Castle.txt,MER,570.0,town,29:1.000000,68:1.000000,7:1.000000,
1305,1305-Naval Hub.txt,SLC,2040.0,metropolis,49:1.000000,51:1.000000,9:1.000000,
1307,1307-South Fleatherwing.txt,FLS,489.201,rural,28:0.728217;1:0.271783,77:0.563864;27:0.436136,0:0.794521;1:0.109589;6:0.095890,
1308,1308-North Fleatherwing.txt,FLM,359.18,rural,28:0.748223;1:0.251777,77:0.415356;27:0.584644,3:0.035294;6:0.152941;7:0.811765,
1312,1312-North Slithervich.txt,TEM,2340.0,metropolis,27:1.000000,82:1.000000,6:0.360606;8:0.639394,
1313,1313-Yinja30.txt,FOD,1033.642,city,1:0.634133;24:0.365867,81:1.000000,4:0.117369;7:0.138329;8:0.744301,
1314,1314-Centragorz.txt,MER,770.0,town,29:1.000000,68:1.000000,2:0.991046;3:0.008954,
1315,1315-East Hissity.txt,TEM,500.0,town,27:1.000000,82:1.000000,7:0.100693;8:0.899307,
1316,1316-Kronk50.txt,KKN,1022.0,town,7:0.785451;1:0.214549,82:1.000000,4:1.000000,
1317,1317-North Copper Ridges.txt,TEM,200.0,town,27:1.000000,82:1.000000,7:0.364956;8:0.635044,
1318,1318-South Ezikyinjatz.txt,TEM,680.0,town,27:1.000000,82:1.000000,6:0.378640;8:0.621360,
1319,1319-Ost-Hydronien.txt,FOD,700.0,large_city,1:0.786695;24:0.213305,81:0.515040;83:0.484960,3:0.004586;7:0.087886;8:0.907528,
1320,1320-Loris Flats.txt,FOD,623.0,large_city,1:0.779506;24:0.220494,81:0.577806;83:0.422194,3:0.076065;5:0.150256;8:0.773679,
1321,1321-Sud-Hydronien.txt,ACR,560.0,city,1:0.735692;24:0.264308,83:1.000000,0:0.049271;1:0.781714;3:0.169015,
1322,1322-Westen-Hydronien.txt,FOD,392.0,town,1:0.689691;7:0.310309,81:0.579775;83:0.420225,8:1.000000,
1323,1323-Loris Flats.txt,FOD,371.0,large_town,1:0.601148;7:0.398852,81:0.511761;83:0.488239,4:0.310114;7:0.689886,
1324,1324-Katlantropa Dam.txt,FOD,7.0,town,1:0.718746;7:0.281254,81:1.000000,6:0.728630;7:0.271370,
1325,1325-Great Kraksia.txt,ACR,4600.0,city,24:0.673531;7:0.326469,83:1.000000,0:0.155842;1:0.718880;3:0.125278,culture missing; inherited owner modal culture 83
1326,1326-Malyrali.txt,ACR,3900.0,large_city,7:0.708655;24:0.291345,83:1.000000,1:0.739897;2:0.260103,culture missing; inherited owner modal culture 83
1327,1327-Yinjite Shores.txt,ACR,8660.0,megalopolis,24:0.640093;7:0.359907,83:1.000000,1:0.678314;2:0.213885;3:0.107800,culture missing; inherited owner modal culture 83
1345,1345-Taupwald.txt,LTR,2964.446,rural,46:1.000000,87:1.000000,2:0.507849;3:0.487699;4:0.004452,
1346,1346-Loudennes.txt,LTR,1615.675,rural,46:1.000000,87:1.000000,5:0.931509;7:0.068491,
1347,1347-Ottenon.txt,LTR,5758.834,large_city,46:0.668562;19:0.331438,87:1.000000,0:0.519605;3:0.480395,
1348,1348-Lanterien.txt,LTR,1589.435,town,46:1.000000,87:1.000000,1:0.265908;4:0.734092,
1349,1349-Brashten.txt,LTR,4391.143,city,46:0.698505;9:0.301495,87:1.000000,3:0.580971;5:0.193010;6:0.226019,
1350,1350-Ottre.txt,LTR,1674.893,large_town,46:1.000000,87:1.000000,2:0.719984;6:0.280016,
1352,1352-Kambosland.txt,KTN,1896.105,city,19:1.000000,84:1.000000,0:0.375621;2:0.624379,
1353,1353-Rheilen.txt,KTN,2314.577,city,19:1.000000,84:1.000000,2:0.535021;7:0.464979,
1358,1358-Petite Loutteria.txt,LTR,4484.577,town,46:1.000000,87:1.000000,3:0.759024;6:0.240976,
1359,1359-Armealnia.txt,GAL,2870.0,town,25:1.000000,71:1.000000,4:0.002975;6:0.978806;7:0.018219,
1360,1360-Baguetta.txt,GAL,2730.0,town,25:1.000000,71:1.000000,1:0.155569;3:0.020029;6:0.824402,
1362,1362-Near West Dazhungli.txt,UST,2410.0,town,4:1.000000,73:1.000000,0:0.803824;2:0.010642;7:0.185534,
1363,1363-Psossqe.txt,UST,2370.0,town,4:1.000000,73:1.000000,2:0.225908;7:0.774092,
1364,1364-Marossqenardhu.txt,UST,2930.0,town,4:1.000000,73:1.000000,2:0.093074;6:0.257096;8:0.649829,
1366,1366-Mount Kapolumpos.txt,KAP,252.479,wasteland,48:0.604428;44:0.395572,90:1.000000,3:0.329264;7:0.670736,
1367,1367-North Hoxxhagen Surface Zone.txt,MUL,2000.0,rural,45:0.756441;44:0.243559,89:1.000000,1:0.157895;3:0.578947;5:0.263158,
1368,1368-Upper Ylmira Slopes.txt,MUL,2000.0,rural,45:0.623417;46:0.376583,89:1.000000,2:0.141461;6:0.858539,
1369,1369-East Hoxxhagen Surface Zone.txt,MUL,2000.0,rural,45:0.633081;47:0.366919,89:1.000000,4:0.035579;6:0.870114;7:0.094307,
1370,1370-Distretto Montano.txt,PRC,576.441,town,47:0.743696;44:0.256304,88:1.000000,0:0.998116;4:0.001884,
1371,1371-Purrhelmshaven.txt,FST,1500.0,large_city,1:1.000000,60:1.000000,4:0.302531;5:0.235127;7:0.462342,
1374,1374-Ponedresa.txt,GAL,2500.0,town,25:1.000000,71:1.000000,3:0.302246;7:0.697754,
1375,1375-Amburbia.txt,PRC,12985.542,megalopolis,47:1.000000,88:1.000000,1:0.571689;2:0.225249;5:0.203062,
1376,1376-Pandezia.txt,PRC,3988.775,city,47:0.659292;48:0.340708,88:1.000000,1:0.938977;2:0.036906;5:0.024117,
1377,1377-Racogna.txt,PRC,5666.621,large_city,47:1.000000,88:1.000000,0:0.111733;4:0.001379;7:0.886887,
1401,1401-North Solkatzia Bridge.txt,PRL,0.001,wasteland,1:1.000000,2:1.000000,0:0.009291;1:0.990709,
1402,1402-Southwest Solkatzia Bridge.txt,KUS,0.001,wasteland,12:0.709301;1:0.290699,48:1.000000,5:0.602809;8:0.397191,
1403,1403-Southeast Solkatzia Bridge.txt,KUS,0.001,wasteland,12:0.705106;1:0.294894,48:1.000000,0:0.362321;6:0.637679,
1405,1405-STATE_1405.txt,PRL,545.763,town,1:1.000000,41:0.587993;42:0.412007,1:0.851021;3:0.148979,
1406,1406-STATE_1406.txt,PRL,1098.673,large_town,1:1.000000,2:1.000000,3:0.758716;6:0.088761;7:0.152523,
1407,1407-STATE_1407.txt,AUR,1978.062,city,1:1.000000,42:1.000000,3:0.072731;5:0.089918;8:0.837351,
1408,1408-STATE_1408.txt,AUR,4082.318,large_town,1:1.000000,42:1.000000,3:0.142542;7:0.286973;8:0.570485,
1409,1409-STATE_1409.txt,AUR,810.455,town,1:1.000000,3:0.467915;42:0.532085,5:0.494676;6:0.505324,
1410,1410-STATE_1410.txt,ELO,1436.833,large_town,1:1.000000,3:1.000000,6:0.899160;7:0.100840,
1411,1411-STATE_1411.txt,AUR,1821.047,city,1:1.000000,3:0.574325;42:0.425675,1:0.255514;2:0.136346;8:0.608140,
1412,1412-STATE_1412.txt,WPR,2104.367,large_town,1:1.000000,41:1.000000,0:0.159941;3:0.112313;7:0.727747,
1413,1413-STATE_1413.txt,PRL,1148.984,large_town,1:1.000000,2:1.000000,3:0.694219;8:0.305781,
1414,1414-STATE_1414.txt,FRA,3198.186,town,1:1.000000,39:1.000000,3:0.089635;4:0.290696;5:0.619668,
1415,1415-STATE_1415.txt,NKB,958.598,large_town,1:1.000000,39:1.000000,6:0.885142;8:0.114858,
1416,1416-STATE_1416.txt,FRA,4466.2,large_town,1:1.000000,39:1.000000,3:0.189259;4:0.114352;6:0.696389,
1417,1417-STATE_1417.txt,WPR,1782.999,large_town,1:1.000000,41:1.000000,4:0.043713;7:0.956287,
1418,1418-STATE_1418.txt,WPR,439.144,rural,1:1.000000,41:1.000000,4:0.067406;7:0.932594,
1419,1419-STATE_1419.txt,WPR,611.782,town,1:1.000000,25:1.000000,2:0.273700;6:0.122379;8:0.603921,
1420,1420-STATE_1420.txt,WPR,429.031,rural,1:1.000000,41:1.000000,3:0.066159;7:0.933841,
1421,1421-STATE_1421.txt,ROQ,477.862,large_town,3:1.000000,58:1.000000,4:0.578252;7:0.421748,
1422,1422-STATE_1422.txt,ROQ,2336.34,town,3:1.000000,58:1.000000,4:0.810108;8:0.189892,
1423,1423-STATE_1423.txt,MCF,1203.075,large_town,13:1.000000,11:1.000000,6:0.574103;7:0.425897,
1424,1424-STATE_1424.txt,MCF,1062.482,rural,13:1.000000,11:1.000000,3:0.187408;7:0.812592,
1425,1425-STATE_1425.txt,LMB,791.067,rural,3:0.736139;1:0.263861,6:1.000000,3:0.153938;4:0.846062,
1426,1426-STATE_1426.txt,LMB,3125.659,large_town,3:0.765861;1:0.234139,6:1.000000,3:0.088038;4:0.111872;6:0.800090,
1427,1427-STATE_1427.txt,OST,513.647,town,1:1.000000,41:1.000000,6:1.000000,
1428,1428-STATE_1428.txt,WPR,1827.799,large_town,1:1.000000,41:1.000000,2:0.337983;7:0.128081;8:0.533936,
1429,1429-STATE_1429.txt,CLE,1134.355,large_town,1:1.000000,3:1.000000,2:0.135785;7:0.864215,
1430,1430-STATE_1430.txt,CAT,3416.791,town,1:1.000000,44:1.000000,3:0.245623;5:0.657588;6:0.096788,
1431,1431-STATE_1431.txt,KHA,1749.615,large_town,22:1.000000,64:1.000000,6:0.394038;7:0.605962,
1432,1432-STATE_1432.txt,KHA,1702.26,town,22:1.000000,64:1.000000,3:0.178990;7:0.821010,
1433,1433-STATE_1433.txt,TEN,2085.252,town,3:0.602631;0:0.397369,66:1.000000,4:0.053853;6:0.114405;7:0.831742,
1434,1434-STATE_1434.txt,ROQ,583.536,town,3:1.000000,7:1.000000,4:0.718607;7:0.281393,
1435,1435-STATE_1435.txt,AUR,1470.773,town,1:1.000000,42:1.000000,5:0.234675;8:0.765325,
1436,1436-STATE_1436.txt,OST,453.89,rural,1:1.000000,41:1.000000,6:0.299192;7:0.700808,
1437,1437-STATE_1437.txt,WPR,681.937,large_town,1:1.000000,25:1.000000,1:0.261407;5:0.738593,
1438,1438-STATE_1438.txt,LIO,1228.889,town,1:1.000000,44:1.000000,6:0.388739;7:0.611261,
1439,1439-STATE_1439.txt,CAT,2288.442,rural,1:1.000000,44:1.000000,3:0.113091;4:0.718893;7:0.168016,
1440,1440-STATE_1440.txt,CAT,993.504,town,1:1.000000,43:1.000000,3:0.131297;4:0.868703,
1441,1441-STATE_1441.txt,CAT,1322.306,town,1:1.000000,43:1.000000,3:0.115697;4:0.884303,
1442,1442-STATE_1442.txt,WPR,199.279,town,1:1.000000,41:1.000000,7:0.324138;8:0.675862,
1443,1443-STATE_1443.txt,WPR,528.08,large_town,1:1.000000,25:1.000000,1:0.102165;6:0.897835,
1444,1444-STATE_1444.txt,OST,161.477,town,1:1.000000,26:1.000000,6:0.366900;7:0.633100,
1445,1445-STATE_1445.txt,LIO,1262.141,large_town,1:1.000000,24:1.000000,4:0.001974;8:0.998026,
1446,1446-STATE_1446.txt,LIO,1149.788,town,1:1.000000,24:1.000000,3:0.423948;5:0.576052,
1447,1447-STATE_1447.txt,CLE,4209.086,large_city,1:1.000000,3:1.000000,4:0.056287;8:0.943713,
1448,1448-STATE_1448.txt,ROQ,3066.515,large_town,3:1.000000,6:1.000000,4:0.817598;7:0.089464;8:0.092939,
1449,1449-STATE_1449.txt,CAT,2146.733,town,1:1.000000,43:1.000000,3:0.220419;6:0.223309;7:0.556273,
1450,1450-STATE_1450.txt,NKB,1264.413,town,1:1.000000,39:1.000000,0:0.335529;8:0.664471,
1451,1451-STATE_1451.txt,AUR,1104.916,town,1:1.000000,3:1.000000,2:0.108713;6:0.891287,
1452,1452-STATE_1452.txt,TAI,1022.82,town,1:1.000000,3:1.000000,7:0.740485;8:0.259515,
1453,1453-STATE_1453.txt,TAI,1080.478,town,1:1.000000,3:1.000000,5:0.145415;7:0.854585,
1454,1454-STATE_1454.txt,TAI,901.215,large_town,1:1.000000,3:1.000000,6:0.419629;8:0.580371,
1455,1455-STATE_1455.txt,TAI,1032.455,town,1:1.000000,3:1.000000,7:0.827496;8:0.172504,
1456,1456-STATE_1456.txt,TAI,803.393,large_town,1:1.000000,3:1.000000,7:0.823793;8:0.176207,
1457,1457-STATE_1457.txt,TAI,888.714,large_town,1:1.000000,3:1.000000,7:0.737936;8:0.262064,
1458,1458-STATE_1458.txt,NEU,2577.199,town,1:1.000000,38:1.000000,6:0.077399;7:0.171805;8:0.750796,
1459,1459-STATE_1459.txt,FRA,4375.095,large_town,1:1.000000,27:1.000000,2:0.078283;4:0.121719;6:0.799998,
1460,1460-STATE_1460.txt,FRA,6595.681,large_city,1:1.000000,27:1.000000,3:0.232126;6:0.767874,
1461,1461-STATE_1461.txt,FRA,4859.43,town,1:1.000000,39:1.000000,3:0.167642;5:0.279418;6:0.552939,
1462,1462-STATE_1462.txt,FRA,1670.074,town,1:1.000000,39:1.000000,1:0.488802;2:0.511198,
1463,1463-STATE_1463.txt,FRA,1242.819,town,1:1.000000,39:1.000000,4:0.322249;6:0.677751,
1464,1464-STATE_1464.txt,PAW,7576.044,metropolis,1:1.000000,40:1.000000,2:0.067917;7:0.345183;8:0.586900,
1465,1465-STATE_1465.txt,POT,1622.57,large_town,1:1.000000,38:1.000000,4:0.072553;7:0.927447,
1466,1466-STATE_1466.txt,NEU,2513.972,town,1:1.000000,39:1.000000,7:0.279163;8:0.720837,
1467,1467-STATE_1467.txt,HYP,4350.664,city,1:1.000000,38:1.000000,7:0.166491;8:0.833509,
1468,1468-STATE_1468.txt,WPR,1010.917,town,1:1.000000,41:1.000000,0:0.161887;7:0.838113,
1469,1469-STATE_1469.txt,LIO,1883.115,large_town,1:1.000000,44:1.000000,4:0.000739;6:0.742286;8:0.256975,
1470,1470-STATE_1470.txt,PER,2973.481,town,3:1.000000,7:1.000000,4:0.000003;5:0.999202;6:0.000795,
1471,1471-STATE_1471.txt,PER,543.562,town,3:1.000000,7:1.000000,3:0.034413;6:0.965587,
1472,1472-STATE_1472.txt,ROQ,2496.355,large_town,3:1.000000,7:1.000000,4:0.735712;7:0.264288,
1473,1473-STATE_1473.txt,ROQ,2027.868,large_town,3:1.000000,58:1.000000,0:0.067775;4:0.834874;8:0.097351,
1474,1474-STATE_1474.txt,ROQ,4631.997,city,3:1.000000,6:1.000000,4:0.685109;7:0.113391;8:0.201500,
1475,1475-STATE_1475.txt,ROQ,1412.618,large_town,3:1.000000,6:1.000000,4:0.650573;7:0.349427,
1476,1476-STATE_1476.txt,KKN,560.461,rural,7:0.769874;1:0.230126,82:1.000000,6:0.134452;7:0.062912;8:0.802636,
1477,1477-STATE_1477.txt,KKN,809.511,rural,7:0.702829;1:0.297171,82:1.000000,3:0.016760;8:0.983240,
1478,1478-STATE_1478.txt,KKN,452.422,large_town,7:0.601247;1:0.398753,82:1.000000,6:0.228583;8:0.771417,
1479,1479-STATE_1479.txt,KKN,834.481,large_town,7:0.710177;1:0.289823,82:1.000000,3:0.029677;8:0.970323,
1480,1480-STATE_1480.txt,FOD,415.757,large_town,7:0.653684;1:0.346316,81:1.000000,7:0.075463;8:0.924537,
1481,1481-STATE_1481.txt,FOD,563.249,large_town,7:0.741603;1:0.258397,81:1.000000,4:0.070459;8:0.929541,
1482,1482-STATE_1482.txt,FOD,513.042,rural,7:0.672206;1:0.327794,81:1.000000,7:1.000000,
1483,1483-STATE_1483.txt,FOD,739.638,rural,7:0.776721;1:0.223279,81:1.000000,8:1.000000,
1484,1484-STATE_1484.txt,FOD,1125.644,town,7:0.685053;1:0.314947,81:1.000000,7:0.117065;8:0.882935,
1485,1485-STATE_1485.txt,FOD,919.331,rural,7:0.798023;1:0.201977,81:1.000000,7:0.106479;8:0.893521,
1486,1486-STATE_1486.txt,FOD,602.173,rural,7:0.705435;1:0.294565,81:1.000000,5:0.319780;6:0.680220,
1487,1487-STATE_1487.txt,KKN,2455.883,large_town,7:0.626712;1:0.373288,82:1.000000,4:0.001539;6:0.056677;8:0.941784,
1488,1488-STATE_1488.txt,KKN,949.795,town,7:0.753001;1:0.246999,82:1.000000,7:0.081294;8:0.918706,
1489,1489-STATE_1489.txt,ACR,656.111,large_town,24:1.000000,83:1.000000,0:0.100690;1:0.863942;2:0.035368,species missing; inherited owner modal species 24 | culture missing; inherited owner modal culture 83
1490,1490-STATE_1490.txt,ACR,2727.228,town,24:1.000000,83:1.000000,0:0.076324;1:0.778971;2:0.144705,species missing; inherited owner modal species 24 | culture missing; inherited owner modal culture 83
1491,1491-STATE_1491.txt,ACR,375.359,rural,24:1.000000,83:1.000000,2:0.719684;3:0.280316,species missing; inherited owner modal species 24 | culture missing; inherited owner modal culture 83
1492,1492-STATE_1492.txt,ACR,792.472,town,24:1.000000,83:1.000000,0:0.440163;2:0.294235;3:0.265603,species missing; inherited owner modal species 24 | culture missing; inherited owner modal culture 83
1493,1493-STATE_1493.txt,ACR,2096.562,town,24:1.000000,83:1.000000,0:0.049110;1:0.865639;3:0.085251,species missing; inherited owner modal species 24 | culture missing; inherited owner modal culture 83
1494,1494-STATE_1494.txt,ACR,383.315,rural,24:1.000000,83:1.000000,0:0.203977;1:0.702442;3:0.093581,species missing; inherited owner modal species 24 | culture missing; inherited owner modal culture 83
1495,1495-STATE_1495.txt,FOD,1311.92,large_town,7:0.674584;1:0.325416,81:1.000000,5:0.241162;7:0.758838,
1496,1496-STATE_1496.txt,FOD,1062.469,town,7:0.638156;1:0.361844,81:1.000000,6:0.738262;7:0.261738,
1497,1497-STATE_1497.txt,WAC,1231.585,rural,1:0.785837;7:0.214163,82:1.000000,1:0.731453;3:0.268547,
1498,1498-STATE_1498.txt,WAC,2013.348,town,1:0.600760;7:0.399240,82:1.000000,1:0.841255;3:0.158745,
1499,1499-STATE_1499.txt,WAC,4123.243,rural,1:0.707489;7:0.292511,82:1.000000,1:0.532582;3:0.214206;5:0.253212,
1500,1500-STATE_1500.txt,KKN,835.315,rural,7:0.703205;1:0.296795,82:1.000000,3:0.016485;8:0.983515,
1501,1501-STATE_1501.txt,KKN,2469.481,town,7:0.627605;1:0.372395,82:1.000000,3:0.019047;7:0.061822;8:0.919131,
1502,1502-STATE_1502.txt,NKB,2000.664,city,1:1.000000,39:1.000000,3:0.063974;7:0.936026,
1503,1503-STATE_1503.txt,NEU,2928.563,town,1:1.000000,38:1.000000,6:0.096194;8:0.903806,
1504,1504-STATE_1504.txt,CAT,512.656,wasteland,1:1.000000,44:1.000000,3:0.177568;4:0.822432,
1505,1505-STATE_1505.txt,NMI,4711.819,large_town,8:0.735064;1:0.264936,75:1.000000,9:1.000000,
1506,1506-STATE_1506.txt,NMI,3784.796,rural,8:0.742027;1:0.257973,75:1.000000,9:1.000000,
1507,1507-STATE_1507.txt,NMI,4318.768,large_town,8:0.626553;1:0.373447,75:1.000000,9:1.000000,
1508,1508-STATE_1508.txt,FOD,723.027,rural,1:0.744033;24:0.255967,81:1.000000,4:0.131485;8:0.868515,
1509,1509-STATE_1509.txt,FOD,1549.293,town,7:0.732628;1:0.267372,81:1.000000,3:0.010534;4:0.073775;8:0.915691,
1510,1510-STATE_1510.txt,FOD,325.114,town,7:0.604379;1:0.395621,81:1.000000,3:0.055057;5:0.084036;8:0.860908,
1511,1511-STATE_1511.txt,FOD,583.152,town,7:0.662389;1:0.337611,81:1.000000,7:0.114556;8:0.885444,
1512,1512-STATE_1512.txt,FOD,3510.583,city,7:0.707510;1:0.292490,81:1.000000,3:0.024856;8:0.975144,
1513,1513-STATE_1513.txt,FOD,727.044,rural,7:0.681984;1:0.318016,81:1.000000,3:0.016720;8:0.983280,
1514,1514-STATE_1514.txt,TEM,4459.756,large_town,27:1.000000,82:1.000000,7:0.497121;8:0.502879,
1515,1515-STATE_1515.txt,TEM,3492.821,large_town,27:1.000000,82:1.000000,7:0.492242;8:0.507758,
1516,1516-STATE_1516.txt,KKN,3622.731,city,7:0.733908;1:0.266092,82:1.000000,3:0.044405;5:0.325915;7:0.629679,
1517,1517-STATE_1517.txt,KKN,559.364,rural,7:0.692550;1:0.307450,82:1.000000,6:1.000000,
1518,1518-STATE_1518.txt,FOD,369.906,rural,1:0.629466;24:0.370534,81:1.000000,3:0.008619;7:0.066191;8:0.925189,
1519,1519-STATE_1519.txt,FOD,7408.742,metropolis,1:0.635439;24:0.364561,81:1.000000,3:0.039943;7:0.302322;8:0.657736,
1520,1520-STATE_1520.txt,ACR,545.296,rural,24:1.000000,83:1.000000,1:1.000000,species missing; inherited owner modal species 24 | culture missing; inherited owner modal culture 83
1521,1521-STATE_1521.txt,ACR,2929.674,town,24:1.000000,83:1.000000,0:0.031774;1:0.928247;3:0.039979,species missing; inherited owner modal species 24 | culture missing; inherited owner modal culture 83
1522,1522-STATE_1522.txt,FOD,768.859,rural,7:0.777154;1:0.222846,81:1.000000,6:0.528132;8:0.471868,
1523,1523-STATE_1523.txt,FOD,727.629,large_town,7:0.781794;1:0.218206,81:1.000000,4:0.133071;8:0.866929,
1524,1524-STATE_1524.txt,FOD,430.795,rural,7:0.781039;1:0.218961,81:1.000000,3:0.022425;8:0.977575,
1525,1525-STATE_1525.txt,FOD,390.776,rural,7:0.711607;1:0.288393,81:1.000000,3:0.014426;8:0.985574,
1526,1526-STATE_1526.txt,FOD,530.849,city,7:0.726940;1:0.273060,81:1.000000,4:0.139217;8:0.860783,
1527,1527-STATE_1527.txt,FOD,829.027,large_town,7:0.741190;1:0.258810,81:1.000000,7:0.100438;8:0.899562,
1528,1528-STATE_1528.txt,FOD,795.897,large_town,7:0.733779;1:0.266221,81:1.000000,4:1.000000,
1529,1529-STATE_1529.txt,FOD,823.414,town,7:0.653059;1:0.346941,81:1.000000,3:0.334808;7:0.665192,
1530,1530-STATE_1530.txt,ACR,3005.787,town,24:1.000000,83:1.000000,1:0.946453;2:0.053547,species missing; inherited owner modal species 24 | culture missing; inherited owner modal culture 83
1531,1531-STATE_1531.txt,ACR,714.123,large_town,24:1.000000,83:1.000000,1:0.637612;2:0.362388,species missing; inherited owner modal species 24 | culture missing; inherited owner modal culture 83
1532,1532-STATE_1532.txt,ACR,1425.806,large_town,24:1.000000,83:1.000000,1:0.949029;2:0.050971,species missing; inherited owner modal species 24 | culture missing; inherited owner modal culture 83
1533,1533-STATE_1533.txt,FOD,1675.278,large_town,7:0.714225;1:0.285775,81:1.000000,3:0.041009;5:0.299474;7:0.659518,
1534,1534-STATE_1534.txt,FOD,635.833,rural,7:0.615118;1:0.384882,81:1.000000,5:0.176065;8:0.823935,
1535,1535-STATE_1535.txt,FOD,1735.714,town,7:0.644016;1:0.355984,81:1.000000,5:0.329070;7:0.670930,
1536,1536-STATE_1536.txt,TEM,685.874,large_town,27:1.000000,82:1.000000,7:0.090728;8:0.909272,
1537,1537-STATE_1537.txt,NMI,4323.513,large_town,8:0.674988;1:0.325012,75:1.000000,9:1.000000,
1538,1538-STATE_1538.txt,NMI,4534.096,town,8:0.612412;1:0.387588,75:1.000000,9:1.000000,
1539,1539-STATE_1539.txt,FOD,1237.643,large_town,7:0.718637;1:0.281363,81:1.000000,3:0.011256;6:0.988744,
1540,1540-STATE_1540.txt,FOD,1897.376,large_town,7:0.770282;1:0.229718,81:1.000000,3:1.000000,
1541,1541-STATE_1541.txt,KKN,1192.762,large_town,7:0.710400;1:0.289600,82:1.000000,6:0.595523;7:0.404477,
1542,1542-STATE_1542.txt,KKN,878.25,town,7:0.738286;1:0.261714,82:1.000000,3:0.026802;8:0.973198,
1543,1543-STATE_1543.txt,FOD,1917.681,large_town,7:0.642185;1:0.357815,81:1.000000,7:0.090677;8:0.909323,
1544,1544-STATE_1544.txt,FOD,2571.955,town,7:0.724538;1:0.275462,81:1.000000,3:0.089385;8:0.910615,
1545,1545-STATE_1545.txt,ACR,637.89,large_town,24:1.000000,83:1.000000,1:0.940722;3:0.059278,species missing; inherited owner modal species 24 | culture missing; inherited owner modal culture 83
1546,1546-STATE_1546.txt,FOD,994.301,rural,7:0.675761;1:0.324239,81:1.000000,5:0.139038;8:0.860962,
1547,1547-STATE_1547.txt,ACR,828.485,large_town,24:1.000000,83:1.000000,0:0.252045;2:0.747955,species missing; inherited owner modal species 24 | culture missing; inherited owner modal culture 83
1548,1548-STATE_1548.txt,ACR,1057.523,large_town,24:1.000000,83:1.000000,0:0.063548;1:0.936452,species missing; inherited owner modal species 24 | culture missing; inherited owner modal culture 83
1549,1549-STATE_1549.txt,FOD,409.665,rural,7:0.687304;1:0.312696,81:1.000000,4:0.149532;7:0.159226;8:0.691242,
1550,1550-STATE_1550.txt,FOD,442.214,rural,7:0.636625;1:0.363375,81:1.000000,3:0.320885;7:0.679115,
1551,1551-STATE_1551.txt,ACR,1073.318,large_town,24:1.000000,83:1.000000,0:0.490174;1:0.509826,species missing; inherited owner modal species 24 | culture missing; inherited owner modal culture 83
1552,1552-STATE_1552.txt,CLE,722.014,town,1:1.000000,3:1.000000,5:0.355093;6:0.510660;8:0.134247,
1553,1553-STATE_1553.txt,OST,520.467,town,1:1.000000,25:1.000000,6:0.392365;7:0.607635,
1554,1554-STATE_1554.txt,CAT,1138.848,pastoral,1:1.000000,44:1.000000,3:0.155268;4:0.844732,
1555,1555-Helo-Ouinie.txt,LMB,1067.219,large_town,3:0.642018;1:0.357982,6:1.000000,6:1.000000,
1556,1556-Baritagne.txt,RQA,17.103,town,1:0.761815;3:0.238185,20:0.565078;6:0.434922,4:1.000000,
1557,1557-Tigasus.txt,MCF,249.23,rural,13:1.000000,11:1.000000,1:1.000000,
1558,1558-Los_Kibbles.txt,OST,2392.5,city,1:1.000000,25:1.000000,3:0.080855;7:0.919145,
1559,1559-Burnoutte.txt,KEP,197.777,rural,3:1.000000,58:1.000000,4:0.269368;7:0.730632,
1560,1560-Northern_Pyrrhus.txt,MCF,996.924,town,13:1.000000,11:1.000000,0:1.000000,
1561,1561-Pegavid.txt,MCF,249.23,rural,13:1.000000,11:1.000000,3:0.842284;4:0.157716,
1562,1562-Ostpir.txt,SLR,310.057,town,3:1.000000,57:1.000000,0:0.737137;1:0.262863,
1563,1563-Oyo_Nenyata.txt,NEK,817.676,town,14:1.000000,49:1.000000,0:0.933718;1:0.064980;2:0.001302,culture missing; inherited owner modal culture 49
1564,1564-North_Solkatzia.txt,KUS,2192.0,large_town,12:0.631595;1:0.368405,48:1.000000,2:0.274142;4:0.397297;8:0.328561,culture missing; inherited owner modal culture 48
