0;0;0;0;land;false;unknown;12
1;195;211;236;land;false;mountain;2
2;193;220;88;land;false;plains;7
3;213;253;72;land;false;frozen;12
4;143;144;225;land;false;forest;8
5;244;164;147;land;false;hills;2
6;221;247;192;land;false;hills;5
7;129;171;212;land;false;plains;3
8;166;239;106;land;false;plains;2
9;179;186;207;land;false;hills;7
10;227;171;106;land;true;forest;8
11;166;247;244;land;false;forest;10
12;195;213;135;land;false;plains;7
13;183;74;244;land;true;jungle;2
14;165;239;184;land;false;mountain;11
15;253;112;177;land;true;plains;1
16;249;73;254;land;false;marsh;7
17;218;212;161;land;false;frozen;12
18;188;208;240;land;true;frozen;11
19;194;247;123;land;true;plains;4
20;186;186;130;land;false;jungle;1
21;235;174;211;land;false;frozen;12
22;154;228;166;land;false;marsh;2
23;235;214;90;land;true;desert;2
24;140;204;177;land;true;frozen;11
25;235;233;72;land;true;plains;1
26;176;241;227;land;false;hills;7
27;197;90;223;land;false;forest;8
28;212;163;251;land;false;frozen;12
29;185;169;176;land;true;plains;12
30;183;92;231;land;false;mountain;1
31;206;127;190;land;false;mountain;11
32;202;98;216;land;false;jungle;1
33;240;240;48;land;false;frozen;12
34;132;205;245;land;false;frozen;12
35;222;174;108;land;false;plains;2
36;235;235;33;land;true;plains;11
37;86;207;235;land;false;mountain;3
38;188;207;254;land;false;marsh;4
39;247;110;184;land;false;forest;2
40;155;196;223;land;true;plains;2
41;125;254;208;land;false;plains;12
42;116;173;237;land;true;frozen;12
43;214;75;252;land;false;plains;1
44;211;122;196;land;false;plains;1
45;205;217;218;land;true;plains;11
46;230;232;230;land;false;plains;2
47;198;146;184;land;false;plains;3
48;161;234;144;land;false;hills;7
49;192;102;234;land;false;mountain;11
50;154;195;254;land;false;mountain;2
51;222;109;249;land;false;plains;2
52;230;136;180;land;false;desert;2
53;161;254;185;land;false;mountain;7
54;249;176;226;land;false;plains;1
55;222;226;139;land;true;plains;12
56;244;143;199;land;false;frozen;12
57;210;151;233;land;true;frozen;11
58;204;156;149;land;false;marsh;2
59;214;69;233;land;false;jungle;9
60;195;159;232;land;false;mountain;11
61;204;186;113;land;false;plains;1
62;227;110;246;land;false;plains;1
63;243;242;235;land;true;frozen;11
64;242;235;249;land;true;plains;7
65;238;91;194;land;true;frozen;11
66;209;199;111;land;false;forest;1
67;208;160;136;land;false;plains;1
68;190;181;195;land;false;plains;3
69;146;165;251;land;false;forest;2
70;181;151;248;land;true;plains;8
71;75;236;192;land;false;hills;7
72;79;212;210;land;false;desert;2
73;183;211;160;land;true;forest;10
74;218;149;163;land;true;plains;5
75;230;161;204;land;false;plains;8
76;229;156;165;land;false;desert;2
77;201;132;169;land;false;plains;1
78;188;207;129;land;false;mountain;12
79;228;166;145;land;true;plains;10
80;252;105;148;land;false;hills;4
81;235;46;252;land;false;plains;12
82;121;190;248;land;false;frozen;12
83;180;228;129;land;false;frozen;12
84;240;118;187;land;true;forest;12
85;228;224;135;land;false;hills;8
86;248;237;196;land;false;plains;4
87;222;114;234;land;false;mountain;12
88;231;122;248;land;false;mountain;1
89;249;222;248;land;false;forest;7
90;126;163;241;land;false;jungle;2
91;161;202;162;land;false;mountain;7
92;205;91;206;land;false;plains;3
93;245;221;112;land;false;hills;8
94;175;173;229;land;false;mountain;1
95;237;221;74;land;false;forest;7
96;248;236;106;land;false;hills;8
97;12;251;252;land;true;plains;1
98;243;167;159;land;true;frozen;12
99;115;155;241;land;false;hills;7
100;115;153;254;land;false;desert;2
101;141;212;253;land;false;frozen;12
102;212;190;200;land;true;urban;1
103;114;181;213;land;false;volcanic;2
104;237;102;171;land;false;plains;1
105;244;213;145;land;false;forest;2
106;248;220;75;land;false;hills;3
107;254;194;213;land;false;hills;1
108;89;197;242;land;true;hills;11
109;234;164;159;land;false;plains;7
110;245;208;49;land;true;plains;4
111;232;178;91;land;true;frozen;11
112;167;121;228;land;false;plains;1
113;225;207;207;land;false;urban;1
114;247;231;149;land;false;mountain;8
115;225;244;89;land;false;hills;1
116;166;175;163;land;false;plains;1
117;252;182;75;land;false;hills;2
118;94;221;213;land;true;frozen;12
119;151;146;241;land;false;mountain;12
120;49;228;238;land;false;frozen;11
121;104;243;204;land;false;jungle;7
122;240;222;150;land;true;plains;12
123;185;252;171;land;false;plains;7
124;204;210;123;land;false;mountain;11
125;212;149;250;land;false;frozen;11
126;150;208;220;land;true;frozen;12
127;154;187;183;land;false;jungle;9
128;232;65;240;land;false;frozen;12
129;229;226;209;land;false;urban;1
130;156;211;159;land;false;frozen;12
131;237;175;211;land;false;plains;7
132;217;156;142;land;false;plains;4
133;222;244;110;land;true;urban;1
134;245;141;155;land;false;mountain;11
135;200;238;224;land;false;forest;3
136;173;222;170;land;false;plains;1
137;206;235;214;land;false;plains;3
138;155;179;197;land;false;plains;1
139;240;185;137;land;false;forest;1
140;166;251;190;land;true;frozen;12
141;227;224;134;land;false;plains;3
142;140;161;226;land;true;jungle;9
143;177;193;227;land;true;urban;1
144;212;247;215;land;true;forest;1
145;243;127;240;land;false;plains;3
146;179;103;245;land;false;mountain;12
147;200;213;214;land;true;hills;1
148;196;174;224;land;true;hills;11
149;248;153;145;land;false;frozen;12
150;13;244;244;land;false;hills;1
151;195;248;215;land;true;hills;11
152;181;226;140;land;true;forest;12
153;167;146;190;land;false;frozen;12
154;177;139;251;land;false;desert;3
155;200;250;114;land;false;mountain;1
156;249;201;117;land;true;frozen;11
157;223;241;149;land;false;jungle;2
158;214;190;111;land;false;mountain;8
159;85;245;193;land;true;frozen;11
160;231;177;190;land;false;plains;1
161;155;121;237;land;false;desert;2
162;247;74;194;land;false;plains;8
163;248;217;192;land;false;hills;3
164;212;174;165;land;false;frozen;12
165;187;213;190;land;false;jungle;7
166;160;241;189;land;false;plains;1
167;248;210;148;land;true;frozen;11
168;250;122;187;land;false;plains;7
169;176;176;186;land;false;mountain;7
170;165;158;180;land;false;forest;10
171;238;202;197;land;true;plains;7
172;225;145;178;land;false;mountain;11
173;238;222;156;land;true;plains;8
174;232;186;212;land;false;frozen;11
175;243;241;207;land;false;desert;2
176;149;230;155;land;false;frozen;12
177;229;97;202;land;false;forest;8
178;238;140;215;land;true;plains;1
179;250;125;150;land;true;hills;1
180;114;250;196;land;false;forest;1
181;199;150;191;land;true;hills;11
182;244;202;148;land;true;frozen;11
183;186;168;228;land;true;plains;7
184;194;226;219;land;true;forest;10
185;73;244;234;land;true;frozen;11
186;233;214;178;land;true;plains;11
187;240;251;201;land;false;plains;1
188;111;220;175;land;false;forest;7
189;59;224;239;land;false;hills;2
190;199;201;243;land;true;marsh;5
191;171;221;245;land;false;plains;7
192;189;207;202;land;false;mountain;2
193;254;161;102;land;false;hills;2
194;116;200;235;land;true;frozen;11
195;220;226;78;land;false;mountain;12
196;152;248;215;land;true;plains;1
197;204;126;186;land;false;desert;7
198;192;103;244;land;false;plains;7
199;229;154;242;land;false;plains;2
200;140;249;221;land;false;forest;8
201;172;254;228;land;true;hills;7
202;190;189;192;land;false;hills;7
203;95;233;222;land;false;hills;7
204;199;115;195;land;false;plains;1
205;251;243;56;land;true;plains;10
206;156;213;212;land;false;hills;4
207;230;230;186;land;false;plains;7
208;136;247;207;land;false;plains;7
209;243;186;164;land;false;desert;2
210;210;227;170;land;true;hills;7
211;185;229;250;land;false;hills;8
212;196;115;190;land;false;plains;4
213;136;157;248;land;true;forest;12
214;199;210;120;land;false;mountain;1
215;249;225;195;land;false;plains;2
216;168;188;250;land;false;plains;2
217;96;243;241;land;false;forest;10
218;150;153;254;land;false;mountain;11
219;191;198;249;land;false;plains;2
220;226;107;173;land;false;plains;4
221;242;88;229;land;false;hills;11
222;241;227;164;land;false;forest;7
223;177;173;156;land;true;forest;12
224;58;250;212;land;false;plains;3
225;47;56;53;sea;true;ocean;0
226;101;196;243;land;false;hills;2
227;164;254;221;land;false;frozen;12
228;224;161;222;land;false;plains;4
229;254;39;232;land;false;frozen;12
230;202;200;135;land;false;plains;8
231;119;168;215;land;false;plains;12
232;182;150;199;land;false;mountain;3
233;160;222;165;land;true;frozen;11
234;232;126;209;land;true;plains;2
235;30;242;239;land;true;mountain;10
236;48;243;221;land;false;mountain;12
237;164;185;153;land;false;plains;7
238;121;238;231;land;false;hills;7
239;196;189;163;land;false;urban;5
240;192;212;231;land;true;plains;12
241;89;198;231;land;false;forest;2
242;69;240;218;land;false;mountain;7
243;206;128;174;land;false;plains;7
244;174;237;119;land;false;plains;7
245;202;159;237;land;true;frozen;11
246;199;166;158;land;false;hills;1
247;220;133;150;land;false;plains;7
248;229;211;100;land;false;hills;4
249;202;124;252;land;false;urban;1
250;214;189;216;land;false;marsh;2
251;234;191;251;land;false;hills;1
252;213;118;250;land;false;mountain;3
253;60;56;68;sea;true;ocean;0
254;205;251;144;land;false;hills;3
255;239;191;195;land;false;forest;2
256;198;236;150;land;true;plains;3
257;200;92;237;land;false;mountain;7
258;48;227;242;land;false;plains;7
259;223;75;228;land;true;plains;4
260;155;244;124;land;false;hills;1
261;232;238;183;land;false;hills;7
262;157;162;189;land;false;plains;1
263;230;115;158;land;false;forest;2
264;154;221;209;land;true;frozen;11
265;182;250;130;land;true;forest;4
266;227;185;243;land;false;frozen;12
267;188;222;179;land;false;plains;7
268;153;206;186;land;false;forest;7
269;166;164;210;land;false;mountain;11
270;133;149;243;land;false;forest;7
271;109;253;192;land;false;marsh;4
272;254;221;154;land;false;plains;7
273;254;141;173;land;true;marsh;5
274;142;182;214;land;false;desert;2
275;225;168;182;land;false;plains;2
276;195;170;190;land;false;plains;8
277;254;186;120;land;false;plains;3
278;150;245;181;land;false;plains;8
279;140;224;139;land;false;desert;7
280;109;251;176;land;false;hills;4
281;193;163;166;land;false;hills;7
282;150;228;212;land;true;frozen;12
283;70;233;215;land;false;desert;2
284;180;134;190;land;false;frozen;12
285;211;174;163;land;false;hills;7
286;238;191;174;land;false;forest;7
287;195;117;222;land;false;hills;1
288;112;243;250;land;false;urban;3
289;236;163;107;land;false;plains;1
290;215;204;135;land;false;mountain;1
291;123;130;249;land;false;frozen;12
292;189;208;224;land;false;hills;8
293;197;221;215;land;false;forest;7
294;149;223;208;land;false;plains;7
295;209;194;128;land;true;frozen;12
296;249;251;51;land;false;mountain;11
297;193;111;251;land;false;desert;1
298;235;93;248;land;false;plains;7
299;186;132;191;land;false;desert;2
300;91;197;252;land;true;hills;9
301;233;47;229;land;false;plains;2
302;171;219;141;land;false;mountain;11
303;215;225;100;land;false;desert;2
304;231;216;250;land;true;plains;7
305;169;207;243;land;false;hills;2
306;207;232;98;land;true;plains;9
307;150;240;200;land;false;plains;2
308;69;202;231;land;false;hills;3
309;90;217;206;land;false;mountain;12
310;239;218;135;land;false;desert;2
311;212;181;247;land;false;urban;12
312;253;142;245;land;false;mountain;4
313;235;19;251;land;false;hills;7
314;232;208;112;land;false;frozen;12
315;213;238;223;land;false;urban;1
316;227;134;196;land;false;plains;3
317;193;232;163;land;false;forest;2
318;160;243;141;land;false;hills;11
319;171;247;129;land;false;marsh;2
320;207;205;224;land;false;hills;7
321;218;121;233;land;false;forest;7
322;186;252;239;land;false;frozen;11
323;209;160;199;land;true;plains;11
324;205;196;124;land;false;urban;3
325;212;80;211;land;false;hills;1
326;175;160;245;land;false;forest;7
327;241;129;173;land;false;jungle;1
328;223;150;135;land;false;plains;8
329;104;215;252;land;false;plains;8
330;226;197;173;land;true;urban;2
331;211;56;248;land;true;urban;1
332;109;252;243;land;false;mountain;11
333;246;138;117;land;false;forest;2
334;149;229;211;land;true;mountain;4
335;197;136;198;land;true;frozen;12
336;227;90;185;land;false;mountain;7
337;225;143;166;land;false;desert;2
338;251;56;209;land;false;plains;2
339;149;138;237;land;false;plains;5
340;208;173;165;land;false;plains;8
341;66;203;254;land;false;mountain;1
342;243;217;223;land;false;hills;11
343;131;220;167;land;true;forest;10
344;246;207;52;land;false;plains;3
345;163;219;217;land;false;plains;1
346;219;75;223;land;false;desert;2
347;233;71;237;land;false;plains;1
348;210;223;76;land;false;hills;2
349;242;168;172;land;true;urban;1
350;198;149;213;land;true;plains;8
351;247;224;49;land;false;mountain;8
352;137;195;241;land;false;hills;1
353;230;155;235;land;false;plains;7
354;237;248;89;land;false;mountain;5
355;198;245;229;land;false;hills;1
356;221;111;216;land;false;plains;2
357;106;235;231;land;false;plains;3
358;207;114;198;land;true;frozen;11
359;253;84;186;land;false;frozen;12
360;181;126;196;land;false;hills;7
361;212;147;242;land;false;plains;7
362;237;121;166;land;true;frozen;11
363;245;179;160;land;true;plains;2
364;247;124;203;land;false;plains;3
365;216;232;140;land;false;marsh;2
366;203;187;165;land;false;hills;8
367;226;178;252;land;false;plains;2
368;184;221;191;land;true;frozen;11
369;227;233;86;land;true;jungle;9
370;41;220;245;land;false;frozen;11
371;254;194;204;land;false;desert;2
372;212;246;62;land;false;marsh;1
373;191;167;212;land;false;plains;7
374;204;128;240;land;true;frozen;11
375;166;245;230;land;false;plains;3
376;155;253;195;land;false;hills;7
377;198;194;228;land;false;urban;3
378;83;204;245;land;true;plains;8
379;212;83;238;land;false;forest;3
380;140;221;206;land;false;hills;1
381;185;251;136;land;false;marsh;4
382;174;237;236;land;false;plains;12
383;240;65;197;land;true;urban;7
384;209;237;103;land;true;urban;12
385;222;153;171;land;false;plains;8
386;150;190;164;land;false;plains;10
387;204;150;218;land;true;desert;8
388;254;240;8;land;false;plains;2
389;198;182;236;land;false;plains;7
390;168;197;182;land;false;forest;7
391;171;178;195;land;false;frozen;12
392;240;159;212;land;false;frozen;11
393;228;165;217;land;false;hills;7
394;138;247;206;land;false;mountain;10
395;201;188;181;land;false;forest;9
396;244;111;238;land;false;mountain;5
397;121;215;172;land;false;desert;2
398;181;134;206;land;true;plains;4
399;249;190;228;land;false;hills;7
400;241;201;165;land;false;plains;7
401;124;140;251;land;false;hills;7
402;254;34;222;land;false;hills;11
403;203;153;186;land;false;hills;1
404;177;227;226;land;false;desert;2
405;220;252;126;land;false;hills;1
406;188;142;205;land;false;forest;7
407;241;145;194;land;false;plains;3
408;53;246;220;land;false;mountain;8
409;151;163;199;land;false;desert;2
410;189;143;247;land;true;plains;7
411;189;211;222;land;false;plains;1
412;188;112;206;land;false;plains;7
413;93;247;191;land;true;plains;1
414;147;252;246;land;false;hills;1
415;137;179;192;land;true;frozen;11
416;166;103;241;land;false;mountain;1
417;246;239;195;land;false;forest;7
418;190;151;164;land;true;urban;12
419;240;28;237;land;false;mountain;7
420;163;207;207;land;true;plains;3
421;212;251;40;land;false;desert;3
422;197;195;222;land;false;frozen;12
423;242;142;209;land;false;urban;3
424;206;149;254;land;true;forest;1
425;206;238;93;land;false;marsh;3
426;249;239;48;land;false;plains;7
427;110;199;218;land;false;plains;5
428;250;219;44;land;false;jungle;7
429;133;208;183;land;false;plains;7
430;194;252;176;land;true;marsh;2
431;101;254;247;land;true;plains;12
432;81;223;237;land;false;plains;2
433;135;179;194;land;true;plains;8
434;249;80;174;land;false;mountain;7
435;89;229;235;land;false;hills;7
436;211;248;213;land;false;desert;2
437;185;237;104;land;false;mountain;12
438;144;165;205;land;false;hills;7
439;189;246;126;land;true;plains;2
440;190;107;230;land;false;plains;1
441;224;187;248;land;false;marsh;1
442;201;157;253;land;false;forest;7
443;224;217;169;land;false;plains;1
444;210;141;245;land;false;hills;3
445;209;186;108;land;false;plains;1
446;232;205;78;land;false;desert;2
447;144;238;153;land;false;mountain;1
448;206;106;230;land;true;plains;1
449;230;117;171;land;false;plains;7
450;236;140;188;land;false;marsh;2
451;165;214;206;land;false;forest;4
452;228;149;177;land;false;hills;8
453;184;243;160;land;false;plains;1
454;241;222;221;land;false;plains;7
455;191;171;148;land;false;hills;5
456;110;185;247;land;false;forest;12
457;204;184;155;land;false;plains;1
458;119;247;220;land;true;plains;5
459;171;224;160;land;false;plains;7
460;237;206;123;land;false;plains;1
461;102;251;222;land;false;hills;1
462;197;232;248;land;false;mountain;1
463;69;235;248;land;true;marsh;2
464;224;123;184;land;false;plains;7
465;186;173;225;land;false;plains;8
466;243;101;233;land;false;desert;7
467;215;207;104;land;false;desert;2
468;148;251;131;land;true;frozen;11
469;231;153;237;land;false;mountain;3
470;247;198;94;land;false;hills;5
471;119;245;201;land;false;plains;1
472;158;110;249;land;false;forest;7
473;183;192;201;land;false;marsh;2
474;164;243;174;land;true;plains;4
475;166;130;244;land;false;mountain;1
476;167;163;198;land;false;hills;1
477;101;242;229;land;false;plains;4
478;178;202;207;land;false;plains;3
479;173;85;246;land;false;hills;1
480;245;233;253;land;false;hills;4
481;247;182;206;land;false;plains;3
482;212;230;240;land;true;hills;1
483;181;207;232;land;false;plains;2
484;153;131;247;land;false;hills;8
485;243;218;85;land;false;marsh;3
486;230;240;153;land;false;forest;1
487;238;53;239;land;false;plains;7
488;220;247;143;land;false;plains;7
489;166;237;191;land;true;plains;2
490;217;227;216;land;false;plains;7
491;244;98;173;land;false;frozen;12
492;164;211;138;land;true;plains;8
493;184;147;181;land;false;hills;4
494;195;198;125;land;false;plains;7
495;134;211;175;land;false;plains;7
496;253;189;206;land;false;plains;3
497;117;184;254;land;true;forest;1
498;214;152;245;land;false;mountain;7
499;212;249;92;land;false;plains;1
500;228;198;92;land;false;mountain;7
501;166;219;207;land;false;plains;8
502;205;171;222;land;false;frozen;12
503;182;234;103;land;false;urban;1
504;252;245;105;land;false;plains;1
505;194;114;247;land;false;mountain;12
506;186;148;221;land;false;urban;1
507;205;189;199;land;false;desert;2
508;118;224;180;land;false;plains;1
509;243;142;185;land;true;forest;1
510;190;244;153;land;false;mountain;8
511;245;181;218;land;false;mountain;8
512;178;228;167;land;true;plains;7
513;218;233;106;land;true;frozen;11
514;237;143;184;land;false;desert;8
515;179;150;223;land;true;frozen;11
516;163;252;157;land;false;plains;8
517;226;90;188;land;true;plains;3
518;115;174;248;land;false;frozen;12
519;148;214;159;land;false;mountain;3
520;201;70;238;land;false;hills;9
521;251;19;250;land;true;plains;7
522;133;237;202;land;false;hills;1
523;236;115;164;land;false;mountain;1
524;247;187;91;land;true;frozen;11
525;130;240;156;land;false;mountain;5
526;192;166;184;land;false;hills;3
527;180;227;156;land;false;jungle;9
528;237;181;173;land;false;jungle;7
529;138;238;163;land;false;desert;2
530;225;119;242;land;false;hills;7
531;226;40;236;land;false;plains;7
532;228;131;172;land;true;forest;10
533;178;149;184;land;true;forest;1
534;253;141;119;land;false;frozen;12
535;248;210;106;land;false;plains;2
536;113;215;210;land;false;hills;1
537;165;192;226;land;false;forest;3
538;216;216;161;land;false;hills;2
539;181;242;144;land;false;forest;3
540;247;165;141;land;true;jungle;2
541;182;154;229;land;false;plains;2
542;230;141;252;land;true;forest;1
543;229;108;204;land;true;plains;7
544;150;221;207;land;true;urban;7
545;213;115;213;land;true;plains;12
546;124;205;197;land;false;plains;7
547;225;136;227;land;true;plains;7
548;230;136;169;land;false;urban;8
549;179;96;226;land;false;hills;7
550;199;191;142;land;false;mountain;4
551;155;241;150;land;false;plains;3
552;160;212;155;land;false;plains;1
553;146;238;161;land;false;desert;1
554;146;181;217;land;false;mountain;11
555;253;237;221;land;false;marsh;2
556;203;136;221;land;false;plains;7
557;227;254;125;land;false;hills;4
558;201;236;199;land;false;forest;1
559;238;190;116;land;false;mountain;7
560;249;124;128;land;false;plains;9
561;236;181;181;land;false;mountain;2
562;192;175;136;land;false;hills;1
563;131;209;236;land;false;mountain;12
564;97;246;204;land;false;plains;2
565;144;244;130;land;false;plains;3
566;240;212;80;land;true;plains;2
567;218;168;231;land;false;mountain;2
568;166;234;221;land;false;plains;1
569;203;229;209;land;false;plains;2
570;87;251;236;land;false;forest;7
571;155;181;233;land;true;plains;7
572;241;160;105;land;false;desert;2
573;129;181;211;land;false;plains;7
574;171;188;233;land;true;plains;4
575;241;249;177;land;false;forest;12
576;209;66;234;land;false;desert;8
577;238;201;128;land;false;forest;3
578;198;50;253;land;false;frozen;12
579;170;213;232;land;false;plains;1
580;33;251;247;land;true;forest;7
581;215;112;199;land;false;plains;8
582;212;232;67;land;false;marsh;2
583;78;196;247;land;true;forest;7
584;139;252;157;land;true;urban;12
585;123;137;252;land;false;mountain;2
586;146;199;192;land;false;forest;1
587;141;225;173;land;false;frozen;12
588;181;223;111;land;false;forest;10
589;229;173;148;land;false;forest;7
590;180;146;198;land;true;forest;1
591;142;245;245;land;false;plains;8
592;217;161;125;land;false;mountain;8
593;214;181;182;land;false;plains;7
594;182;252;146;land;false;desert;2
595;124;178;233;land;false;plains;5
596;180;178;221;land;false;plains;2
597;112;206;234;land;false;jungle;9
598;225;148;141;land;false;plains;7
599;194;106;229;land;true;plains;7
600;252;103;152;land;false;mountain;7
601;195;219;109;land;false;urban;2
602;235;250;21;land;false;plains;3
603;235;245;54;land;true;plains;3
604;253;195;143;land;false;plains;8
605;206;135;218;land;false;plains;1
606;99;225;227;land;false;plains;1
607;217;74;236;land;false;mountain;7
608;186;105;234;land;false;hills;7
609;129;233;197;land;false;plains;5
610;181;140;206;land;false;desert;2
611;213;224;231;land;false;mountain;3
612;65;218;244;land;false;plains;3
613;70;194;238;land;false;mountain;3
614;243;148;253;land;true;hills;1
615;189;235;137;land;true;plains;2
616;142;241;165;land;false;plains;1
617;240;241;110;land;true;plains;12
618;218;196;225;land;false;hills;4
619;247;137;224;land;true;urban;8
620;214;248;247;land;false;urban;1
621;156;198;200;land;false;hills;4
622;175;216;249;land;false;mountain;5
623;185;126;209;land;false;desert;2
624;237;213;215;land;false;plains;1
625;240;217;190;land;false;mountain;4
626;191;146;240;land;false;plains;1
627;193;84;240;land;false;plains;8
628;250;254;225;land;false;plains;1
629;166;243;210;land;false;hills;7
630;185;237;252;land;true;mountain;10
631;74;250;178;land;false;plains;12
632;93;218;225;land;false;jungle;1
633;161;218;241;land;false;mountain;1
634;139;213;237;land;false;desert;8
635;196;247;87;land;false;mountain;11
636;208;105;244;land;false;mountain;12
637;246;209;63;land;false;desert;2
638;143;139;236;land;false;desert;7
639;233;193;197;land;false;forest;7
640;139;226;254;land;false;forest;4
641;228;132;173;land;false;hills;7
642;149;193;248;land;false;desert;2
643;254;192;143;land;false;forest;1
644;226;72;252;land;false;hills;7
645;219;229;215;land;false;mountain;5
646;177;251;81;land;false;jungle;9
647;250;71;252;land;false;hills;7
648;239;195;222;land;false;hills;4
649;210;221;228;land;false;mountain;12
650;218;217;169;land;false;mountain;7
651;226;122;176;land;false;desert;2
652;185;213;103;land;false;plains;7
653;227;184;200;land;false;plains;8
654;166;210;143;land;false;plains;5
655;104;251;195;land;false;plains;2
656;241;29;241;land;false;hills;4
657;81;252;218;land;true;urban;7
658;237;154;219;land;false;plains;2
659;203;203;97;land;false;forest;10
660;97;225;205;land;false;mountain;2
661;224;218;123;land;false;mountain;7
662;236;140;217;land;false;plains;7
663;200;170;200;land;false;hills;3
664;247;108;223;land;false;hills;7
665;231;191;166;land;false;mountain;7
666;209;203;178;land;false;hills;8
667;147;250;146;land;false;forest;8
668;122;227;232;land;false;jungle;1
669;109;194;222;land;false;frozen;12
670;248;210;248;land;true;plains;5
671;219;202;189;land;false;mountain;2
672;169;218;150;land;false;mountain;12
673;173;221;197;land;true;plains;7
674;190;247;152;land;false;plains;2
675;153;238;200;land;false;hills;8
676;173;193;137;land;true;frozen;12
677;214;222;151;land;false;mountain;8
678;177;218;116;land;false;plains;2
679;231;36;253;land;false;plains;9
680;226;201;182;land;true;hills;11
681;218;70;241;land;false;plains;3
682;221;227;221;land;false;plains;8
683;162;189;224;land;false;mountain;2
684;253;110;198;land;false;mountain;1
685;243;146;237;land;false;plains;7
686;152;173;228;land;false;plains;10
687;133;188;236;land;false;hills;8
688;159;110;240;land;false;hills;7
689;80;213;247;land;false;frozen;11
690;129;222;204;land;false;desert;2
691;247;226;64;land;false;plains;2
692;214;231;174;land;false;forest;7
693;150;249;207;land;true;urban;12
694;178;213;151;land;true;plains;7
695;221;241;49;land;false;plains;1
696;45;219;244;land;false;desert;1
697;177;254;72;land;false;mountain;11
698;185;237;81;land;false;mountain;7
699;185;124;217;land;false;desert;8
700;241;220;172;land;false;plains;1
701;232;208;72;land;false;hills;7
702;194;112;202;land;false;forest;3
703;154;243;188;land;false;plains;3
704;39;47;61;sea;true;ocean;0
705;213;198;117;land;false;jungle;8
706;162;231;226;land;false;desert;2
707;183;73;252;land;false;plains;4
708;142;216;214;land;false;mountain;7
709;172;178;216;land;false;frozen;11
710;167;241;114;land;false;mountain;12
711;158;240;199;land;false;hills;1
712;212;67;244;land;false;hills;1
713;213;173;145;land;false;mountain;7
714;234;188;82;land;false;plains;3
715;233;233;93;land;false;mountain;4
716;230;220;98;land;false;mountain;8
717;155;230;157;land;false;plains;7
718;170;172;191;land;false;plains;3
719;147;184;230;land;false;forest;7
720;40;40;35;sea;true;water_fjords;0
721;145;226;216;land;false;mountain;1
722;182;146;187;land;false;marsh;2
723;194;227;164;land;false;forest;3
724;187;186;179;land;false;mountain;11
725;191;220;143;land;false;frozen;12
726;235;236;187;land;false;mountain;12
727;239;157;250;land;false;plains;3
728;237;155;138;land;false;plains;1
729;96;244;178;land;false;hills;5
730;192;246;200;land;false;plains;7
731;225;106;223;land;true;forest;12
732;217;159;197;land;true;plains;7
733;147;233;165;land;false;hills;7
734;253;246;176;land;true;frozen;11
735;254;133;232;land;false;volcanic;7
736;251;211;233;land;false;urban;7
737;121;190;243;land;true;plains;7
738;233;82;216;land;true;urban;1
739;71;228;222;land;false;jungle;9
740;245;189;244;land;false;plains;1
741;152;189;209;land;false;plains;5
742;186;184;220;land;false;urban;1
743;170;184;205;land;false;mountain;7
744;210;161;130;land;false;mountain;1
745;215;134;215;land;true;hills;7
746;215;219;222;land;true;plains;7
747;192;161;222;land;true;plains;11
748;186;236;169;land;false;hills;8
749;143;230;252;land;true;forest;1
750;211;220;196;land;false;desert;2
751;245;164;207;land;false;plains;3
752;186;198;247;land;false;plains;2
753;191;203;226;land;false;jungle;7
754;225;46;248;land;false;frozen;12
755;217;154;230;land;false;mountain;11
756;197;220;107;land;true;frozen;11
757;180;182;232;land;false;hills;1
758;129;248;210;land;false;plains;7
759;162;244;144;land;false;hills;7
760;242;224;248;land;false;hills;1
761;156;236;156;land;false;mountain;3
762;251;133;137;land;false;urban;1
763;141;184;208;land;false;plains;2
764;251;123;231;land;false;desert;2
765;84;245;191;land;false;forest;9
766;251;228;187;land;false;hills;5
767;156;109;247;land;true;plains;10
768;241;214;82;land;false;plains;7
769;146;167;189;land;false;desert;1
770;240;223;92;land;false;jungle;7
771;241;208;230;land;false;plains;5
772;253;172;215;land;false;mountain;1
773;129;142;230;land;true;frozen;11
774;163;162;244;land;true;plains;3
775;232;237;37;land;false;forest;10
776;47;215;253;land;false;mountain;7
777;122;252;153;land;false;hills;7
778;250;134;197;land;false;plains;2
779;194;94;228;land;false;plains;1
780;217;195;220;land;false;urban;7
781;242;145;214;land;false;hills;8
782;135;192;207;land;false;forest;8
783;108;250;202;land;true;mountain;9
784;192;190;251;land;false;hills;1
785;183;174;199;land;false;plains;2
786;96;244;186;land;true;plains;3
787;122;178;231;land;false;desert;2
788;136;223;243;land;false;forest;7
789;229;182;163;land;false;mountain;1
790;209;109;239;land;false;forest;7
791;194;78;240;land;false;hills;5
792;246;193;208;land;true;plains;3
793;83;220;213;land;false;plains;1
794;31;231;248;land;false;marsh;1
795;180;246;94;land;false;plains;3
796;200;215;120;land;false;plains;3
797;234;92;239;land;false;mountain;2
798;211;232;246;land;false;mountain;1
799;200;143;243;land;false;hills;7
800;195;214;124;land;false;forest;7
801;248;107;208;land;false;marsh;2
802;56;248;220;land;true;plains;7
803;209;131;201;land;false;plains;1
804;152;236;120;land;false;desert;2
805;218;248;91;land;false;plains;1
806;115;194;197;land;false;plains;7
807;220;221;115;land;false;forest;7
808;150;212;253;land;true;urban;5
809;186;247;243;land;false;frozen;12
810;147;236;171;land;false;hills;7
811;111;176;230;land;true;desert;7
812;94;175;244;land;false;jungle;7
813;199;62;246;land;false;desert;2
814;243;129;239;land;false;urban;2
815;146;252;134;land;false;hills;7
816;152;237;252;land;false;plains;7
817;164;254;211;land;false;mountain;1
818;183;130;228;land;false;plains;7
819;159;216;135;land;false;mountain;3
820;254;218;236;land;false;desert;8
821;240;244;195;land;false;mountain;3
822;244;91;227;land;false;hills;8
823;253;193;215;land;true;plains;4
824;217;228;59;land;false;mountain;7
825;180;193;239;land;false;mountain;12
826;169;187;239;land;true;urban;1
827;135;163;230;land;false;plains;2
828;227;222;206;land;false;plains;7
829;251;119;221;land;false;hills;5
830;215;200;174;land;false;mountain;5
831;240;200;251;land;false;mountain;1
832;234;239;115;land;false;plains;1
833;214;231;85;land;false;hills;1
834;211;96;200;land;false;jungle;4
835;179;184;176;land;false;plains;5
836;234;158;134;land;false;hills;2
837;106;212;235;land;true;plains;3
838;109;221;247;land;false;desert;2
839;232;206;134;land;false;plains;7
840;186;243;141;land;false;plains;3
841;244;201;126;land;false;marsh;2
842;249;111;230;land;false;forest;1
843;199;236;144;land;true;hills;8
844;214;216;148;land;false;urban;7
845;195;115;236;land;true;forest;10
846;192;178;153;land;false;plains;7
847;215;225;120;land;false;plains;7
848;97;179;240;land;false;frozen;12
849;227;162;119;land;false;desert;2
850;123;197;236;land;false;plains;7
851;208;146;151;land;false;marsh;3
852;252;120;145;land;false;hills;2
853;208;56;248;land;false;plains;8
854;248;253;112;land;true;plains;8
855;71;241;199;land;true;hills;7
856;200;231;159;land;false;plains;7
857;222;251;95;land;false;mountain;8
858;134;178;237;land;false;hills;1
859;165;199;222;land;false;plains;7
860;228;111;219;land;true;plains;5
861;218;207;93;land;true;hills;11
862;165;243;115;land;true;plains;7
863;186;227;199;land;false;plains;3
864;249;226;29;land;false;jungle;4
865;163;246;251;land;false;frozen;12
866;241;218;48;land;false;plains;4
867;152;238;176;land;true;forest;1
868;217;92;214;land;false;marsh;2
869;142;242;177;land;false;plains;8
870;130;184;222;land;false;forest;8
871;254;100;178;land;true;plains;5
872;144;159;201;land;false;plains;7
873;191;211;230;land;false;plains;2
874;192;199;123;land;false;plains;2
875;159;120;225;land;false;plains;9
876;166;124;250;land;false;desert;2
877;216;173;228;land;false;desert;2
878;235;198;192;land;false;forest;7
879;215;251;227;land;false;plains;3
880;242;184;188;land;false;mountain;4
881;211;244;76;land;false;mountain;3
882;171;141;191;land;false;plains;10
883;213;227;209;land;false;forest;1
884;193;248;83;land;false;plains;3
885;198;146;238;land;false;plains;1
886;141;200;219;land;false;mountain;2
887;172;228;166;land;true;frozen;11
888;195;116;192;land;false;mountain;2
889;201;251;195;land;false;mountain;10
890;235;208;243;land;true;jungle;4
891;246;232;163;land;false;mountain;3
892;253;240;192;land;true;forest;10
893;132;239;136;land;false;mountain;1
894;175;206;203;land;false;mountain;3
895;226;199;150;land;false;plains;3
896;218;217;109;land;true;plains;2
897;202;248;198;land;true;frozen;12
898;187;164;205;land;false;mountain;5
899;216;171;162;land;false;hills;8
900;198;184;196;land;false;urban;2
901;168;202;177;land;false;plains;3
902;206;189;224;land;false;mountain;1
903;254;195;127;land;false;plains;1
904;102;158;245;land;false;hills;1
905;84;249;182;land;false;hills;3
906;122;244;190;land;false;jungle;9
907;166;131;243;land;true;mountain;7
908;166;173;247;land;false;mountain;7
909;198;103;224;land;false;desert;1
910;181;205;120;land;false;desert;3
911;189;220;148;land;true;hills;1
912;203;178;210;land;false;mountain;1
913;239;201;170;land;false;plains;2
914;229;113;239;land;false;volcanic;7
915;240;224;174;land;false;plains;1
916;30;244;234;land;false;plains;7
917;143;168;227;land;false;plains;3
918;203;230;132;land;false;plains;3
919;218;201;138;land;false;plains;2
920;206;162;235;land;false;plains;7
921;146;198;245;land;false;plains;10
922;207;219;78;land;true;frozen;11
923;105;226;212;land;false;plains;1
924;117;193;196;land;false;plains;7
925;113;240;227;land;false;mountain;8
926;246;49;236;land;false;plains;1
927;235;231;221;land;false;forest;2
928;210;226;245;land;false;plains;10
929;249;126;151;land;false;plains;2
930;192;172;177;land;false;forest;3
931;210;223;87;land;true;forest;7
932;234;131;206;land;false;plains;1
933;247;253;94;land;true;urban;1
934;249;238;51;land;false;mountain;7
935;239;175;238;land;false;mountain;2
936;173;182;214;land;false;mountain;1
937;204;83;243;land;false;plains;2
938;176;163;225;land;true;frozen;12
939;241;147;194;land;false;hills;2
940;241;153;129;land;false;plains;8
941;241;104;236;land;false;hills;8
942;246;123;222;land;false;plains;3
943;166;220;154;land;false;plains;3
944;168;157;222;land;false;urban;5
945;206;236;218;land;true;frozen;12
946;227;164;151;land;false;plains;3
947;231;238;62;land;false;hills;1
948;187;191;168;land;false;urban;1
949;202;235;163;land;false;mountain;4
950;205;198;197;land;false;desert;1
951;188;224;221;land;true;plains;12
952;102;203;235;land;false;hills;1
953;70;225;231;land;true;urban;7
954;125;166;230;land;false;forest;7
955;242;129;150;land;false;plains;2
956;242;248;217;land;true;plains;8
957;203;238;115;land;false;desert;2
958;135;244;196;land;true;plains;11
959;115;241;223;land;false;plains;3
960;69;200;250;land;false;hills;1
961;202;182;186;land;true;plains;1
962;250;187;188;land;false;mountain;7
963;178;86;237;land;false;plains;1
964;69;253;205;land;false;forest;3
965;221;54;247;land;false;hills;7
966;249;126;188;land;false;forest;7
967;45;246;244;land;false;hills;1
968;248;94;195;land;false;mountain;1
969;182;176;229;land;false;forest;3
970;143;164;212;land;false;forest;3
971;207;235;75;land;false;forest;10
972;177;209;236;land;false;plains;2
973;209;160;149;land;false;plains;7
974;230;189;99;land;false;plains;7
975;198;226;87;land;false;plains;1
976;239;237;116;land;false;urban;5
977;218;124;247;land;true;urban;1
978;168;160;201;land;false;mountain;8
979;184;166;176;land;false;hills;1
980;111;237;211;land;false;forest;10
981;251;177;175;land;false;plains;3
982;196;135;188;land;false;plains;7
983;223;155;236;land;false;desert;2
984;154;196;197;land;false;forest;4
985;136;162;247;land;true;plains;8
986;216;77;215;land;false;frozen;12
987;27;12;38;sea;true;water_fjords;0
988;140;158;250;land;false;mountain;2
989;219;51;235;land;false;forest;8
990;98;243;161;land;true;hills;11
991;247;170;136;land;true;frozen;11
992;202;173;140;land;false;frozen;11
993;254;226;217;land;false;plains;2
994;246;245;166;land;false;forest;5
995;141;214;220;land;false;plains;8
996;207;161;237;land;false;hills;7
997;160;193;194;land;false;hills;1
998;149;222;157;land;false;forest;7
999;126;237;156;land;false;plains;3
1000;105;211;245;land;false;hills;3
1001;212;228;80;land;false;plains;7
1002;160;237;124;land;false;mountain;7
1003;118;210;235;land;false;hills;5
1004;206;176;188;land;false;plains;2
1005;211;222;215;land;false;mountain;1
1006;156;229;121;land;true;urban;7
1007;163;215;153;land;false;mountain;2
1008;170;196;246;land;false;jungle;7
1009;185;173;145;land;false;plains;2
1010;209;210;190;land;false;plains;1
1011;244;180;168;land;false;plains;2
1012;234;170;127;land;false;plains;7
1013;220;138;182;land;false;plains;12
1014;136;171;223;land;true;plains;7
1015;229;168;113;land;false;hills;1
1016;86;231;202;land;false;plains;1
1017;153;195;248;land;false;forest;3
1018;238;241;40;land;false;mountain;3
1019;247;166;115;land;true;marsh;5
1020;162;240;191;land;false;desert;1
1021;167;222;200;land;false;hills;2
1022;49;232;252;land;false;hills;2
1023;235;248;97;land;true;forest;10
1024;234;80;233;land;false;jungle;9
1025;236;137;198;land;true;desert;1
1026;236;177;186;land;false;mountain;3
1027;213;124;193;land;false;plains;3
1028;213;186;127;land;false;plains;8
1029;201;162;138;land;false;plains;1
1030;82;245;189;land;false;hills;2
1031;192;189;184;land;false;mountain;12
1032;184;252;102;land;false;hills;5
1033;115;244;207;land;true;plains;1
1034;239;252;134;land;false;hills;4
1035;249;220;188;land;false;jungle;9
1036;127;130;251;land;false;forest;8
1037;116;231;175;land;false;urban;1
1038;126;203;220;land;false;forest;9
1039;70;237;226;land;false;desert;8
1040;167;158;202;land;false;plains;3
1041;157;243;228;land;false;frozen;12
1042;80;197;248;land;true;jungle;7
1043;222;183;173;land;false;forest;7
1044;201;177;243;land;false;mountain;7
1045;151;194;159;land;false;forest;2
1046;183;244;103;land;false;desert;2
1047;163;228;148;land;false;hills;7
1048;215;105;213;land;false;mountain;12
1049;239;88;253;land;true;plains;2
1050;225;211;110;land;false;hills;1
1051;252;175;164;land;false;plains;5
1052;199;191;125;land;false;mountain;3
1053;117;174;241;land;false;desert;2
1054;251;143;219;land;false;hills;1
1055;254;25;245;land;false;hills;8
1056;253;223;251;land;true;urban;2
1057;223;145;144;land;false;plains;3
1058;245;252;51;land;true;plains;1
1059;108;238;212;land;true;plains;1
1060;185;218;254;land;false;forest;3
1061;219;232;105;land;false;plains;4
1062;250;96;158;land;false;plains;7
1063;215;238;231;land;false;mountain;7
1064;142;178;232;land;false;mountain;10
1065;236;205;150;land;true;mountain;10
1066;169;112;228;land;false;forest;4
1067;166;171;165;land;false;desert;2
1068;152;170;226;land;false;forest;8
1069;188;137;222;land;false;hills;4
1070;252;163;147;land;false;desert;1
1071;103;252;227;land;false;forest;1
1072;179;227;198;land;false;volcanic;7
1073;140;192;218;land;false;plains;7
1074;94;218;210;land;true;mountain;10
1075;171;183;237;land;false;mountain;3
1076;143;168;201;land;false;urban;7
1077;134;225;221;land;false;hills;1
1078;252;170;109;land;false;mountain;4
1079;157;214;187;land;false;mountain;11
1080;132;237;215;land;false;mountain;12
1081;171;253;242;land;false;plains;1
1082;206;211;212;land;false;hills;5
1083;239;248;197;land;false;urban;2
1084;247;163;169;land;false;urban;8
1085;107;154;253;land;false;hills;7
1086;191;239;201;land;false;forest;3
1087;213;153;194;land;false;hills;5
1088;141;163;238;land;false;hills;7
1089;222;221;151;land;false;plains;7
1090;204;199;146;land;false;plains;3
1091;106;186;223;land;false;plains;8
1092;238;221;197;land;false;plains;8
1093;146;192;225;land;false;jungle;1
1094;237;139;193;land;true;plains;7
1095;242;228;117;land;false;mountain;1
1096;61;231;246;land;true;forest;1
1097;232;191;204;land;true;frozen;11
1098;161;128;240;land;false;marsh;2
1099;227;180;168;land;false;forest;10
1100;175;196;172;land;true;hills;1
1101;214;202;186;land;false;mountain;1
1102;176;253;91;land;false;plains;3
1103;242;202;132;land;false;hills;4
1104;238;244;35;land;false;hills;7
1105;146;252;139;land;false;hills;1
1106;230;245;91;land;false;mountain;8
1107;211;224;167;land;false;mountain;3
1108;208;183;165;land;false;mountain;1
1109;114;194;236;land;false;mountain;9
1110;159;141;218;land;false;forest;1
1111;166;221;216;land;false;forest;1
1112;154;229;209;land;false;plains;8
1113;206;236;205;land;false;plains;1
1114;168;217;145;land;false;plains;3
1115;234;254;61;land;false;plains;7
1116;194;165;178;land;true;frozen;11
1117;229;194;97;land;false;desert;2
1118;214;141;162;land;false;hills;7
1119;218;202;139;land;false;plains;1
1120;246;244;148;land;false;forest;7
1121;247;19;252;land;false;marsh;2
1122;206;181;195;land;false;hills;8
1123;204;177;233;land;false;plains;3
1124;130;240;159;land;false;mountain;8
1125;129;203;202;land;false;desert;2
1126;114;155;237;land;true;urban;10
1127;136;221;184;land;true;plains;7
1128;174;188;184;land;false;plains;7
1129;126;200;195;land;false;plains;7
1130;224;230;244;land;false;plains;2
1131;252;165;144;land;false;hills;7
1132;72;222;230;land;false;urban;7
1133;155;186;174;land;false;plains;7
1134;216;83;213;land;false;forest;8
1135;245;188;101;land;false;desert;2
1136;224;127;152;land;false;hills;8
1137;91;241;209;land;false;plains;1
1138;226;219;59;land;false;plains;1
1139;245;201;117;land;false;mountain;2
1140;242;187;86;land;false;plains;4
1141;254;174;162;land;true;forest;7
1142;252;151;208;land;false;plains;2
1143;87;181;235;land;false;urban;1
1144;90;232;220;land;false;plains;1
1145;195;179;223;land;false;plains;3
1146;199;213;129;land;false;plains;1
1147;240;65;210;land;false;plains;1
1148;237;125;193;land;false;mountain;5
1149;186;125;236;land;false;forest;10
1150;181;129;204;land;false;plains;7
1151;249;109;163;land;false;mountain;7
1152;147;159;207;land;false;hills;2
1153;234;165;200;land;false;plains;1
1154;253;121;136;land;false;desert;2
1155;234;139;163;land;false;plains;1
1156;174;167;160;land;false;plains;1
1157;224;52;244;land;false;plains;4
1158;210;186;107;land;false;mountain;1
1159;114;174;242;land;false;desert;2
1160;133;229;158;land;false;plains;1
1161;22;239;244;land;false;urban;3
1162;134;190;184;land;true;forest;10
1163;243;105;189;land;false;mountain;2
1164;202;95;212;land;false;mountain;12
1165;182;180;178;land;true;marsh;2
1166;188;201;159;land;false;desert;3
1167;205;127;225;land;false;forest;7
1168;229;77;251;land;false;desert;7
1169;204;101;234;land;true;frozen;11
1170;123;252;243;land;false;plains;2
1171;124;254;201;land;true;plains;3
1172;83;214;223;land;false;mountain;1
1173;224;235;181;land;false;mountain;7
1174;230;130;231;land;false;plains;2
1175;240;246;134;land;false;mountain;2
1176;103;243;167;land;false;forest;7
1177;197;170;148;land;false;plains;3
1178;229;105;167;land;false;mountain;1
1179;189;75;237;land;false;mountain;1
1180;125;166;216;land;false;mountain;1
1181;161;122;221;land;false;frozen;11
1182;115;244;194;land;false;mountain;7
1183;183;139;189;land;false;hills;1
1184;162;246;115;land;false;hills;2
1185;244;51;222;land;false;forest;7
1186;225;169;212;land;false;marsh;2
1187;117;228;241;land;false;hills;1
1188;140;125;245;land;true;plains;7
1189;213;119;235;land;false;plains;8
1190;195;199;203;land;false;plains;8
1191;237;48;237;land;false;urban;11
1192;167;166;184;land;false;forest;10
1193;227;225;186;land;false;marsh;1
1194;204;114;251;land;false;plains;3
1195;244;67;211;land;false;plains;4
1196;188;193;162;land;false;plains;8
1197;247;227;110;land;true;plains;5
1198;189;222;234;land;false;plains;1
1199;227;177;243;land;false;marsh;9
1200;171;116;231;land;false;plains;3
1201;219;135;220;land;false;hills;1
1202;126;166;232;land;false;hills;7
1203;251;150;144;land;false;mountain;8
1204;252;100;221;land;false;plains;7
1205;246;164;118;land;false;hills;1
1206;150;161;205;land;false;plains;3
1207;218;224;107;land;false;desert;8
1208;212;254;101;land;false;forest;3
1209;195;223;215;land;false;forest;7
1210;141;164;196;land;false;plains;3
1211;232;197;232;land;true;plains;7
1212;215;104;253;land;true;plains;12
1213;217;209;133;land;false;desert;3
1214;137;231;244;land;false;mountain;1
1215;220;207;74;land;false;mountain;10
1216;142;201;201;land;false;plains;3
1217;249;189;174;land;false;plains;1
1218;243;30;234;land;false;jungle;9
1219;169;212;183;land;true;plains;12
1220;233;129;147;land;false;hills;4
1221;242;206;85;land;false;plains;7
1222;184;121;204;land;true;plains;2
1223;228;141;207;land;false;plains;1
1224;172;176;213;land;false;desert;2
1225;254;190;198;land;false;jungle;1
1226;233;215;159;land;false;plains;5
1227;252;158;134;land;false;forest;2
1228;213;134;207;land;false;forest;5
1229;67;230;249;land;false;plains;8
1230;216;238;233;land;false;mountain;1
1231;209;104;228;land;false;marsh;1
1232;245;38;242;land;false;plains;7
1233;252;52;245;land;false;hills;1
1234;133;212;188;land;false;mountain;7
1235;203;189;193;land;true;plains;7
1236;81;210;244;land;true;plains;7
1237;203;216;223;land;true;forest;1
1238;226;232;186;land;false;mountain;8
1239;213;168;206;land;false;plains;7
1240;187;245;195;land;true;plains;8
1241;236;146;216;land;true;hills;7
1242;81;194;226;land;false;plains;3
1243;252;249;209;land;false;plains;3
1244;254;204;78;land;true;mountain;1
1245;229;159;241;land;true;forest;1
1246;205;156;174;land;false;plains;2
1247;123;225;205;land;false;desert;2
1248;208;104;240;land;false;forest;7
1249;126;244;245;land;false;plains;2
1250;140;155;230;land;false;plains;8
1251;157;160;214;land;true;plains;7
1252;213;202;124;land;false;plains;3
1253;178;242;86;land;false;marsh;2
1254;154;230;121;land;true;forest;10
1255;203;227;84;land;false;forest;3
1256;122;209;236;land;false;plains;1
1257;204;235;188;land;false;frozen;12
1258;173;252;183;land;false;hills;1
1259;178;253;127;land;false;mountain;11
1260;197;227;225;land;false;desert;2
1261;68;14;68;sea;true;water_shallow_sea;0
1262;249;98;241;land;false;mountain;1
1263;206;234;191;land;false;hills;1
1264;119;212;172;land;false;plains;7
1265;199;169;197;land;true;plains;7
1266;219;156;213;land;false;plains;8
1267;226;141;230;land;false;hills;4
1268;220;241;58;land;false;plains;7
1269;160;245;141;land;false;plains;7
1270;251;125;243;land;false;forest;8
1271;157;195;208;land;false;plains;1
1272;144;239;211;land;false;plains;2
1273;98;231;225;land;false;hills;1
1274;246;123;164;land;false;plains;3
1275;71;242;226;land;true;plains;2
1276;218;178;161;land;false;forest;8
1277;219;217;199;land;false;mountain;1
1278;198;252;217;land;true;hills;1
1279;215;119;212;land;false;plains;7
1280;194;250;254;land;false;hills;7
1281;245;243;241;land;false;jungle;7
1282;85;226;203;land;false;hills;5
1283;64;244;247;land;false;forest;8
1284;172;221;253;land;true;plains;7
1285;72;219;224;land;false;plains;1
1286;156;240;232;land;false;plains;2
1287;222;216;80;land;false;plains;2
1288;111;200;250;land;false;mountain;2
1289;221;94;233;land;false;plains;3
1290;166;220;224;land;false;mountain;7
1291;220;189;225;land;false;plains;4
1292;249;163;95;land;false;plains;2
1293;233;114;213;land;false;forest;7
1294;192;119;216;land;false;hills;7
1295;140;205;158;land;false;plains;2
1296;247;212;174;land;false;plains;2
1297;170;221;150;land;false;forest;7
1298;233;240;101;land;false;mountain;1
1299;202;191;207;land;false;hills;2
1300;251;138;145;land;false;hills;7
1301;190;200;143;land;false;mountain;12
1302;146;237;179;land;false;jungle;1
1303;192;139;195;land;false;forest;3
1304;173;192;210;land;false;desert;2
1305;171;238;119;land;false;mountain;1
1306;195;204;214;land;false;plains;1
1307;199;230;78;land;false;desert;7
1308;199;192;237;land;false;salt;2
1309;173;194;155;land;false;plains;8
1310;251;39;242;land;false;hills;8
1311;201;161;195;land;false;forest;3
1312;176;246;140;land;false;desert;2
1313;200;213;138;land;false;plains;3
1314;225;227;124;land;false;frozen;12
1315;220;212;163;land;false;plains;7
1316;194;180;216;land;false;hills;1
1317;230;145;154;land;false;forest;1
1318;133;249;183;land;false;plains;4
1319;225;99;191;land;false;plains;2
1320;240;214;168;land;false;mountain;1
1321;236;133;132;land;false;marsh;7
1322;222;181;222;land;false;mountain;7
1323;193;245;161;land;false;plains;1
1324;179;239;99;land;false;plains;1
1325;215;221;233;land;false;plains;7
1326;91;226;251;land;false;plains;3
1327;214;250;73;land;false;plains;3
1328;253;166;221;land;false;plains;4
1329;40;245;240;land;false;mountain;7
1330;216;198;217;land;false;forest;1
1331;137;163;225;land;false;mountain;2
1332;208;68;247;land;true;hills;2
1333;196;216;209;land;false;plains;1
1334;174;124;247;land;true;plains;9
1335;155;214;197;land;false;forest;7
1336;251;159;234;land;true;plains;8
1337;222;100;206;land;false;desert;1
1338;226;92;213;land;false;plains;9
1339;118;253;252;land;false;urban;7
1340;252;229;36;land;false;plains;7
1341;213;126;172;land;false;forest;5
1342;127;146;251;land;false;plains;1
1343;180;116;250;land;false;plains;1
1344;198;232;88;land;true;plains;8
1345;206;231;177;land;true;plains;7
1346;201;143;171;land;false;jungle;7
1347;186;161;225;land;false;mountain;7
1348;206;191;141;land;false;plains;2
1349;65;245;194;land;false;volcanic;8
1350;253;80;192;land;false;desert;2
1351;175;155;234;land;false;plains;3
1352;249;140;214;land;false;plains;4
1353;111;159;249;land;true;marsh;7
1354;238;126;192;land;false;plains;1
1355;86;237;205;land;false;plains;3
1356;231;157;177;land;false;mountain;2
1357;234;232;194;land;true;frozen;11
1358;172;156;180;land;true;hills;8
1359;248;129;198;land;false;plains;1
1360;224;236;182;land;false;plains;1
1361;200;92;254;land;false;plains;5
1362;252;217;238;land;false;forest;7
1363;225;253;181;land;false;mountain;7
1364;121;210;224;land;false;plains;3
1365;151;221;249;land;true;forest;1
1366;236;213;99;land;false;plains;8
1367;100;204;228;land;false;plains;5
1368;83;243;214;land;true;marsh;7
1369;204;222;238;land;false;mountain;7
1370;179;130;236;land;false;jungle;2
1371;242;48;241;land;false;volcanic;2
1372;153;211;230;land;false;mountain;7
1373;147;206;237;land;false;mountain;4
1374;253;246;210;land;true;desert;2
1375;148;224;172;land;false;plains;8
1376;225;126;249;land;false;mountain;1
1377;241;225;37;land;false;mountain;1
1378;234;107;206;land;true;hills;11
1379;239;52;230;land;false;plains;2
1380;108;163;252;land;false;hills;1
1381;222;151;192;land;false;mountain;11
1382;234;156;175;land;false;marsh;3
1383;214;178;181;land;false;plains;5
1384;244;57;227;land;false;plains;1
1385;251;198;130;land;false;hills;1
1386;166;250;98;land;false;forest;7
1387;193;165;197;land;false;hills;1
1388;126;203;207;land;false;hills;7
1389;128;214;195;land;false;plains;2
1390;231;98;202;land;false;hills;4
1391;127;245;238;land;false;mountain;11
1392;172;170;181;land;true;desert;1
1393;251;168;199;land;true;plains;1
1394;237;165;235;land;false;plains;8
1395;159;194;159;land;false;plains;1
1396;128;237;226;land;false;plains;1
1397;229;85;235;land;false;plains;3
1398;246;177;147;land;false;urban;5
1399;197;139;166;land;false;mountain;3
1400;219;232;58;land;false;mountain;8
1401;169;178;166;land;true;frozen;12
1402;228;148;181;land;true;forest;7
1403;129;243;254;land;false;plains;2
1404;228;201;219;land;false;hills;1
1405;183;192;129;land;false;mountain;7
1406;229;96;186;land;false;plains;2
1407;159;157;252;land;false;hills;7
1408;215;227;194;land;false;forest;7
1409;180;240;216;land;true;plains;12
1410;120;214;181;land;false;plains;1
1411;216;166;216;land;false;plains;2
1412;204;200;252;land;false;hills;4
1413;173;159;251;land;true;marsh;2
1414;213;223;224;land;false;plains;7
1415;223;126;236;land;false;plains;8
1416;110;206;235;land;false;plains;2
1417;202;82;231;land;false;marsh;2
1418;219;30;253;land;false;plains;7
1419;201;243;58;land;false;plains;4
1420;197;236;174;land;false;plains;3
1421;233;242;217;land;false;desert;1
1422;220;237;233;land;false;plains;3
1423;144;181;195;land;true;forest;10
1424;154;211;221;land;false;desert;2
1425;214;248;201;land;false;mountain;2
1426;237;223;119;land;true;plains;12
1427;165;153;251;land;false;plains;3
1428;175;166;223;land;false;plains;3
1429;247;85;208;land;false;mountain;7
1430;249;248;211;land;false;mountain;7
1431;250;159;116;land;true;desert;7
1432;207;240;88;land;false;plains;3
1433;147;210;250;land;false;frozen;12
1434;166;194;176;land;true;plains;10
1435;216;194;176;land;false;hills;8
1436;145;219;204;land;false;mountain;7
1437;228;211;120;land;false;mountain;11
1438;253;53;249;land;true;jungle;2
1439;211;164;161;land;false;forest;4
1440;174;122;209;land;false;mountain;7
1441;230;205;167;land;false;mountain;12
1442;222;196;161;land;false;hills;1
1443;160;201;153;land;false;desert;2
1444;231;188;200;land;false;plains;1
1445;237;246;134;land;false;plains;4
1446;209;218;132;land;true;marsh;8
1447;221;143;251;land;false;mountain;2
1448;242;240;233;land;false;urban;7
1449;125;204;179;land;false;plains;7
1450;202;253;205;land;false;forest;4
1451;177;93;252;land;false;hills;7
1452;253;112;235;land;false;forest;7
1453;232;247;54;land;false;plains;2
1454;254;208;215;land;false;mountain;1
1455;121;209;178;land;false;mountain;2
1456;248;219;53;land;true;plains;7
1457;155;111;248;land;false;mountain;3
1458;154;161;249;land;false;forest;1
1459;236;205;202;land;false;plains;3
1460;155;150;230;land;false;mountain;4
1461;162;233;237;land;false;mountain;1
1462;209;111;215;land;false;forest;9
1463;193;251;227;land;false;mountain;11
1464;171;244;232;land;false;hills;8
1465;247;201;75;land;false;forest;10
1466;224;131;210;land;true;plains;4
1467;161;233;127;land;false;plains;3
1468;236;91;180;land;false;hills;5
1469;175;201;215;land;false;mountain;2
1470;228;219;71;land;false;plains;3
1471;131;185;185;land;false;volcanic;2
1472;251;208;186;land;false;forest;7
1473;207;232;145;land;false;plains;7
1474;254;121;162;land;false;plains;8
1475;211;91;251;land;false;mountain;1
1476;182;229;231;land;false;jungle;1
1477;164;108;243;land;false;plains;2
1478;234;179;222;land;true;forest;1
1479;208;116;189;land;false;hills;1
1480;152;172;247;land;false;forest;3
1481;197;218;218;land;false;plains;8
1482;235;27;241;land;true;plains;4
1483;183;253;178;land;false;plains;7
1484;232;206;216;land;false;hills;1
1485;235;55;215;land;false;plains;3
1486;210;253;64;land;false;plains;1
1487;192;215;147;land;true;plains;7
1488;171;178;239;land;true;plains;7
1489;125;218;198;land;false;mountain;8
1490;169;203;171;land;false;plains;4
1491;220;159;176;land;false;mountain;8
1492;244;248;202;land;true;plains;5
1493;166;254;193;land;false;plains;1
1494;253;242;12;land;false;forest;7
1495;244;217;147;land;false;plains;1
1496;205;203;182;land;true;plains;1
1497;247;124;155;land;false;forest;7
1498;178;199;239;land;false;desert;8
1499;233;116;175;land;false;mountain;1
1500;221;55;251;land;true;urban;1
1501;231;141;195;land;true;mountain;10
1502;219;178;186;land;false;hills;2
1503;214;213;80;land;false;hills;7
1504;211;176;227;land;false;marsh;3
1505;225;217;244;land;false;jungle;2
1506;251;196;210;land;false;mountain;1
1507;235;91;192;land;false;forest;7
1508;112;223;171;land;false;plains;3
1509;247;234;78;land;false;plains;7
1510;114;198;214;land;false;plains;4
1511;240;174;179;land;false;plains;8
1512;118;246;168;land;true;plains;1
1513;180;251;83;land;false;desert;2
1514;57;251;203;land;false;plains;4
1515;59;225;224;land;false;mountain;7
1516;242;199;248;land;false;forest;8
1517;69;241;225;land;false;plains;1
1518;200;167;177;land;true;plains;7
1519;241;196;220;land;true;plains;7
1520;217;249;39;land;true;frozen;11
1521;131;222;168;land;true;plains;9
1522;167;161;228;land;false;mountain;9
1523;248;105;239;land;true;plains;2
1524;235;229;171;land;false;desert;2
1525;243;244;165;land;false;plains;2
1526;154;201;213;land;true;urban;12
1527;197;231;195;land;true;plains;7
1528;198;213;138;land;false;hills;5
1529;229;206;171;land;true;plains;2
1530;206;90;239;land;false;mountain;2
1531;238;190;195;land;true;plains;2
1532;228;32;246;land;false;plains;1
1533;190;153;171;land;false;plains;7
1534;117;210;229;land;false;mountain;2
1535;241;208;227;land;false;desert;1
1536;222;131;247;land;false;mountain;8
1537;108;206;219;land;false;plains;7
1538;191;253;168;land;false;frozen;12
1539;164;249;211;land;false;plains;10
1540;217;237;58;land;false;desert;7
1541;128;250;247;land;false;urban;7
1542;211;230;218;land;false;plains;5
1543;62;252;241;land;false;jungle;7
1544;234;233;159;land;false;hills;2
1545;228;223;127;land;false;forest;7
1546;201;189;226;land;false;desert;7
1547;253;239;29;land;false;plains;10
1548;219;186;146;land;false;plains;7
1549;215;224;191;land;false;forest;2
1550;98;172;231;land;false;plains;7
1551;152;216;154;land;false;plains;5
1552;232;184;87;land;false;plains;2
1553;218;243;247;land;false;mountain;4
1554;241;247;40;land;false;plains;7
1555;163;203;175;land;false;desert;2
1556;164;186;151;land;true;desert;1
1557;221;230;79;land;false;plains;10
1558;238;238;236;land;false;forest;3
1559;254;235;191;land;false;hills;1
1560;215;140;211;land;false;plains;3
1561;243;185;121;land;false;mountain;12
1562;181;96;225;land;false;forest;4
1563;209;197;173;land;false;plains;8
1564;195;218;100;land;true;urban;5
1565;156;196;168;land;false;mountain;8
1566;238;108;242;land;false;plains;12
1567;198;107;208;land;true;plains;7
1568;210;218;75;land;false;urban;1
1569;186;199;123;land;false;plains;8
1570;125;188;210;land;false;plains;7
1571;249;249;218;land;false;mountain;7
1572;122;208;188;land;false;hills;5
1573;219;111;180;land;false;mountain;1
1574;221;235;161;land;true;hills;1
1575;223;214;166;land;false;plains;7
1576;234;223;105;land;false;plains;2
1577;223;237;79;land;false;mountain;3
1578;206;199;163;land;false;plains;2
1579;193;130;205;land;false;hills;7
1580;192;226;182;land;false;plains;7
1581;113;243;242;land;false;plains;12
1582;228;226;52;land;true;plains;10
1583;243;40;244;land;false;desert;2
1584;254;233;104;land;false;plains;7
1585;212;168;240;land;false;hills;8
1586;88;247;189;land;false;mountain;2
1587;175;141;233;land;true;plains;2
1588;247;129;238;land;false;desert;1
1589;254;177;204;land;false;plains;2
1590;245;233;55;land;false;hills;8
1591;225;241;212;land;false;hills;8
1592;208;124;214;land;true;plains;2
1593;135;201;216;land;false;plains;8
1594;134;225;176;land;false;plains;3
1595;243;48;247;land;false;plains;1
1596;170;117;216;land;false;plains;8
1597;230;239;56;land;false;hills;8
1598;217;161;162;land;false;plains;1
1599;206;117;248;land;false;urban;8
1600;154;229;178;land;false;marsh;7
1601;209;149;237;land;false;plains;7
1602;62;237;251;land;false;plains;3
1603;160;171;212;land;true;plains;1
1604;235;247;176;land;false;plains;7
1605;151;222;159;land;false;plains;5
1606;115;218;173;land;true;mountain;7
1607;219;106;207;land;false;hills;2
1608;231;225;121;land;false;plains;5
1609;147;222;148;land;false;plains;7
1610;144;191;219;land;false;plains;3
1611;176;182;226;land;false;forest;2
1612;243;251;136;land;false;hills;4
1613;147;123;250;land;false;forest;1
1614;251;124;236;land;false;plains;8
1615;224;73;217;land;false;plains;7
1616;90;196;239;land;true;plains;7
1617;185;240;147;land;false;mountain;1
1618;164;242;119;land;false;hills;7
1619;221;185;123;land;false;forest;1
1620;247;237;46;land;false;desert;2
1621;224;62;227;land;false;hills;7
1622;148;182;246;land;false;hills;4
1623;126;217;206;land;false;forest;7
1624;205;211;88;land;true;plains;8
1625;215;91;221;land;false;mountain;2
1626;248;216;212;land;false;plains;8
1627;92;194;225;land;false;hills;2
1628;167;121;229;land;false;plains;7
1629;212;238;189;land;true;hills;1
1630;119;251;221;land;false;desert;2
1631;227;166;247;land;false;forest;7
1632;244;187;163;land;false;hills;8
1633;188;136;215;land;false;hills;8
1634;253;148;207;land;false;mountain;1
1635;235;123;151;land;false;forest;8
1636;83;231;188;land;false;hills;1
1637;178;226;134;land;true;plains;5
1638;241;128;252;land;false;plains;4
1639;250;115;213;land;false;hills;1
1640;124;157;227;land;true;frozen;11
1641;103;219;250;land;false;hills;1
1642;122;202;193;land;false;mountain;7
1643;138;243;185;land;false;forest;2
1644;238;114;161;land;false;plains;1
1645;235;240;218;land;false;forest;7
1646;184;224;126;land;false;marsh;4
1647;178;243;228;land;false;plains;3
1648;171;178;154;land;true;frozen;12
1649;253;182;208;land;false;plains;8
1650;190;144;210;land;false;mountain;2
1651;216;227;83;land;false;mountain;1
1652;228;193;144;land;false;hills;7
1653;236;175;198;land;false;mountain;1
1654;228;162;212;land;false;plains;7
1655;206;213;82;land;false;desert;2
1656;222;161;191;land;false;plains;3
1657;178;199;236;land;false;plains;5
1658;193;166;189;land;false;jungle;9
1659;213;141;183;land;false;forest;10
1660;162;207;137;land;false;forest;3
1661;173;210;164;land;true;plains;1
1662;229;219;184;land;false;hills;7
1663;233;138;241;land;false;jungle;1
1664;165;189;184;land;false;urban;5
1665;202;240;113;land;false;hills;8
1666;172;189;250;land;false;plains;7
1667;161;238;205;land;false;hills;1
1668;37;238;232;land;false;plains;7
1669;249;115;236;land;false;hills;2
1670;182;201;169;land;false;forest;7
1671;187;165;191;land;true;forest;10
1672;154;242;137;land;true;jungle;2
1673;103;201;242;land;true;frozen;11
1674;254;129;223;land;true;desert;1
1675;177;225;177;land;false;forest;7
1676;138;211;181;land;false;forest;1
1677;242;72;243;land;false;desert;2
1678;238;149;162;land;false;mountain;1
1679;61;254;253;land;false;hills;8
1680;166;122;234;land;false;plains;1
1681;227;240;236;land;true;plains;4
1682;101;240;173;land;false;plains;2
1683;248;222;120;land;false;mountain;3
1684;61;220;224;land;false;plains;8
1685;229;207;216;land;false;marsh;1
1686;176;164;222;land;false;mountain;7
1687;234;170;102;land;false;jungle;9
1688;210;219;187;land;false;hills;1
1689;230;79;228;land;true;hills;1
1690;155;164;191;land;false;hills;8
1691;143;253;135;land;false;plains;2
1692;198;166;148;land;false;hills;4
1693;237;246;27;land;false;salt;2
1694;209;143;154;land;false;frozen;12
1695;173;216;212;land;true;plains;2
1696;78;247;188;land;true;hills;7
1697;228;239;53;land;false;hills;3
1698;241;75;199;land;false;hills;8
1699;193;226;179;land;false;plains;8
1700;245;181;254;land;false;plains;1
1701;251;206;108;land;false;hills;2
1702;218;246;67;land;false;mountain;4
1703;146;240;242;land;false;mountain;8
1704;172;146;235;land;false;forest;1
1705;251;242;160;land;false;plains;1
1706;182;132;212;land;false;mountain;3
1707;160;138;223;land;false;desert;1
1708;253;198;165;land;true;plains;4
1709;228;119;207;land;true;mountain;1
1710;196;214;179;land;true;forest;5
1711;254;230;31;land;true;marsh;2
1712;143;207;238;land;false;hills;8
1713;224;138;198;land;false;plains;3
1714;137;250;208;land;false;plains;3
1715;223;228;160;land;false;plains;1
1716;84;179;242;land;false;forest;7
1717;126;247;243;land;false;mountain;8
1718;158;250;190;land;true;frozen;12
1719;76;246;247;land;false;hills;1
1720;254;223;96;land;false;hills;2
1721;230;175;154;land;false;plains;1
1722;78;178;253;land;false;plains;2
1723;119;251;225;land;false;forest;1
1724;219;83;228;land;true;plains;1
1725;249;198;160;land;false;desert;1
1726;213;252;85;land;true;plains;7
1727;219;149;166;land;false;urban;1
1728;181;184;243;land;false;plains;5
1729;126;195;210;land;false;mountain;12
1730;246;96;162;land;false;mountain;2
1731;219;151;168;land;true;desert;2
1732;222;78;218;land;false;forest;4
1733;235;165;172;land;false;plains;7
1734;193;130;235;land;false;plains;1
1735;221;174;106;land;true;forest;7
1736;204;176;153;land;false;mountain;8
1737;154;236;210;land;false;plains;3
1738;246;94;210;land;false;jungle;9
1739;238;83;248;land;false;plains;1
1740;173;222;132;land;false;marsh;2
1741;245;197;241;land;false;jungle;7
1742;247;206;136;land;false;mountain;7
1743;181;246;96;land;true;plains;4
1744;75;252;228;land;false;mountain;7
1745;245;36;250;land;false;plains;8
1746;254;234;100;land;true;plains;12
1747;129;227;186;land;false;plains;7
1748;228;234;129;land;true;plains;5
1749;210;110;204;land;false;plains;1
1750;197;171;238;land;false;plains;5
1751;81;245;189;land;false;hills;1
1752;179;254;101;land;false;hills;3
1753;146;225;248;land;false;mountain;2
1754;123;238;200;land;true;plains;1
1755;233;233;251;land;false;jungle;9
1756;243;207;88;land;false;plains;3
1757;239;178;98;land;false;plains;7
1758;243;123;191;land;true;plains;5
1759;195;214;192;land;false;mountain;1
1760;242;193;153;land;false;plains;1
1761;250;241;220;land;false;plains;1
1762;192;195;168;land;false;mountain;8
1763;216;63;247;land;false;plains;3
1764;117;182;220;land;true;plains;12
1765;132;179;240;land;false;jungle;4
1766;89;209;240;land;false;forest;10
1767;64;226;230;land;false;plains;3
1768;237;254;40;land;true;plains;1
1769;235;206;249;land;true;forest;12
1770;216;227;137;land;true;frozen;12
1771;238;219;245;land;true;plains;3
1772;133;218;168;land;false;hills;1
1773;254;96;216;land;false;plains;8
1774;202;183;185;land;false;forest;10
1775;239;199;75;land;false;forest;3
1776;192;126;199;land;false;plains;7
1777;172;235;183;land;false;plains;8
1778;36;247;229;land;false;plains;3
1779;226;241;59;land;true;plains;10
1780;210;224;251;land;false;plains;3
1781;119;245;232;land;false;forest;1
1782;161;210;159;land;true;forest;1
1783;189;161;243;land;false;mountain;10
1784;220;141;149;land;true;plains;1
1785;234;197;193;land;false;mountain;7
1786;249;129;133;land;false;plains;3
1787;173;142;194;land;false;plains;2
1788;236;167;178;land;false;forest;7
1789;206;251;187;land;true;plains;4
1790;108;193;224;land;false;plains;4
1791;242;253;164;land;false;desert;7
1792;56;236;245;land;false;marsh;10
1793;158;180;204;land;false;mountain;7
1794;235;214;254;land;false;plains;3
1795;239;223;116;land;false;forest;8
1796;244;114;244;land;false;forest;3
1797;184;221;235;land;true;plains;1
1798;170;186;153;land;false;marsh;2
1799;82;215;237;land;true;hills;1
1800;118;215;236;land;false;hills;1
1801;240;219;239;land;false;mountain;5
1802;112;167;228;land;true;plains;3
1803;224;102;236;land;false;plains;8
1804;252;183;183;land;true;hills;2
1805;131;161;240;land;false;plains;7
1806;139;217;237;land;true;hills;2
1807;248;220;62;land;false;mountain;11
1808;245;27;236;land;false;plains;7
1809;211;139;223;land;false;mountain;1
1810;250;88;248;land;false;desert;2
1811;207;177;146;land;false;hills;7
1812;231;135;179;land;false;marsh;9
1813;141;154;236;land;false;plains;5
1814;199;228;141;land;true;jungle;4
1815;37;237;229;land;false;hills;7
1816;156;228;210;land;false;forest;7
1817;249;108;221;land;false;hills;1
1818;196;151;201;land;false;jungle;7
1819;217;254;120;land;false;forest;10
1820;175;190;214;land;false;salt;2
1821;164;236;216;land;false;desert;1
1822;250;228;37;land;false;mountain;1
1823;251;165;116;land;false;desert;2
1824;167;209;219;land;true;mountain;3
1825;147;168;188;land;false;plains;3
1826;168;151;197;land;false;plains;5
1827;188;212;225;land;false;hills;4
1828;122;253;243;land;false;hills;2
1829;230;235;81;land;false;mountain;7
1830;207;252;253;land;false;plains;2
1831;19;68;54;sea;true;water_shallow_sea;0
1832;199;204;134;land;false;hills;3
1833;207;152;175;land;true;plains;12
1834;183;227;167;land;false;plains;8
1835;213;128;167;land;false;mountain;7
1836;180;194;153;land;false;plains;7
1837;242;173;205;land;false;mountain;1
1838;105;231;220;land;false;forest;7
1839;83;244;189;land;false;plains;7
1840;236;229;86;land;false;plains;2
1841;49;247;253;land;false;mountain;2
1842;201;185;249;land;false;plains;3
1843;207;176;135;land;false;mountain;3
1844;184;253;230;land;false;hills;7
1845;232;79;247;land;false;plains;1
1846;116;175;247;land;true;mountain;1
1847;200;167;193;land;false;hills;3
1848;187;222;166;land;false;jungle;9
1849;80;248;236;land;false;forest;7
1850;242;105;196;land;true;plains;5
1851;159;236;212;land;false;mountain;12
1852;196;212;159;land;true;plains;8
1853;123;238;198;land;false;mountain;2
1854;226;177;166;land;false;desert;2
1855;188;212;226;land;false;mountain;7
1856;212;58;236;land;false;mountain;7
1857;214;154;166;land;true;plains;12
1858;252;108;196;land;false;plains;8
1859;160;242;107;land;false;desert;2
1860;201;233;118;land;false;forest;7
1861;118;243;181;land;false;plains;3
1862;225;220;92;land;false;jungle;4
1863;234;198;182;land;false;plains;9
1864;227;230;79;land;false;desert;2
1865;104;219;218;land;true;forest;1
1866;231;71;254;land;false;plains;5
1867;184;245;204;land;false;marsh;2
1868;115;205;206;land;false;desert;2
1869;199;117;215;land;false;plains;8
1870;235;188;86;land;false;plains;8
1871;175;170;254;land;true;forest;8
1872;236;130;248;land;true;plains;1
1873;202;167;231;land;false;hills;8
1874;180;243;166;land;false;plains;7
1875;214;187;138;land;false;hills;1
1876;205;196;135;land;false;plains;3
1877;219;219;238;land;true;forest;7
1878;201;236;150;land;false;forest;7
1879;157;169;209;land;false;forest;7
1880;246;241;214;land;false;forest;1
1881;240;245;92;land;false;desert;1
1882;195;181;233;land;false;jungle;1
1883;220;174;128;land;false;hills;1
1884;224;213;91;land;false;forest;9
1885;132;191;252;land;false;hills;5
1886;176;208;236;land;false;hills;1
1887;158;254;224;land;false;hills;1
1888;224;249;36;land;false;urban;3
1889;166;225;212;land;false;desert;2
1890;250;162;109;land;true;plains;2
1891;233;175;236;land;true;hills;5
1892;227;119;223;land;false;hills;8
1893;162;134;219;land;false;plains;2
1894;252;79;217;land;false;marsh;2
1895;234;243;25;land;false;mountain;1
1896;187;192;196;land;false;mountain;2
1897;222;214;245;land;false;volcanic;2
1898;240;172;168;land;false;plains;1
1899;181;233;126;land;false;plains;8
1900;158;186;197;land;false;mountain;2
1901;175;192;183;land;false;hills;3
1902;153;184;186;land;false;hills;1
1903;239;232;121;land;false;desert;1
1904;212;211;183;land;false;volcanic;2
1905;179;215;186;land;false;volcanic;8
1906;191;228;249;land;false;mountain;1
1907;129;224;164;land;false;mountain;1
1908;182;165;217;land;true;plains;9
1909;251;57;214;land;false;forest;3
1910;164;146;197;land;false;volcanic;2
1911;225;37;252;land;false;forest;9
1912;244;241;19;land;false;plains;2
1913;145;248;180;land;false;jungle;7
1914;175;107;237;land;false;forest;10
1915;134;151;240;land;false;hills;1
1916;150;237;166;land;false;mountain;2
1917;232;203;185;land;false;marsh;4
1918;99;246;157;land;false;hills;3
1919;191;181;171;land;false;mountain;2
1920;77;250;188;land;true;plains;7
1921;240;234;201;land;false;plains;3
1922;227;220;134;land;false;hills;1
1923;70;230;202;land;true;forest;4
1924;221;104;238;land;false;desert;1
1925;147;250;235;land;false;mountain;4
1926;98;254;212;land;true;hills;1
1927;196;160;229;land;true;hills;8
1928;106;223;209;land;false;plains;7
1929;222;33;247;land;false;plains;10
1930;138;237;214;land;true;plains;7
1931;197;203;139;land;true;plains;7
1932;114;143;246;land;false;plains;3
1933;202;112;240;land;false;plains;1
1934;80;219;214;land;false;hills;7
1935;159;159;244;land;true;plains;3
1936;240;193;149;land;false;plains;7
1937;252;196;178;land;false;hills;7
1938;250;253;31;land;false;plains;8
1939;234;178;147;land;false;plains;7
1940;246;203;55;land;false;jungle;7
1941;206;247;71;land;false;mountain;11
1942;243;228;45;land;true;plains;1
1943;212;166;150;land;false;mountain;1
1944;252;185;227;land;false;forest;7
1945;119;246;229;land;false;plains;1
1946;196;231;220;land;false;mountain;7
1947;129;177;215;land;true;hills;8
1948;142;165;244;land;false;marsh;2
1949;104;178;232;land;false;forest;7
1950;161;198;197;land;false;mountain;1
1951;153;156;239;land;false;hills;7
1952;191;246;179;land;false;jungle;1
1953;67;243;226;land;false;plains;3
1954;92;252;196;land;true;jungle;9
1955;232;82;225;land;false;hills;7
1956;252;184;120;land;false;hills;1
1957;114;224;210;land;false;desert;7
1958;109;174;247;land;false;hills;2
1959;208;135;249;land;false;plains;7
1960;239;246;17;land;false;plains;5
1961;250;234;109;land;false;plains;1
1962;213;74;221;land;false;mountain;1
1963;184;179;214;land;false;hills;4
1964;166;170;224;land;false;urban;7
1965;187;175;231;land;false;plains;3
1966;251;241;241;land;false;forest;10
1967;239;182;164;land;false;mountain;1
1968;84;237;234;land;false;plains;2
1969;176;192;163;land;false;jungle;9
1970;209;196;236;land;false;jungle;1
1971;233;224;57;land;false;plains;8
1972;127;214;193;land;false;urban;2
1973;225;241;133;land;false;hills;1
1974;72;245;248;land;true;forest;1
1975;199;95;232;land;true;plains;7
1976;173;197;133;land;false;forest;7
1977;254;145;107;land;false;mountain;8
1978;210;196;127;land;true;marsh;2
1979;140;153;237;land;false;plains;1
1980;167;91;248;land;false;hills;7
1981;132;251;143;land;true;forest;7
1982;174;202;157;land;false;plains;3
1983;175;161;231;land;true;plains;7
1984;221;162;189;land;false;plains;1
1985;253;152;214;land;false;plains;2
1986;192;228;151;land;false;plains;9
1987;137;208;209;land;false;urban;2
1988;225;191;93;land;false;marsh;2
1989;250;213;179;land;false;plains;5
1990;188;213;100;land;false;plains;4
1991;104;197;231;land;false;plains;7
1992;160;99;249;land;false;forest;8
1993;227;109;172;land;false;mountain;2
1994;221;189;231;land;false;plains;3
1995;244;192;181;land;false;desert;2
1996;63;55;60;sea;true;ocean;0
1997;204;248;62;land;false;forest;8
1998;214;82;233;land;true;urban;7
1999;67;221;249;land;false;hills;1
2000;197;223;185;land;false;marsh;9
2001;216;211;111;land;false;plains;9
2002;116;230;253;land;false;frozen;11
2003;248;164;211;land;true;plains;3
2004;206;151;211;land;false;jungle;7
2005;245;110;196;land;false;forest;3
2006;201;231;169;land;false;plains;8
2007;252;122;189;land;false;plains;8
2008;193;167;220;land;false;forest;3
2009;152;230;124;land;false;plains;7
2010;178;253;100;land;false;plains;3
2011;120;231;227;land;false;jungle;9
2012;164;129;208;land;false;hills;7
2013;231;160;164;land;false;hills;4
2014;226;214;133;land;false;mountain;10
2015;187;252;106;land;false;mountain;2
2016;197;198;132;land;false;desert;3
2017;254;128;205;land;false;mountain;7
2018;243;246;231;land;false;plains;7
2019;117;211;231;land;false;plains;10
2020;179;197;195;land;false;plains;1
2021;212;134;236;land;false;plains;7
2022;170;162;251;land;false;mountain;8
2023;205;95;238;land;false;plains;7
2024;248;206;224;land;false;forest;2
2025;152;247;234;land;false;hills;7
2026;187;176;186;land;false;jungle;7
2027;185;176;147;land;false;hills;3
2028;169;169;244;land;false;hills;2
2029;217;213;244;land;false;plains;5
2030;229;161;253;land;false;forest;8
2031;228;161;226;land;false;jungle;9
2032;185;169;232;land;false;plains;5
2033;100;198;217;land;false;hills;8
2034;185;153;208;land;true;desert;7
2035;236;131;150;land;false;hills;7
2036;196;214;187;land;false;mountain;2
2037;174;233;155;land;false;urban;1
2038;231;140;154;land;true;desert;1
2039;79;227;201;land;false;forest;8
2040;251;203;235;land;false;mountain;1
2041;129;223;234;land;false;plains;8
2042;170;234;152;land;false;hills;1
2043;132;180;241;land;false;hills;8
2044;207;201;186;land;false;hills;5
2045;140;207;213;land;true;frozen;11
2046;139;199;252;land;true;plains;7
2047;160;152;222;land;true;desert;8
2048;41;243;246;land;false;desert;8
2049;182;140;252;land;false;plains;7
2050;133;192;180;land;false;mountain;7
2051;221;207;143;land;false;mountain;1
2052;158;254;149;land;true;hills;2
2053;146;248;114;land;true;plains;2
2054;191;184;234;land;false;mountain;1
2055;227;243;151;land;false;plains;4
2056;159;214;221;land;true;mountain;10
2057;185;202;139;land;false;plains;4
2058;86;254;162;land;true;hills;1
2059;207;228;190;land;false;marsh;4
2060;246;248;193;land;false;plains;8
2061;192;181;195;land;false;mountain;1
2062;222;241;142;land;false;marsh;4
2063;219;120;205;land;false;plains;8
2064;118;211;194;land;false;desert;2
2065;209;78;247;land;true;mountain;12
2066;186;243;238;land;false;plains;8
2067;240;48;244;land;false;forest;8
2068;148;188;234;land;false;plains;5
2069;222;88;244;land;false;forest;7
2070;212;227;244;land;false;plains;3
2071;251;239;94;land;false;plains;2
2072;130;243;221;land;true;plains;5
2073;167;251;215;land;false;volcanic;2
2074;225;195;124;land;false;mountain;7
2075;158;122;238;land;false;plains;5
2076;126;190;213;land;false;hills;7
2077;163;233;187;land;false;jungle;3
2078;139;245;146;land;false;plains;1
2079;231;178;145;land;false;urban;1
2080;144;200;174;land;false;plains;3
2081;179;130;216;land;false;desert;8
2082;165;247;118;land;false;hills;7
2083;206;245;99;land;false;plains;5
2084;192;190;211;land;false;hills;7
2085;211;182;239;land;false;mountain;7
2086;158;228;181;land;false;marsh;5
2087;239;210;185;land;true;mountain;10
2088;92;239;227;land;false;plains;1
2089;105;223;195;land;false;desert;7
2090;231;119;188;land;false;plains;2
2091;140;189;211;land;false;hills;1
2092;207;223;118;land;false;hills;1
2093;54;247;243;land;false;forest;8
2094;183;209;142;land;false;mountain;7
2095;242;31;251;land;false;mountain;1
2096;249;199;141;land;false;mountain;7
2097;251;125;136;land;false;mountain;1
2098;174;150;197;land;false;plains;7
2099;235;208;248;land;false;plains;8
2100;233;154;178;land;false;urban;7
2101;110;232;200;land;false;forest;3
2102;115;209;181;land;false;desert;1
2103;235;245;243;land;false;desert;1
2104;110;150;251;land;false;plains;2
2105;213;156;170;land;true;forest;1
2106;252;155;144;land;false;forest;8
2107;122;177;223;land;false;plains;7
2108;194;233;132;land;false;plains;7
2109;227;216;180;land;false;mountain;3
2110;244;152;161;land;false;hills;8
2111;218;205;201;land;false;plains;8
2112;133;176;244;land;false;mountain;8
2113;221;219;94;land;false;desert;7
2114;201;190;135;land;true;plains;7
2115;192;142;185;land;false;hills;3
2116;57;219;251;land;true;hills;7
2117;126;202;181;land;true;frozen;11
2118;244;228;227;land;false;plains;5
2119;226;220;206;land;false;plains;1
2120;254;230;78;land;false;mountain;1
2121;204;94;253;land;false;forest;8
2122;107;206;247;land;false;jungle;9
2123;176;234;109;land;false;plains;3
2124;236;160;201;land;false;forest;1
2125;244;127;208;land;true;marsh;5
2126;214;190;195;land;false;mountain;1
2127;208;59;238;land;false;mountain;8
2128;120;245;170;land;false;forest;10
2129;212;189;185;land;false;mountain;7
2130;174;216;243;land;false;plains;1
2131;207;182;116;land;false;forest;5
2132;213;244;248;land;false;marsh;2
2133;218;71;212;land;false;forest;1
2134;247;181;221;land;false;desert;7
2135;149;233;138;land;true;forest;7
2136;144;238;189;land;true;plains;12
2137;125;129;251;land;false;desert;2
2138;235;26;243;land;false;forest;4
2139;232;237;194;land;true;jungle;8
2140;251;227;57;land;false;plains;7
2141;241;183;177;land;false;plains;7
2142;141;228;194;land;true;urban;1
2143;250;221;175;land;false;hills;8
2144;59;39;68;sea;true;water_fjords;0
2145;250;230;176;land;false;forest;9
2146;213;181;230;land;false;plains;1
2147;195;222;216;land;false;plains;1
2148;105;245;157;land;false;mountain;5
2149;249;126;207;land;false;plains;8
2150;210;193;223;land;false;volcanic;7
2151;44;251;220;land;false;marsh;3
2152;253;151;167;land;false;plains;1
2153;212;232;65;land;false;plains;3
2154;187;229;180;land;false;plains;1
2155;116;176;220;land;false;plains;7
2156;137;180;247;land;false;plains;1
2157;199;86;253;land;false;forest;3
2158;225;224;190;land;true;jungle;2
2159;146;187;232;land;true;plains;4
2160;180;217;242;land;false;hills;3
2161;176;166;182;land;false;mountain;2
2162;78;210;252;land;false;urban;7
2163;253;84;199;land;false;hills;5
2164;123;194;241;land;false;hills;7
2165;192;147;238;land;false;plains;7
2166;234;241;66;land;false;jungle;4
2167;126;227;229;land;false;plains;1
2168;60;246;223;land;false;mountain;9
2169;73;229;223;land;false;hills;7
2170;215;190;222;land;false;mountain;3
2171;246;224;198;land;false;hills;8
2172;211;193;202;land;true;plains;2
2173;193;201;244;land;false;plains;3
2174;214;212;95;land;false;plains;5
2175;149;132;242;land;false;frozen;11
2176;187;247;72;land;true;mountain;10
2177;221;174;201;land;false;plains;3
2178;223;208;177;land;false;plains;10
2179;91;215;249;land;true;plains;7
2180;221;212;112;land;false;plains;7
2181;146;237;166;land;false;mountain;4
2182;160;183;222;land;false;forest;3
2183;176;142;241;land;true;hills;7
2184;159;236;178;land;false;hills;7
2185;150;234;152;land;true;plains;8
2186;226;116;230;land;true;forest;5
2187;191;154;234;land;false;mountain;7
2188;238;241;237;land;false;forest;2
2189;169;163;240;land;true;plains;12
2190;196;177;202;land;false;mountain;1
2191;214;216;238;land;false;plains;3
2192;250;139;180;land;false;plains;2
2193;239;104;183;land;false;mountain;3
2194;160;153;205;land;true;urban;7
2195;214;242;93;land;false;jungle;1
2196;201;109;231;land;true;plains;7
2197;192;132;221;land;false;plains;8
2198;253;221;199;land;true;mountain;10
2199;155;252;233;land;false;plains;1
2200;222;137;212;land;false;hills;8
2201;193;254;132;land;false;plains;7
2202;194;109;249;land;false;hills;1
2203;160;187;204;land;false;plains;7
2204;158;228;247;land;false;forest;1
2205;146;111;245;land;false;plains;5
2206;111;251;150;land;false;hills;5
2207;247;200;66;land;true;jungle;9
2208;239;246;190;land;false;plains;7
2209;226;149;196;land;false;hills;1
2210;241;73;253;land;true;plains;2
2211;220;85;226;land;false;hills;8
2212;203;204;114;land;false;urban;1
2213;82;198;223;land;true;urban;2
2214;177;138;191;land;false;plains;8
2215;212;152;156;land;false;forest;8
2216;200;240;236;land;false;plains;1
2217;106;254;224;land;false;plains;1
2218;121;173;236;land;false;forest;10
2219;207;224;229;land;false;desert;2
2220;231;237;123;land;false;plains;7
2221;151;246;200;land;true;frozen;11
2222;233;213;223;land;true;forest;10
2223;198;246;191;land;false;plains;7
2224;204;192;209;land;false;plains;2
2225;175;216;231;land;false;jungle;9
2226;243;178;144;land;false;urban;1
2227;166;217;222;land;false;hills;7
2228;224;238;205;land;true;marsh;5
2229;198;236;254;land;false;plains;4
2230;168;138;232;land;false;hills;3
2231;219;130;224;land;false;plains;1
2232;236;227;159;land;false;forest;7
2233;161;205;239;land;false;mountain;3
2234;145;226;238;land;false;plains;9
2235;161;221;151;land;true;plains;4
2236;223;216;244;land;false;desert;2
2237;74;246;207;land;false;mountain;7
2238;222;161;254;land;false;plains;3
2239;219;198;168;land;false;hills;5
2240;134;240;245;land;false;mountain;2
2241;236;121;156;land;false;forest;8
2242;251;174;123;land;true;hills;7
2243;238;245;181;land;false;hills;8
2244;226;174;224;land;false;mountain;1
2245;93;244;176;land;true;marsh;1
2246;185;182;248;land;true;plains;7
2247;190;155;183;land;false;mountain;4
2248;222;203;95;land;false;marsh;3
2249;91;242;174;land;false;plains;2
2250;162;228;202;land;false;desert;1
2251;148;173;198;land;false;mountain;3
2252;238;132;144;land;false;hills;8
2253;207;62;234;land;false;mountain;1
2254;235;81;211;land;false;plains;1
2255;134;226;220;land;false;hills;8
2256;250;232;155;land;false;mountain;1
2257;181;187;171;land;false;hills;3
2258;226;119;182;land;true;plains;10
2259;216;139;231;land;true;mountain;1
2260;112;248;156;land;false;hills;3
2261;224;236;61;land;false;hills;1
2262;225;251;30;land;false;hills;4
2263;95;218;224;land;false;desert;7
2264;204;201;231;land;false;forest;8
2265;220;227;99;land;false;urban;2
2266;241;192;234;land;false;desert;7
2267;174;234;150;land;false;plains;3
2268;154;176;182;land;false;jungle;4
2269;201;192;171;land;false;plains;3
2270;199;86;249;land;false;plains;3
2271;88;252;250;land;false;hills;1
2272;241;250;165;land;false;desert;2
2273;248;190;130;land;false;urban;8
2274;185;169;163;land;false;plains;7
2275;185;240;84;land;false;plains;8
2276;224;153;165;land;false;plains;5
2277;217;111;196;land;false;hills;2
2278;250;244;154;land;false;mountain;1
2279;241;206;246;land;false;plains;10
2280;111;218;254;land;true;plains;1
2281;91;248;172;land;false;plains;2
2282;246;132;157;land;false;forest;2
2283;188;250;98;land;false;plains;5
2284;232;178;132;land;false;plains;7
2285;200;149;154;land;false;mountain;1
2286;229;210;100;land;false;plains;8
2287;60;214;234;land;false;mountain;1
2288;229;188;158;land;false;mountain;7
2289;219;91;203;land;false;plains;2
2290;190;205;160;land;false;plains;8
2291;226;80;217;land;false;plains;2
2292;192;94;225;land;false;hills;8
2293;161;212;223;land;false;forest;1
2294;202;234;90;land;false;plains;1
2295;191;226;185;land;false;plains;7
2296;254;165;187;land;false;forest;7
2297;158;207;232;land;false;forest;9
2298;82;222;227;land;false;plains;7
2299;212;253;203;land;false;desert;1
2300;216;160;185;land;true;plains;5
2301;33;231;253;land;false;hills;2
2302;212;67;252;land;false;mountain;1
2303;149;213;150;land;false;hills;2
2304;246;250;13;land;true;plains;5
2305;218;77;236;land;false;forest;1
2306;155;240;135;land;false;urban;7
2307;142;124;252;land;false;plains;8
2308;216;236;170;land;false;hills;3
2309;101;196;216;land;false;mountain;2
2310;167;245;149;land;false;forest;7
2311;207;149;254;land;false;plains;8
2312;221;239;133;land;false;forest;7
2313;251;230;222;land;false;plains;4
2314;149;185;228;land;false;forest;4
2315;229;165;176;land;true;plains;7
2316;172;148;243;land;false;forest;5
2317;241;68;195;land;false;hills;7
2318;152;235;116;land;false;mountain;1
2319;58;194;252;land;true;plains;7
2320;183;211;231;land;false;desert;1
2321;225;148;243;land;false;mountain;2
2322;202;208;94;land;false;mountain;7
2323;188;167;152;land;true;plains;9
2324;210;203;222;land;false;hills;1
2325;170;168;169;land;false;jungle;7
2326;203;234;249;land;false;plains;3
2327;171;180;191;land;true;plains;8
2328;247;61;221;land;true;forest;1
2329;219;247;57;land;false;marsh;9
2330;84;231;214;land;false;mountain;11
2331;238;189;74;land;false;hills;1
2332;121;140;244;land;false;mountain;1
2333;147;142;221;land;false;hills;7
2334;249;222;236;land;false;hills;8
2335;226;189;229;land;false;hills;3
2336;204;215;160;land;false;plains;2
2337;231;200;253;land;true;plains;2
2338;181;77;254;land;false;plains;4
2339;166;233;195;land;false;plains;8
2340;148;218;238;land;false;plains;7
2341;140;254;123;land;false;plains;7
2342;114;254;220;land;false;plains;3
2343;140;225;165;land;false;hills;2
2344;195;172;194;land;true;plains;1
2345;138;211;204;land;false;mountain;7
2346;128;149;241;land;true;urban;10
2347;103;201;221;land;false;hills;7
2348;205;214;170;land;false;mountain;8
2349;237;216;86;land;false;hills;5
2350;221;27;253;land;false;desert;1
2351;195;170;221;land;false;plains;3
2352;169;124;231;land;false;forest;7
2353;181;253;219;land;false;desert;1
2354;230;203;92;land;false;hills;8
2355;154;117;245;land;false;marsh;2
2356;221;241;169;land;true;plains;7
2357;246;99;210;land;false;urban;1
2358;196;253;105;land;false;mountain;1
2359;200;243;164;land;false;hills;7
2360;245;38;241;land;false;marsh;1
2361;240;190;108;land;true;plains;2
2362;215;117;233;land;false;hills;3
2363;209;170;151;land;true;jungle;2
2364;215;225;218;land;false;forest;8
2365;63;54;55;sea;true;water_fjords;0
2366;214;233;132;land;false;mountain;1
2367;212;124;220;land;false;plains;7
2368;240;106;170;land;false;hills;1
2369;164;230;113;land;true;plains;4
2370;240;233;55;land;false;plains;1
2371;150;249;126;land;false;plains;7
2372;165;249;174;land;false;plains;7
2373;239;141;212;land;false;mountain;10
2374;125;228;149;land;false;hills;3
2375;121;171;246;land;false;plains;2
2376;158;229;227;land;false;hills;5
2377;244;242;37;land;false;plains;1
2378;196;185;148;land;false;forest;5
2379;193;170;179;land;false;mountain;3
2380;116;216;184;land;false;hills;7
2381;218;222;92;land;false;plains;8
2382;246;207;180;land;false;forest;1
2383;244;169;194;land;true;marsh;5
2384;105;213;215;land;false;jungle;9
2385;142;203;217;land;false;forest;2
2386;207;244;53;land;false;mountain;7
2387;149;240;239;land;false;plains;7
2388;143;194;167;land;false;plains;3
2389;89;228;208;land;false;jungle;9
2390;218;183;127;land;true;plains;8
2391;95;233;236;land;false;plains;7
2392;95;239;204;land;false;plains;3
2393;176;226;188;land;false;mountain;1
2394;169;183;204;land;false;mountain;1
2395;193;105;228;land;false;plains;4
2396;251;240;75;land;false;plains;2
2397;204;206;174;land;true;hills;1
2398;234;233;71;land;false;plains;3
2399;144;244;184;land;false;mountain;2
2400;201;195;179;land;false;hills;1
2401;158;119;234;land;false;forest;3
2402;228;198;131;land;true;plains;8
2403;133;190;251;land;false;hills;2
2404;232;223;190;land;false;mountain;7
2405;189;76;252;land;false;plains;7
2406;104;212;197;land;false;forest;2
2407;248;254;246;land;false;hills;7
2408;180;200;132;land;false;mountain;12
2409;233;247;40;land;false;plains;1
2410;199;230;231;land;false;urban;2
2411;139;197;195;land;true;mountain;10
2412;129;233;149;land;false;plains;2
2413;145;209;167;land;true;mountain;10
2414;139;132;244;land;true;hills;1
2415;236;213;254;land;false;hills;5
2416;178;170;228;land;false;plains;1
2417;160;249;110;land;false;urban;1
2418;191;161;183;land;false;hills;2
2419;223;179;160;land;false;plains;3
2420;152;236;225;land;true;plains;4
2421;251;42;246;land;true;plains;8
2422;252;168;85;land;false;plains;7
2423;164;178;199;land;false;desert;7
2424;112;248;214;land;false;forest;2
2425;160;246;170;land;false;plains;5
2426;217;114;171;land;false;hills;8
2427;247;163;122;land;false;plains;7
2428;230;81;197;land;false;hills;2
2429;154;242;202;land;false;plains;1
2430;221;66;241;land;false;plains;8
2431;103;190;237;land;false;urban;7
2432;192;210;249;land;true;plains;1
2433;228;169;228;land;false;plains;7
2434;245;188;122;land;false;hills;7
2435;55;56;52;sea;true;ocean;0
2436;199;250;109;land;false;plains;1
2437;238;224;83;land;false;desert;2
2438;221;132;181;land;true;plains;7
2439;208;230;75;land;false;hills;1
2440;217;231;205;land;false;desert;2
2441;98;204;231;land;false;marsh;2
2442;241;171;253;land;false;plains;2
2443;248;105;253;land;false;plains;9
2444;159;236;213;land;false;hills;3
2445;234;249;112;land;false;hills;8
2446;154;206;169;land;false;plains;3
2447;224;183;118;land;false;hills;3
2448;55;242;220;land;false;forest;7
2449;138;162;229;land;true;plains;8
2450;104;236;237;land;true;hills;4
2451;45;218;242;land;false;forest;1
2452;224;225;116;land;false;hills;1
2453;247;217;208;land;false;plains;8
2454;208;130;203;land;false;plains;5
2455;216;240;142;land;true;plains;7
2456;248;219;199;land;false;hills;3
2457;177;191;171;land;false;plains;3
2458;132;226;254;land;false;hills;3
2459;121;217;200;land;true;plains;1
2460;96;218;249;land;true;plains;7
2461;235;204;79;land;false;desert;8
2462;139;229;151;land;true;jungle;7
2463;131;210;229;land;false;desert;3
2464;168;253;232;land;false;plains;1
2465;176;201;187;land;false;hills;1
2466;227;222;98;land;false;forest;7
2467;222;184;164;land;false;hills;1
2468;213;168;174;land;false;plains;8
2469;211;101;225;land;false;desert;1
2470;157;102;242;land;false;hills;1
2471;223;163;156;land;false;hills;8
2472;68;239;236;land;true;urban;12
2473;173;116;251;land;false;mountain;7
2474;221;246;130;land;true;hills;5
2475;196;240;151;land;false;hills;2
2476;225;168;178;land;false;plains;7
2477;233;229;96;land;true;plains;8
2478;113;251;195;land;false;plains;4
2479;199;247;63;land;false;mountain;10
2480;178;123;244;land;true;plains;7
2481;148;210;184;land;true;mountain;7
2482;233;207;245;land;false;forest;2
2483;164;225;135;land;false;mountain;2
2484;246;215;235;land;false;jungle;9
2485;210;200;141;land;false;hills;7
2486;208;235;213;land;true;plains;7
2487;194;254;95;land;false;plains;3
2488;194;238;167;land;false;plains;3
2489;233;79;207;land;false;desert;2
2490;179;150;250;land;false;marsh;4
2491;226;59;216;land;false;mountain;7
2492;243;247;157;land;false;plains;7
2493;212;242;92;land;false;plains;8
2494;145;134;244;land;false;forest;10
2495;210;164;162;land;false;hills;1
2496;174;124;229;land;false;mountain;2
2497;204;173;227;land;false;plains;8
2498;234;201;82;land;false;urban;1
2499;198;235;250;land;false;plains;3
2500;237;95;222;land;true;urban;1
2501;212;233;213;land;false;plains;4
2502;250;4;247;land;false;hills;1
2503;63;236;220;land;false;plains;8
2504;203;113;237;land;false;forest;1
2505;240;154;150;land;true;plains;5
2506;139;219;171;land;false;plains;3
2507;171;125;248;land;false;plains;2
2508;149;234;228;land;false;plains;3
2509;244;144;173;land;false;marsh;2
2510;185;214;194;land;false;plains;1
2511;70;245;231;land;false;desert;2
2512;224;245;90;land;false;plains;2
2513;224;225;70;land;false;plains;8
2514;249;224;187;land;false;hills;7
2515;190;223;215;land;false;desert;2
2516;131;175;253;land;false;forest;7
2517;232;249;97;land;false;plains;7
2518;155;244;238;land;false;plains;1
2519;242;152;136;land;false;plains;7
2520;204;185;189;land;false;plains;3
2521;142;206;228;land;true;forest;12
2522;100;228;176;land;false;hills;2
2523;215;148;144;land;false;hills;2
2524;253;74;235;land;true;plains;1
2525;253;226;233;land;false;hills;8
2526;226;117;200;land;false;urban;2
2527;203;196;133;land;false;plains;5
2528;185;145;217;land;false;forest;1
2529;177;131;235;land;false;forest;7
2530;188;146;215;land;false;desert;1
2531;248;135;169;land;false;plains;5
2532;174;119;240;land;false;forest;10
2533;240;171;160;land;false;plains;5
2534;242;111;169;land;false;hills;7
2535;172;115;222;land;false;marsh;5
2536;229;64;222;land;false;plains;1
2537;92;175;238;land;false;desert;2
2538;177;190;166;land;false;jungle;9
2539;221;186;159;land;true;forest;5
2540;125;247;196;land;true;plains;8
2541;204;213;142;land;true;plains;7
2542;232;195;249;land;true;plains;8
2543;54;253;230;land;true;hills;4
2544;225;203;112;land;false;plains;3
2545;198;133;172;land;false;plains;4
2546;67;201;237;land;false;hills;7
2547;237;135;205;land;true;urban;5
2548;215;135;247;land;false;jungle;9
2549;187;202;251;land;false;plains;7
2550;203;220;138;land;false;hills;1
2551;216;106;188;land;false;urban;8
2552;253;194;180;land;false;forest;3
2553;96;239;211;land;true;forest;7
2554;181;237;171;land;false;mountain;10
2555;248;229;167;land;false;forest;10
2556;228;235;171;land;false;hills;4
2557;225;152;138;land;false;mountain;2
2558;245;114;156;land;false;hills;1
2559;183;240;181;land;true;hills;1
2560;142;189;231;land;false;hills;2
2561;141;177;248;land;false;plains;8
2562;232;25;245;land;false;plains;5
2563;229;153;247;land;false;plains;1
2564;219;250;215;land;false;plains;3
2565;231;211;238;land;false;plains;5
2566;230;209;109;land;false;hills;8
2567;176;216;193;land;false;plains;7
2568;153;131;223;land;false;plains;2
2569;193;183;253;land;false;hills;7
2570;187;201;185;land;true;hills;7
2571;171;249;123;land;false;mountain;12
2572;173;228;178;land;false;desert;2
2573;241;186;77;land;false;plains;7
2574;187;237;129;land;false;forest;5
2575;215;216;210;land;false;plains;2
2576;240;232;106;land;false;desert;8
2577;215;145;223;land;false;plains;3
2578;201;215;111;land;false;jungle;9
2579;127;210;209;land;false;marsh;2
2580;221;243;170;land;false;mountain;1
2581;241;243;152;land;true;plains;8
2582;193;222;89;land;false;plains;2
2583;192;195;246;land;false;plains;7
2584;193;206;224;land;false;mountain;1
2585;198;238;86;land;false;plains;3
2586;108;211;223;land;false;plains;1
2587;198;163;154;land;true;urban;12
2588;193;235;220;land;false;hills;3
2589;211;241;188;land;false;mountain;7
2590;147;219;246;land;false;urban;2
2591;220;212;216;land;false;desert;3
2592;236;229;75;land;false;plains;7
2593;190;247;242;land;false;plains;7
2594;214;146;190;land;false;urban;1
2595;161;189;180;land;true;plains;3
2596;99;226;209;land;false;hills;8
2597;249;30;235;land;false;jungle;9
2598;217;177;181;land;false;plains;7
2599;159;209;154;land;false;mountain;7
2600;97;193;245;land;false;plains;1
2601;210;161;241;land;false;hills;7
2602;252;211;253;land;false;desert;7
2603;50;251;220;land;false;plains;1
2604;63;241;246;land;true;plains;7
2605;82;249;214;land;false;plains;3
2606;250;153;184;land;true;desert;7
2607;167;174;161;land;false;forest;5
2608;155;192;170;land;false;jungle;7
2609;234;239;94;land;false;plains;7
2610;73;226;210;land;false;plains;3
2611;228;164;240;land;false;forest;2
2612;222;139;147;land;false;plains;7
2613;235;137;151;land;false;hills;5
2614;162;252;212;land;false;mountain;1
2615;203;232;122;land;false;hills;7
2616;49;247;249;land;false;hills;2
2617;235;163;195;land;false;forest;7
2618;107;204;238;land;false;plains;1
2619;249;202;163;land;false;plains;4
2620;86;248;210;land;false;hills;3
2621;245;134;204;land;true;plains;7
2622;246;153;135;land;false;plains;5
2623;232;203;213;land;false;mountain;2
2624;185;75;250;land;true;hills;5
2625;232;243;164;land;true;urban;1
2626;208;196;236;land;false;hills;4
2627;226;195;157;land;false;mountain;7
2628;254;246;1;land;true;mountain;7
2629;179;244;109;land;false;forest;1
2630;222;232;124;land;false;hills;8
2631;148;227;137;land;false;desert;3
2632;231;141;163;land;false;jungle;4
2633;173;244;183;land;false;marsh;2
2634;202;113;214;land;false;forest;7
2635;178;241;164;land;false;hills;1
2636;97;230;232;land;false;hills;1
2637;227;87;240;land;true;urban;1
2638;214;215;158;land;false;plains;1
2639;212;249;205;land;false;hills;7
2640;225;238;76;land;false;plains;2
2641;213;218;114;land;false;forest;3
2642;89;189;247;land;false;forest;8
2643;200;243;128;land;false;forest;7
2644;179;214;133;land;true;urban;5
2645;55;238;213;land;false;hills;1
2646;167;214;206;land;false;plains;7
2647;200;132;218;land;false;plains;9
2648;213;156;241;land;false;mountain;10
2649;242;137;131;land;false;desert;2
2650;131;222;157;land;false;forest;8
2651;204;191;183;land;false;hills;8
2652;198;101;222;land;false;jungle;9
2653;44;238;251;land;false;plains;3
2654;140;166;238;land;true;marsh;4
2655;218;191;192;land;false;plains;7
2656;161;207;140;land;false;mountain;7
2657;242;61;219;land;false;plains;12
2658;183;231;128;land;false;hills;5
2659;75;193;250;land;false;desert;1
2660;168;165;188;land;false;plains;2
2661;96;195;249;land;false;mountain;8
2662;230;222;250;land;true;plains;5
2663;183;92;226;land;false;plains;2
2664;99;246;231;land;true;plains;1
2665;243;225;248;land;false;volcanic;2
2666;147;233;134;land;false;plains;2
2667;249;226;196;land;false;forest;7
2668;254;127;252;land;true;mountain;9
2669;246;194;246;land;false;forest;7
2670;206;93;219;land;true;plains;10
2671;119;239;152;land;false;forest;4
2672;245;156;117;land;false;hills;8
2673;244;192;100;land;false;salt;2
2674;151;147;248;land;true;urban;1
2675;123;243;210;land;false;jungle;9
2676;203;220;93;land;true;desert;1
2677;191;103;223;land;false;hills;1
2678;243;78;217;land;true;plains;7
2679;158;228;172;land;false;plains;1
2680;132;229;252;land;false;desert;1
2681;226;138;137;land;false;mountain;3
2682;240;136;244;land;false;plains;1
2683;236;213;185;land;false;hills;2
2684;227;237;107;land;false;plains;7
2685;249;192;63;land;false;hills;2
2686;112;231;189;land;false;hills;7
2687;155;169;207;land;false;plains;1
2688;232;253;129;land;false;marsh;2
2689;156;161;242;land;true;jungle;4
2690;216;154;245;land;true;hills;4
2691;238;206;88;land;false;forest;3
2692;252;250;61;land;false;mountain;1
2693;238;237;171;land;false;plains;4
2694;188;80;237;land;false;marsh;5
2695;214;240;63;land;false;mountain;2
2696;247;142;177;land;false;plains;5
2697;227;171;146;land;false;salt;2
2698;254;110;178;land;false;plains;4
2699;166;175;208;land;false;hills;3
2700;199;182;227;land;false;plains;10
2701;158;222;173;land;false;mountain;11
2702;189;177;159;land;false;plains;1
2703;249;250;99;land;false;urban;2
2704;168;156;250;land;false;desert;2
2705;254;149;177;land;false;forest;7
2706;153;244;163;land;false;plains;2
2707;170;234;125;land;false;mountain;2
2708;252;240;118;land;false;plains;5
2709;239;220;90;land;false;desert;3
2710;197;134;186;land;false;plains;3
2711;233;164;224;land;true;mountain;1
2712;189;235;179;land;false;desert;2
2713;229;73;237;land;false;hills;7
2714;246;214;184;land;false;urban;2
2715;230;203;91;land;false;plains;7
2716;159;244;252;land;false;plains;8
2717;215;160;206;land;false;plains;4
2718;182;202;233;land;false;frozen;12
2719;142;196;226;land;false;plains;5
2720;239;152;122;land;false;plains;8
2721;85;229;229;land;false;plains;1
2722;213;188;176;land;false;hills;1
2723;175;254;188;land;false;plains;5
2724;211;250;244;land;false;plains;7
2725;184;133;252;land;false;plains;2
2726;251;254;120;land;true;hills;1
2727;236;152;190;land;false;hills;5
2728;242;182;134;land;false;plains;2
2729;199;199;209;land;false;plains;2
2730;225;98;193;land;false;urban;2
2731;248;136;135;land;false;marsh;2
2732;146;150;253;land;false;hills;7
2733;101;163;247;land;false;hills;3
2734;174;221;169;land;false;desert;7
2735;251;113;246;land;false;plains;7
2736;251;134;210;land;false;hills;5
2737;224;69;224;land;true;forest;1
2738;241;248;32;land;false;hills;4
2739;80;179;246;land;false;desert;2
2740;202;228;199;land;true;hills;1
2741;162;236;104;land;false;hills;7
2742;184;230;222;land;false;mountain;1
2743;193;145;186;land;false;plains;1
2744;142;242;232;land;false;mountain;2
2745;174;249;244;land;false;plains;5
2746;233;229;179;land;false;mountain;7
2747;244;252;70;land;false;mountain;2
2748;244;198;66;land;false;mountain;7
2749;201;123;184;land;false;plains;9
2750;242;227;57;land;false;mountain;2
2751;157;252;176;land;false;frozen;12
2752;179;236;93;land;false;plains;3
2753;100;191;242;land;false;desert;3
2754;213;186;253;land;false;plains;3
2755;116;155;247;land;true;plains;7
2756;172;218;226;land;false;plains;8
2757;121;238;239;land;false;hills;1
2758;229;226;48;land;true;hills;8
2759;160;187;203;land;false;plains;2
2760;158;185;179;land;false;mountain;7
2761;155;243;235;land;false;hills;8
2762;231;80;208;land;false;plains;7
2763;250;100;235;land;false;plains;7
2764;114;240;185;land;false;plains;7
2765;56;235;254;land;false;desert;1
2766;166;239;118;land;false;plains;1
2767;249;131;172;land;false;desert;2
2768;70;226;240;land;false;jungle;9
2769;169;245;227;land;false;mountain;4
2770;99;242;213;land;false;hills;2
2771;254;32;250;land;false;marsh;2
2772;215;220;105;land;false;forest;7
2773;109;238;251;land;false;plains;3
2774;240;162;147;land;false;plains;3
2775;204;186;180;land;false;mountain;3
2776;202;214;208;land;false;plains;1
2777;237;101;221;land;false;plains;1
2778;186;178;189;land;false;urban;7
2779;149;144;224;land;false;urban;3
2780;162;161;233;land;false;jungle;7
2781;248;149;185;land;false;plains;1
2782;205;252;213;land;true;forest;7
2783;201;216;238;land;false;mountain;1
2784;47;215;241;land;false;hills;8
2785;213;219;211;land;false;desert;2
2786;157;231;184;land;false;mountain;7
2787;205;180;137;land;false;hills;7
2788;106;147;250;land;true;frozen;12
2789;173;180;161;land;false;forest;1
2790;91;250;214;land;true;urban;7
2791;170;132;221;land;false;mountain;2
2792;53;63;59;sea;true;water_fjords;0
2793;143;156;249;land;false;hills;1
2794;78;247;195;land;false;mountain;7
2795;193;123;254;land;true;plains;11
2796;189;244;92;land;false;plains;2
2797;193;160;252;land;false;plains;1
2798;226;84;219;land;false;hills;1
2799;84;229;199;land;false;forest;7
2800;148;190;188;land;false;mountain;10
2801;163;176;194;land;false;forest;1
2802;163;244;159;land;false;mountain;1
2803;93;211;249;land;false;mountain;7
2804;77;210;242;land;true;plains;1
2805;76;219;241;land;true;plains;8
2806;168;248;123;land;false;desert;7
2807;136;239;191;land;false;plains;2
2808;238;217;80;land;false;marsh;7
2809;228;243;96;land;true;marsh;2
2810;139;250;219;land;true;urban;7
2811;127;203;222;land;false;forest;7
2812;251;251;58;land;false;forest;5
2813;210;134;230;land;false;hills;7
2814;173;250;244;land;true;frozen;12
2815;206;244;243;land;false;plains;1
2816;109;186;241;land;false;plains;7
2817;113;172;234;land;false;plains;3
2818;227;238;220;land;false;mountain;7
2819;115;233;206;land;false;mountain;8
2820;124;231;206;land;false;plains;1
2821;132;248;224;land;false;hills;8
2822;250;145;121;land;false;mountain;2
2823;203;250;243;land;false;plains;7
2824;161;208;228;land;false;desert;2
2825;166;111;251;land;true;desert;8
2826;235;173;246;land;false;plains;3
2827;147;243;223;land;false;plains;1
2828;229;159;176;land;false;mountain;1
2829;214;174;142;land;false;urban;2
2830;229;234;181;land;false;hills;8
2831;215;226;83;land;false;jungle;9
2832;87;250;195;land;false;marsh;2
2833;80;240;188;land;false;hills;2
2834;228;63;213;land;false;hills;1
2835;227;219;227;land;false;desert;2
2836;180;141;210;land;false;plains;3
2837;191;205;150;land;true;plains;8
2838;129;230;202;land;false;plains;4
2839;203;187;124;land;false;plains;7
2840;242;146;242;land;true;plains;3
2841;143;206;209;land;false;mountain;7
2842;235;200;206;land;true;plains;3
2843;205;231;106;land;false;mountain;7
2844;100;214;219;land;true;forest;7
2845;174;170;233;land;false;plains;9
2846;178;216;231;land;false;hills;2
2847;239;215;51;land;false;hills;5
2848;233;101;222;land;false;plains;1
2849;200;181;212;land;false;plains;7
2850;194;148;178;land;false;desert;7
2851;201;164;199;land;false;forest;7
2852;252;148;181;land;false;forest;1
2853;182;235;96;land;false;desert;2
2854;154;244;216;land;true;plains;8
2855;114;218;196;land;false;plains;1
2856;227;132;221;land;false;mountain;4
2857;200;223;251;land;false;mountain;1
2858;136;220;169;land;false;mountain;2
2859;246;210;215;land;false;plains;2
2860;187;208;171;land;false;hills;1
2861;145;221;221;land;false;jungle;1
2862;171;217;163;land;false;forest;7
2863;58;238;226;land;false;plains;3
2864;240;109;244;land;false;plains;1
2865;189;132;231;land;false;plains;7
2866;84;220;235;land;true;plains;2
2867;227;174;218;land;false;marsh;7
2868;236;98;179;land;true;plains;8
2869;203;99;225;land;false;plains;2
2870;201;200;247;land;true;plains;2
2871;205;116;207;land;false;mountain;12
2872;203;123;243;land;false;forest;7
2873;183;211;162;land;false;forest;8
2874;144;125;239;land;false;plains;3
2875;240;183;231;land;false;desert;2
2876;182;240;213;land;false;plains;2
2877;146;191;241;land;false;volcanic;8
2878;192;215;136;land;false;plains;3
2879;196;233;234;land;false;mountain;1
2880;253;225;29;land;false;hills;3
2881;229;175;202;land;false;plains;4
2882;249;111;146;land;false;mountain;7
2883;213;234;82;land;false;forest;1
2884;174;180;153;land;false;plains;3
2885;170;242;221;land;false;hills;7
2886;103;199;245;land;false;desert;1
2887;128;196;204;land;true;plains;2
2888;240;197;253;land;false;urban;7
2889;247;119;232;land;true;plains;2
2890;212;202;87;land;false;plains;3
2891;100;164;253;land;true;plains;5
2892;174;219;254;land;false;mountain;1
2893;139;218;174;land;false;forest;1
2894;89;233;180;land;false;mountain;7
2895;251;240;128;land;false;forest;7
2896;194;151;192;land;false;marsh;2
2897;237;118;225;land;false;plains;3
2898;254;252;150;land;false;unknown;7
2899;163;142;218;land;false;desert;2
2900;231;187;222;land;false;hills;1
2901;131;254;251;land;false;urban;1
2902;126;201;175;land;true;plains;7
2903;171;150;219;land;false;mountain;8
2904;200;101;221;land;false;hills;2
2905;205;250;121;land;false;desert;1
2906;234;198;137;land;false;mountain;10
2907;235;126;164;land;true;plains;7
2908;129;160;215;land;false;desert;2
2909;88;254;171;land;false;plains;2
2910;191;200;212;land;false;plains;2
2911;162;244;98;land;false;jungle;1
2912;218;238;181;land;false;hills;5
2913;233;210;225;land;false;plains;8
2914;251;199;170;land;true;plains;1
2915;141;141;251;land;false;hills;2
2916;248;81;229;land;false;urban;1
2917;136;204;209;land;true;plains;1
2918;199;88;226;land;false;forest;3
2919;141;240;148;land;false;forest;7
2920;138;229;234;land;false;hills;2
2921;158;233;147;land;false;plains;7
2922;244;189;218;land;false;hills;1
2923;204;238;168;land;true;hills;8
2924;165;230;121;land;false;frozen;12
2925;222;226;57;land;false;plains;1
2926;197;242;102;land;true;jungle;4
2927;118;251;142;land;false;hills;1
2928;172;135;201;land;false;plains;2
2929;241;235;41;land;false;plains;8
2930;248;105;180;land;false;urban;8
2931;160;233;195;land;false;plains;1
2932;203;196;221;land;false;desert;2
2933;242;184;250;land;false;plains;2
2934;145;196;178;land;false;urban;7
2935;175;168;196;land;true;hills;1
2936;254;183;219;land;false;mountain;3
2937;211;94;229;land;false;forest;2
2938;86;237;242;land;false;desert;2
2939;246;253;203;land;false;plains;2
2940;227;127;195;land;false;forest;8
2941;248;109;152;land;false;hills;4
2942;252;227;29;land;false;forest;7
2943;166;127;213;land;true;urban;1
2944;215;223;202;land;false;plains;1
2945;213;156;210;land;false;desert;8
2946;133;185;209;land;false;mountain;1
2947;230;250;239;land;true;hills;8
2948;122;243;246;land;true;forest;7
2949;253;206;113;land;false;forest;8
2950;164;133;215;land;false;jungle;9
2951;179;199;142;land;false;hills;7
2952;246;97;221;land;false;forest;1
2953;111;173;229;land;true;urban;2
2954;221;81;206;land;false;hills;7
2955;209;154;149;land;true;frozen;12
2956;184;126;251;land;false;hills;7
2957;116;175;237;land;false;plains;2
2958;138;127;251;land;false;plains;5
2959;244;69;237;land;false;forest;8
2960;252;75;253;land;false;forest;1
2961;190;198;234;land;false;urban;3
2962;190;187;244;land;true;plains;1
2963;104;212;252;land;false;plains;1
2964;233;183;167;land;true;plains;5
2965;148;254;229;land;false;mountain;7
2966;115;246;144;land;false;plains;3
2967;245;24;250;land;false;hills;1
2968;220;196;86;land;false;hills;1
2969;229;124;165;land;true;forest;1
2970;55;251;213;land;true;urban;1
2971;248;230;195;land;false;urban;1
2972;220;198;240;land;false;hills;1
2973;218;197;202;land;false;urban;2
2974;245;180;130;land;false;marsh;1
2975;112;197;203;land;false;hills;7
2976;241;238;108;land;false;plains;8
2977;225;234;85;land;true;frozen;11
2978;195;217;177;land;true;plains;12
2979;168;200;223;land;false;plains;7
2980;159;187;161;land;false;plains;7
2981;219;213;96;land;false;hills;3
2982;113;240;148;land;false;forest;8
2983;223;127;242;land;false;plains;1
2984;151;121;237;land;false;desert;8
2985;197;254;114;land;true;mountain;1
2986;112;223;198;land;false;plains;1
2987;218;214;214;land;false;desert;7
2988;149;251;103;land;false;plains;1
2989;147;176;242;land;false;desert;2
2990;128;189;251;land;false;plains;1
2991;239;141;155;land;false;hills;5
2992;254;64;205;land;true;frozen;11
2993;193;115;207;land;true;plains;8
2994;85;235;251;land;false;mountain;10
2995;167;209;242;land;true;forest;7
2996;192;152;209;land;false;mountain;2
2997;204;243;205;land;false;plains;2
2998;190;147;218;land;false;hills;1
2999;82;246;215;land;true;plains;4
3000;215;246;231;land;false;plains;8
3001;227;80;200;land;true;plains;1
3002;185;206;135;land;false;forest;8
3003;253;54;221;land;false;hills;1
3004;153;250;191;land;false;plains;1
3005;209;207;235;land;true;forest;1
3006;157;247;97;land;false;forest;4
3007;218;84;233;land;false;plains;1
3008;197;180;205;land;false;hills;1
3009;209;229;154;land;true;mountain;10
3010;207;206;162;land;false;plains;7
3011;181;214;155;land;false;plains;3
3012;230;223;206;land;false;plains;7
3013;178;214;121;land;false;mountain;3
3014;79;205;224;land;true;plains;1
3015;112;253;139;land;false;urban;1
3016;199;142;211;land;true;marsh;3
3017;189;249;134;land;false;plains;8
3018;167;202;242;land;false;hills;1
3019;165;210;168;land;true;plains;4
3020;222;172;153;land;false;frozen;12
3021;193;194;136;land;false;plains;5
3022;130;143;233;land;false;mountain;1
3023;117;241;162;land;false;jungle;9
3024;203;221;232;land;true;plains;3
3025;250;173;187;land;false;hills;1
3026;165;169;223;land;false;hills;2
3027;254;191;132;land;false;desert;2
3028;215;160;193;land;false;forest;1
3029;245;136;230;land;false;plains;3
3030;217;254;45;land;true;plains;7
3031;80;187;244;land;false;forest;3
3032;141;242;247;land;false;forest;7
3033;162;228;174;land;false;plains;7
3034;177;164;179;land;false;plains;1
3035;253;195;179;land;false;plains;8
3036;229;77;238;land;false;plains;1
3037;253;50;207;land;false;marsh;5
3038;109;247;147;land;false;plains;1
3039;139;227;189;land;false;desert;2
3040;212;230;160;land;false;plains;7
3041;173;137;192;land;false;hills;7
3042;93;252;235;land;false;forest;2
3043;200;254;249;land;false;mountain;5
3044;138;234;195;land;true;marsh;8
3045;231;232;159;land;false;hills;7
3046;236;28;244;land;true;forest;1
3047;217;248;59;land;false;plains;1
3048;246;229;95;land;false;plains;2
3049;224;234;187;land;false;desert;2
3050;134;175;217;land;false;hills;4
3051;79;212;229;land;false;desert;5
3052;213;104;253;land;false;mountain;1
3053;188;215;218;land;false;mountain;11
3054;233;178;99;land;false;hills;8
3055;200;210;242;land;false;hills;1
3056;103;211;245;land;false;plains;3
3057;182;183;184;land;false;mountain;8
3058;82;190;234;land;false;desert;2
3059;207;238;97;land;false;plains;2
3060;246;239;182;land;true;hills;1
3061;216;221;197;land;false;desert;3
3062;232;147;215;land;false;urban;1
3063;54;212;236;land;false;jungle;9
3064;99;195;237;land;false;mountain;1
3065;198;185;127;land;false;hills;1
3066;236;172;121;land;false;plains;2
3067;219;188;238;land;false;mountain;3
3068;250;114;190;land;false;forest;1
3069;65;248;218;land;false;forest;8
3070;97;211;225;land;false;marsh;9
3071;173;173;180;land;true;hills;1
3072;236;52;222;land;false;desert;2
3073;166;240;131;land;false;hills;3
3074;217;141;177;land;true;plains;1
3075;223;73;237;land;false;hills;2
3076;187;196;241;land;false;plains;1
3077;216;252;176;land;true;forest;1
3078;230;224;250;land;false;mountain;7
3079;212;238;205;land;false;hills;7
3080;231;189;96;land;false;hills;3
3081;228;169;108;land;true;hills;1
3082;110;153;240;land;true;plains;4
3083;209;150;176;land;false;desert;8
3084;234;172;221;land;false;plains;12
3085;194;236;141;land;false;jungle;9
3086;194;98;252;land;false;plains;1
3087;79;219;236;land;true;plains;1
3088;245;202;93;land;false;plains;3
3089;205;224;137;land;true;forest;1
3090;145;190;206;land;false;mountain;1
3091;250;35;226;land;false;mountain;3
3092;106;241;184;land;false;plains;7
3093;246;237;41;land;false;plains;8
3094;169;164;246;land;false;desert;2
3095;106;239;207;land;false;urban;1
3096;209;130;230;land;false;desert;2
3097;224;241;171;land;true;urban;1
3098;237;212;108;land;false;mountain;7
3099;196;217;110;land;true;plains;1
3100;219;226;191;land;true;plains;2
3101;200;237;154;land;false;plains;3
3102;185;248;96;land;false;mountain;1
3103;145;193;220;land;false;mountain;2
3104;88;186;240;land;false;plains;2
3105;90;183;233;land;false;hills;8
3106;235;106;180;land;false;forest;1
3107;155;180;168;land;false;plains;2
3108;128;233;232;land;false;desert;7
3109;141;176;224;land;false;marsh;2
3110;196;154;213;land;true;mountain;2
3111;253;199;179;land;false;desert;1
3112;160;235;115;land;false;desert;7
3113;199;155;151;land;false;forest;1
3114;228;250;45;land;false;jungle;4
3115;220;190;181;land;false;forest;7
3116;182;247;83;land;false;plains;7
3117;237;248;180;land;false;forest;7
3118;209;200;158;land;false;plains;2
3119;63;59;63;sea;true;ocean;0
3120;236;233;103;land;false;plains;4
3121;234;224;213;land;false;plains;2
3122;224;239;177;land;false;plains;2
3123;245;108;164;land;true;jungle;7
3124;220;223;221;land;false;plains;1
3125;222;220;60;land;false;hills;2
3126;172;190;246;land;false;plains;5
3127;157;233;190;land;false;plains;8
3128;116;185;248;land;true;marsh;5
3129;196;97;247;land;false;mountain;2
3130;169;193;193;land;false;plains;2
3131;209;209;110;land;true;forest;1
3132;167;235;176;land;false;urban;1
3133;209;185;175;land;true;plains;7
3134;164;171;168;land;true;forest;1
3135;140;232;206;land;true;plains;3
3136;165;170;229;land;false;plains;4
3137;212;219;207;land;false;mountain;1
3138;130;219;166;land;true;plains;7
3139;221;117;251;land;false;mountain;4
3140;165;212;195;land;false;plains;3
3141;91;235;196;land;false;hills;4
3142;178;199;252;land;true;hills;7
3143;204;185;175;land;false;plains;9
3144;106;146;251;land;true;mountain;10
3145;210;188;123;land;false;hills;7
3146;234;233;212;land;false;desert;2
3147;227;207;108;land;false;mountain;7
3148;250;226;29;land;false;hills;8
3149;245;152;185;land;false;plains;1
3150;62;187;252;land;true;desert;7
3151;199;244;128;land;false;desert;2
3152;121;219;184;land;true;hills;2
3153;207;141;254;land;false;plains;7
3154;143;250;170;land;false;jungle;4
3155;179;135;236;land;true;plains;7
3156;246;117;198;land;false;mountain;3
3157;243;234;217;land;false;plains;1
3158;181;232;127;land;false;hills;8
3159;227;251;65;land;false;plains;2
3160;150;219;238;land;false;hills;3
3161;207;114;187;land;false;hills;5
3162;218;217;177;land;false;forest;3
3163;172;250;177;land;false;plains;2
3164;189;134;197;land;true;forest;8
3165;114;252;225;land;false;plains;5
3166;238;45;245;land;false;marsh;2
3167;70;193;253;land;false;mountain;1
3168;137;241;127;land;true;hills;1
3169;249;158;114;land;false;forest;8
3170;125;222;180;land;false;plains;2
3171;254;112;166;land;true;forest;10
3172;185;188;154;land;false;mountain;11
3173;174;87;243;land;false;forest;3
3174;159;148;202;land;false;plains;1
3175;153;245;143;land;false;urban;7
3176;121;216;217;land;true;mountain;10
3177;139;159;251;land;false;urban;7
3178;194;178;177;land;false;urban;1
3179;184;240;82;land;false;plains;2
3180;184;241;87;land;false;plains;7
3181;118;228;157;land;false;urban;1
3182;229;213;185;land;false;forest;2
3183;176;154;213;land;true;forest;5
3184;238;247;252;land;false;mountain;1
3185;48;248;245;land;false;hills;5
3186;177;251;78;land;false;mountain;7
3187;206;147;187;land;false;plains;3
3188;163;228;176;land;true;plains;7
3189;240;103;166;land;true;jungle;4
3190;241;209;237;land;true;hills;10
3191;152;224;189;land;false;forest;2
3192;115;182;213;land;false;hills;4
3193;234;211;119;land;false;hills;4
3194;94;197;210;land;false;plains;4
3195;174;252;210;land;false;plains;1
3196;202;197;226;land;false;plains;3
3197;244;68;252;land;false;urban;3
3198;248;235;38;land;false;hills;7
3199;198;137;184;land;false;mountain;3
3200;208;96;226;land;false;mountain;1
3201;196;182;229;land;false;forest;7
3202;49;218;254;land;false;plains;3
3203;220;138;192;land;false;forest;7
3204;235;227;160;land;false;plains;7
3205;138;218;177;land;false;plains;1
3206;219;99;235;land;true;hills;2
3207;105;207;240;land;false;hills;8
3208;114;212;222;land;false;plains;7
3209;223;92;190;land;false;jungle;9
3210;127;203;204;land;false;hills;7
3211;216;178;145;land;false;desert;8
3212;58;213;252;land;false;plains;5
3213;132;253;215;land;false;hills;7
3214;205;184;223;land;false;plains;8
3215;171;196;229;land;false;forest;10
3216;109;250;208;land;false;desert;2
3217;219;162;205;land;false;plains;2
3218;253;114;192;land;true;mountain;1
3219;214;224;77;land;false;hills;7
3220;202;193;217;land;false;hills;11
3221;198;134;185;land;false;desert;2
3222;175;128;227;land;false;plains;4
3223;234;199;194;land;false;plains;1
3224;147;203;176;land;false;jungle;9
3225;200;160;226;land;false;plains;7
3226;182;74;248;land;false;plains;1
3227;161;214;226;land;false;plains;2
3228;237;154;206;land;false;forest;7
3229;148;187;190;land;false;forest;2
3230;198;213;238;land;false;plains;1
3231;219;230;233;land;false;desert;1
3232;148;247;251;land;false;plains;8
3233;237;138;224;land;false;plains;1
3234;197;178;232;land;false;plains;7
3235;218;225;126;land;false;hills;1
3236;140;246;125;land;false;mountain;2
3237;232;241;250;land;false;forest;1
3238;178;226;212;land;false;desert;2
3239;130;212;227;land;true;plains;3
3240;159;152;245;land;false;mountain;2
3241;201;133;225;land;false;mountain;3
3242;207;150;149;land;true;desert;8
3243;172;244;193;land;true;urban;7
3244;176;184;212;land;false;plains;7
3245;160;106;245;land;false;hills;8
3246;186;186;149;land;false;plains;3
3247;252;239;46;land;false;plains;7
3248;124;161;245;land;false;plains;1
3249;82;242;252;land;false;plains;5
3250;186;220;237;land;false;plains;8
3251;248;124;231;land;false;hills;5
3252;147;226;183;land;true;hills;7
3253;165;188;151;land;true;mountain;8
3254;150;211;231;land;false;plains;7
3255;142;248;223;land;false;mountain;2
3256;228;219;58;land;false;plains;3
3257;203;163;179;land;false;plains;7
3258;141;199;195;land;false;mountain;2
3259;205;246;143;land;false;mountain;7
3260;241;68;203;land;false;hills;7
3261;206;95;223;land;false;plains;3
3262;96;245;200;land;false;desert;1
3263;153;254;225;land;false;forest;10
3264;177;226;217;land;false;plains;2
3265;245;129;167;land;false;desert;2
3266;163;251;220;land;false;plains;7
3267;189;241;84;land;false;urban;1
3268;248;120;173;land;false;desert;2
3269;240;143;169;land;false;plains;7
3270;225;147;206;land;false;hills;2
3271;203;166;247;land;false;plains;1
3272;181;190;134;land;true;urban;7
3273;212;252;117;land;false;mountain;1
3274;97;190;231;land;false;plains;8
3275;135;202;214;land;false;mountain;3
3276;162;227;138;land;false;hills;2
3277;248;222;181;land;true;plains;8
3278;214;233;134;land;false;plains;2
3279;245;233;153;land;false;plains;7
3280;199;239;149;land;false;desert;2
3281;213;160;176;land;false;plains;2
3282;251;233;45;land;false;plains;3
3283;73;206;246;land;false;plains;1
3284;196;248;102;land;false;plains;2
3285;127;219;166;land;false;plains;5
3286;243;226;95;land;false;plains;7
3287;131;233;194;land;false;plains;8
3288;183;190;144;land;false;plains;8
3289;246;212;53;land;false;hills;3
3290;189;217;243;land;false;hills;7
3291;236;187;135;land;false;plains;2
3292;252;21;243;land;false;plains;4
3293;247;114;156;land;true;plains;4
3294;93;168;243;land;false;mountain;12
3295;120;252;230;land;false;plains;7
3296;183;237;190;land;false;desert;5
3297;38;50;63;sea;true;ocean;0
3298;162;147;254;land;false;plains;7
3299;161;243;186;land;true;plains;7
3300;240;117;247;land;false;marsh;2
3301;152;143;218;land;false;plains;10
3302;248;82;192;land;false;forest;7
3303;159;225;210;land;false;frozen;11
3304;193;149;186;land;false;plains;2
3305;198;82;246;land;true;plains;1
3306;253;253;72;land;false;hills;2
3307;209;177;164;land;false;forest;7
3308;172;121;221;land;false;hills;1
3309;244;228;56;land;false;plains;2
3310;174;253;96;land;false;plains;3
3311;79;204;249;land;false;volcanic;8
3312;193;194;218;land;true;plains;7
3313;192;106;228;land;false;mountain;2
3314;221;226;103;land;false;hills;1
3315;218;252;197;land;false;plains;7
3316;166;202;215;land;false;plains;2
3317;55;226;241;land;false;plains;7
3318;187;182;243;land;true;plains;5
3319;125;198;213;land;false;desert;2
3320;161;246;143;land;false;forest;10
3321;207;243;133;land;false;hills;1
3322;248;244;73;land;false;mountain;1
3323;202;187;189;land;false;plains;3
3324;156;202;145;land;false;plains;7
3325;197;67;254;land;false;plains;2
3326;225;198;216;land;true;plains;3
3327;254;78;226;land;false;plains;2
3328;222;124;245;land;false;mountain;1
3329;185;174;150;land;false;mountain;8
3330;105;236;234;land;false;plains;7
3331;102;227;206;land;false;plains;2
3332;244;227;148;land;false;hills;3
3333;129;243;138;land;false;plains;2
3334;173;170;243;land;false;forest;7
3335;147;132;229;land;false;marsh;2
3336;247;61;242;land;false;mountain;2
3337;229;231;61;land;false;forest;8
3338;88;223;217;land;false;forest;10
3339;248;159;247;land;false;hills;7
3340;215;246;173;land;false;plains;7
3341;178;245;119;land;false;desert;2
3342;225;181;156;land;false;hills;8
3343;136;240;169;land;false;desert;2
3344;176;150;224;land;false;mountain;3
3345;105;214;198;land;false;plains;7
3346;231;238;247;land;false;hills;1
3347;163;153;218;land;true;mountain;7
3348;199;208;163;land;false;forest;1
3349;128;190;225;land;false;forest;8
3350;245;237;188;land;false;hills;2
3351;224;43;248;land;false;marsh;2
3352;231;145;213;land;false;forest;8
3353;199;77;237;land;false;plains;3
3354;197;247;210;land;true;plains;8
3355;116;226;221;land;false;mountain;2
3356;223;91;242;land;false;forest;1
3357;208;151;184;land;false;plains;8
3358;154;231;211;land;false;mountain;1
3359;164;226;194;land;false;plains;7
3360;139;154;239;land;false;forest;7
3361;116;200;248;land;false;hills;7
3362;162;251;137;land;true;mountain;10
3363;127;182;224;land;false;plains;7
3364;153;219;225;land;false;plains;1
3365;246;101;225;land;false;mountain;7
3366;221;54;235;land;false;plains;5
3367;139;254;155;land;true;plains;7
3368;241;57;235;land;false;plains;7
3369;172;202;184;land;false;hills;3
3370;210;241;81;land;false;plains;1
3371;194;133;181;land;false;hills;1
3372;114;203;202;land;false;plains;4
3373;247;253;132;land;true;forest;8
3374;148;240;243;land;false;desert;2
3375;51;236;229;land;false;forest;7
3376;228;203;108;land;false;plains;5
3377;58;248;203;land;false;desert;2
3378;233;251;242;land;false;plains;9
3379;244;247;82;land;false;hills;2
3380;184;189;230;land;true;plains;4
3381;244;132;143;land;false;plains;2
3382;240;14;250;land;false;hills;1
3383;55;194;252;land;true;plains;1
3384;242;254;110;land;false;hills;7
3385;225;77;229;land;false;mountain;3
3386;160;240;184;land;false;plains;7
3387;201;213;182;land;false;jungle;2
3388;194;209;99;land;false;plains;7
3389;176;223;220;land;false;hills;1
3390;174;140;211;land;false;forest;3
3391;165;175;163;land;false;forest;8
3392;140;249;230;land;false;plains;7
3393;182;195;178;land;false;jungle;9
3394;156;190;170;land;false;hills;2
3395;253;164;238;land;false;hills;1
3396;195;247;73;land;true;plains;1
3397;236;107;198;land;false;desert;2
3398;175;199;138;land;false;desert;2
3399;187;215;169;land;false;plains;7
3400;214;182;112;land;false;mountain;8
3401;225;165;186;land;true;hills;7
3402;217;137;202;land;false;plains;7
3403;199;231;99;land;false;hills;8
3404;175;134;225;land;true;desert;7
3405;126;212;232;land;false;jungle;7
3406;237;254;50;land;false;forest;2
3407;248;211;249;land;false;plains;9
3408;253;168;95;land;false;forest;5
3409;172;149;193;land;false;plains;2
3410;56;220;238;land;false;mountain;7
3411;169;235;167;land;false;plains;1
3412;224;248;85;land;false;plains;5
3413;218;194;115;land;false;plains;2
3414;97;226;199;land;false;jungle;9
3415;146;243;121;land;false;mountain;1
3416;104;203;211;land;false;plains;7
3417;151;229;124;land;false;forest;7
3418;229;145;160;land;true;plains;8
3419;241;239;95;land;false;desert;1
3420;162;227;211;land;false;hills;8
3421;239;139;141;land;false;mountain;2
3422;190;203;230;land;false;plains;3
3423;206;54;242;land;false;plains;5
3424;128;225;227;land;false;jungle;7
3425;135;215;191;land;false;mountain;1
3426;225;219;168;land;false;desert;2
3427;166;222;149;land;false;forest;7
3428;176;254;126;land;false;plains;4
3429;254;184;199;land;false;plains;7
3430;128;154;236;land;false;plains;7
3431;181;134;250;land;false;plains;10
3432;147;247;162;land;false;plains;10
3433;125;195;182;land;false;hills;10
3434;129;159;219;land;false;forest;1
3435;226;220;233;land;false;desert;2
3436;224;239;169;land;false;plains;10
3437;248;175;91;land;false;urban;3
3438;240;203;97;land;false;desert;8
3439;184;225;242;land;false;forest;1
3440;236;160;159;land;false;mountain;1
3441;222;234;244;land;false;plains;8
3442;165;152;232;land;false;forest;7
3443;177;253;207;land;false;mountain;1
3444;244;66;195;land;false;marsh;5
3445;245;253;67;land;true;hills;8
3446;208;226;194;land;false;mountain;8
3447;151;252;208;land;false;mountain;1
3448;159;238;126;land;false;mountain;1
3449;163;148;237;land;false;mountain;2
3450;254;182;97;land;false;plains;3
3451;177;213;212;land;false;plains;3
3452;194;198;254;land;false;hills;8
3453;240;219;227;land;false;mountain;1
3454;232;234;224;land;false;forest;3
3455;143;178;235;land;true;hills;2
3456;252;164;101;land;false;desert;2
3457;234;206;141;land;false;mountain;7
3458;250;102;208;land;false;hills;7
3459;249;220;245;land;false;desert;1
3460;234;250;109;land;false;hills;2
3461;218;104;198;land;false;plains;2
3462;185;175;145;land;false;plains;5
3463;1;51;63;lake;false;lakes;7
3464;222;124;184;land;false;plains;7
3465;253;215;45;land;true;plains;9
3466;200;221;101;land;false;plains;1
3467;245;126;239;land;false;plains;2
3468;45;35;39;sea;true;ocean;0
3469;235;251;111;land;false;desert;2
3470;97;205;252;land;true;mountain;2
3471;230;239;222;land;false;mountain;7
3472;227;114;185;land;false;forest;7
3473;230;100;246;land;false;plains;2
3474;238;215;178;land;false;hills;3
3475;202;111;243;land;false;hills;2
3476;182;235;216;land;false;mountain;7
3477;133;250;241;land;false;plains;1
3478;198;170;250;land;false;urban;1
3479;178;236;191;land;false;plains;8
3480;178;254;246;land;false;hills;2
3481;197;159;156;land;false;mountain;1
3482;227;219;189;land;false;mountain;3
3483;220;96;223;land;true;urban;1
3484;217;197;241;land;false;plains;8
3485;252;185;249;land;true;forest;5
3486;176;136;208;land;false;forest;4
3487;178;127;236;land;false;urban;7
3488;234;90;185;land;false;forest;10
3489;204;179;249;land;false;plains;3
3490;219;183;176;land;true;forest;4
3491;175;183;149;land;false;jungle;3
3492;151;226;243;land;false;plains;7
3493;217;251;199;land;true;plains;2
3494;247;200;67;land;false;plains;4
3495;151;220;209;land;false;hills;7
3496;224;102;240;land;true;hills;1
3497;191;149;235;land;false;urban;1
3498;151;198;242;land;false;forest;7
3499;214;125;215;land;false;forest;8
3500;191;113;240;land;false;plains;3
3501;211;145;188;land;false;plains;2
3502;241;132;220;land;false;plains;8
3503;210;200;94;land;false;plains;2
3504;211;177;195;land;false;plains;2
3505;76;217;254;land;false;plains;1
3506;247;217;76;land;false;plains;2
3507;181;253;144;land;false;mountain;2
3508;58;213;233;land;false;hills;1
3509;174;214;128;land;false;mountain;3
3510;158;163;185;land;true;plains;8
3511;230;198;150;land;false;hills;8
3512;147;233;143;land;true;hills;9
3513;191;234;219;land;true;plains;1
3514;195;86;239;land;false;plains;1
3515;110;226;229;land;false;forest;2
3516;192;166;174;land;false;mountain;3
3517;166;158;220;land;false;plains;5
3518;138;234;174;land;false;frozen;12
3519;81;241;223;land;false;jungle;7
3520;119;232;243;land;false;plains;3
3521;252;110;242;land;false;plains;4
3522;224;124;159;land;false;plains;3
3523;225;138;254;land;false;marsh;1
3524;240;177;151;land;false;desert;3
3525;98;249;247;land;false;plains;3
3526;100;215;203;land;false;hills;8
3527;241;252;201;land;false;forest;8
3528;170;195;173;land;false;hills;11
3529;222;176;179;land;false;plains;3
3530;120;235;236;land;false;plains;4
3531;224;119;173;land;false;hills;1
3532;59;246;243;land;false;forest;8
3533;226;151;244;land;false;plains;1
3534;236;251;122;land;false;plains;8
3535;222;208;86;land;false;plains;3
3536;202;111;192;land;false;hills;2
3537;40;254;214;land;false;hills;7
3538;215;128;199;land;false;forest;3
3539;232;188;252;land;false;plains;5
3540;233;136;150;land;false;plains;7
3541;236;245;249;land;true;plains;1
3542;254;93;208;land;false;plains;2
3543;245;157;173;land;false;marsh;1
3544;206;229;172;land;false;hills;1
3545;196;156;235;land;false;plains;5
3546;223;220;67;land;false;plains;2
3547;231;178;163;land;false;hills;8
3548;214;160;181;land;false;plains;3
3549;178;251;191;land;true;plains;9
3550;214;137;200;land;false;plains;7
3551;252;194;125;land;false;forest;3
3552;242;107;185;land;false;mountain;10
3553;166;215;250;land;false;forest;1
3554;168;245;197;land;false;forest;7
3555;206;137;248;land;false;forest;3
3556;241;102;170;land;false;hills;7
3557;24;244;252;land;false;plains;2
3558;219;188;195;land;false;urban;1
3559;195;158;175;land;false;forest;2
3560;190;228;217;land;false;plains;7
3561;141;249;195;land;true;plains;1
3562;135;156;249;land;false;plains;5
3563;152;182;169;land;false;marsh;4
3564;228;229;233;land;false;mountain;3
3565;202;184;192;land;false;forest;1
3566;204;163;205;land;false;plains;1
3567;203;185;141;land;false;plains;4
3568;218;143;222;land;false;plains;8
3569;233;183;151;land;false;urban;2
3570;247;242;228;land;false;plains;7
3571;195;193;131;land;true;mountain;2
3572;212;209;82;land;true;plains;7
3573;178;137;228;land;false;hills;2
3574;218;181;137;land;false;desert;8
3575;225;231;182;land;true;plains;2
3576;130;242;249;land;true;marsh;5
3577;234;241;241;land;false;desert;2
3578;116;245;153;land;true;plains;1
3579;19;9;25;sea;true;ocean;0
3580;227;234;245;land;false;plains;5
3581;211;149;183;land;false;plains;1
3582;252;201;81;land;false;hills;4
3583;158;190;204;land;false;jungle;9
3584;151;189;183;land;false;plains;7
3585;135;224;168;land;false;mountain;5
3586;99;207;245;land;false;forest;1
3587;167;153;220;land;true;desert;8
3588;147;186;247;land;false;forest;1
3589;109;218;212;land;false;plains;2
3590;148;217;183;land;false;forest;4
3591;98;242;202;land;false;hills;2
3592;116;200;239;land;false;forest;7
3593;122;210;202;land;false;plains;4
3594;195;158;201;land;false;forest;8
3595;254;53;211;land;true;plains;2
3596;200;193;159;land;true;plains;3
3597;225;87;226;land;false;marsh;3
3598;168;88;248;land;true;plains;12
3599;148;169;248;land;false;hills;7
3600;237;174;235;land;false;marsh;2
3601;102;250;224;land;false;hills;2
3602;48;250;221;land;false;forest;8
3603;173;253;84;land;true;plains;8
3604;227;151;224;land;false;plains;1
3605;238;147;147;land;false;plains;7
3606;225;170;150;land;false;mountain;8
3607;233;121;161;land;false;plains;2
3608;239;223;194;land;false;hills;3
3609;195;138;235;land;false;plains;7
3610;246;164;206;land;true;forest;3
3611;236;202;234;land;false;plains;3
3612;226;151;251;land;false;hills;2
3613;112;237;159;land;false;desert;2
3614;234;201;226;land;false;plains;1
3615;220;252;236;land;false;hills;2
3616;73;214;234;land;false;plains;7
3617;201;197;231;land;false;plains;3
3618;240;62;214;land;false;plains;3
3619;128;176;230;land;false;forest;3
3620;197;116;213;land;false;hills;1
3621;233;131;175;land;false;hills;7
3622;231;67;208;land;false;plains;8
3623;248;126;221;land;false;hills;3
3624;252;170;151;land;false;plains;5
3625;159;221;158;land;true;plains;11
3626;131;180;196;land;false;forest;7
3627;168;205;221;land;true;hills;5
3628;213;145;191;land;true;hills;7
3629;241;215;52;land;true;forest;1
3630;105;206;223;land;false;jungle;9
3631;228;163;129;land;true;hills;1
3632;126;212;250;land;false;plains;1
3633;202;225;126;land;false;mountain;8
3634;232;244;95;land;false;hills;8
3635;148;153;236;land;false;hills;5
3636;148;196;219;land;false;plains;8
3637;241;154;151;land;true;desert;7
3638;228;87;212;land;false;mountain;8
3639;72;233;206;land;false;forest;7
3640;219;224;184;land;false;desert;2
3641;204;249;179;land;false;hills;7
3642;244;159;198;land;false;jungle;7
3643;170;240;149;land;false;forest;8
3644;205;179;191;land;false;plains;7
3645;165;222;131;land;false;jungle;9
3646;71;226;234;land;false;plains;3
3647;226;110;207;land;false;mountain;1
3648;226;219;75;land;false;mountain;1
3649;229;185;244;land;false;hills;1
3650;110;188;212;land;false;urban;7
3651;229;192;104;land;false;hills;1
3652;192;253;119;land;false;mountain;4
3653;203;189;161;land;false;forest;7
3654;232;143;240;land;false;hills;7
3655;183;126;194;land;false;jungle;9
3656;106;188;243;land;false;plains;2
3657;229;232;180;land;true;plains;3
3658;243;180;245;land;false;forest;5
3659;213;158;155;land;false;plains;2
3660;144;243;229;land;false;plains;2
3661;140;246;213;land;false;plains;1
3662;172;209;197;land;false;jungle;7
3663;254;211;112;land;false;forest;4
3664;240;220;167;land;true;mountain;8
3665;183;167;169;land;false;plains;2
3666;110;163;233;land;false;hills;3
3667;219;112;224;land;false;mountain;1
3668;226;211;171;land;false;plains;3
3669;199;173;215;land;false;marsh;2
3670;172;210;240;land;false;desert;1
3671;221;241;193;land;true;forest;3
3672;231;100;198;land;false;plains;8
3673;184;66;251;land;false;mountain;2
3674;199;225;228;land;true;plains;1
3675;115;230;195;land;false;hills;8
3676;153;167;186;land;true;desert;7
3677;154;245;231;land;false;plains;1
3678;127;196;244;land;false;mountain;7
3679;250;220;141;land;false;plains;8
3680;209;221;175;land;false;plains;8
3681;99;235;229;land;true;plains;2
3682;228;155;206;land;false;mountain;7
3683;101;218;192;land;false;forest;3
3684;208;254;90;land;true;plains;8
3685;201;254;177;land;false;desert;7
3686;85;201;232;land;false;plains;10
3687;226;166;134;land;true;urban;1
3688;229;226;243;land;false;hills;8
3689;116;209;227;land;true;urban;1
3690;247;134;215;land;false;desert;2
3691;169;251;129;land;false;mountain;7
3692;253;49;199;land;false;plains;7
3693;232;209;156;land;false;plains;2
3694;233;133;251;land;false;plains;2
3695;148;235;205;land;false;urban;3
3696;138;244;147;land;false;mountain;1
3697;146;218;227;land;false;plains;8
3698;136;137;245;land;false;plains;12
3699;223;171;227;land;false;plains;3
3700;206;106;251;land;false;mountain;1
3701;160;116;234;land;false;hills;7
3702;250;240;213;land;false;plains;8
3703;213;117;197;land;false;forest;7
3704;248;216;163;land;true;plains;8
3705;241;48;216;land;false;mountain;1
3706;88;193;250;land;false;hills;4
3707;179;245;114;land;false;desert;2
3708;90;214;213;land;false;plains;7
3709;28;241;236;land;false;salt;2
3710;248;235;186;land;false;mountain;7
3711;157;188;198;land;false;volcanic;7
3712;242;115;222;land;false;plains;8
3713;206;136;206;land;false;desert;7
3714;231;248;117;land;false;marsh;9
3715;190;252;81;land;false;desert;2
3716;164;246;227;land;true;plains;5
3717;154;184;221;land;false;marsh;2
3718;243;175;86;land;true;plains;9
3719;239;210;192;land;false;forest;3
3720;197;244;78;land;false;mountain;1
3721;129;196;190;land;false;plains;4
3722;194;220;94;land;false;hills;8
3723;144;110;250;land;true;plains;3
3724;151;229;218;land;false;marsh;2
3725;219;202;178;land;false;hills;4
3726;179;183;210;land;false;urban;7
3727;131;200;210;land;true;urban;1
3728;158;166;203;land;false;plains;2
3729;145;227;253;land;true;forest;10
3730;75;197;230;land;true;forest;1
3731;145;224;159;land;false;plains;4
3732;134;235;252;land;false;plains;8
3733;40;52;104;sea;true;ocean;0
3734;234;147;236;land;false;plains;8
3735;130;194;228;land;true;mountain;1
3736;198;244;77;land;false;jungle;1
3737;232;199;162;land;false;plains;5
3738;169;237;171;land;false;plains;5
3739;193;93;240;land;false;plains;7
3740;206;242;130;land;true;plains;1
3741;183;208;145;land;false;mountain;7
3742;253;57;194;land;false;plains;1
3743;160;156;214;land;false;plains;2
3744;194;187;140;land;false;mountain;7
3745;247;196;240;land;false;plains;7
3746;250;148;108;land;false;desert;7
3747;222;240;56;land;false;plains;2
3748;153;225;182;land;false;plains;4
3749;234;171;209;land;false;plains;8
3750;251;249;212;land;false;hills;1
3751;222;193;88;land;false;plains;7
3752;218;147;138;land;false;mountain;1
3753;195;252;101;land;false;forest;3
3754;234;153;174;land;false;plains;7
3755;95;252;215;land;false;plains;4
3756;186;157;241;land;false;plains;3
3757;214;195;112;land;false;plains;1
3758;239;218;109;land;true;urban;7
3759;252;160;193;land;false;plains;4
3760;209;239;251;land;true;plains;7
3761;208;114;186;land;false;plains;7
3762;135;235;242;land;false;plains;4
3763;231;156;150;land;false;plains;8
3764;246;51;250;land;false;plains;2
3765;203;171;143;land;false;plains;7
3766;189;248;163;land;false;hills;3
3767;145;253;226;land;false;jungle;9
3768;245;55;233;land;false;forest;10
3769;161;162;192;land;false;hills;1
3770;250;154;123;land;false;plains;4
3771;231;206;189;land;false;desert;2
3772;206;54;251;land;false;forest;8
3773;218;223;217;land;false;hills;5
3774;120;178;241;land;false;hills;8
3775;160;185;225;land;false;plains;2
3776;190;190;251;land;false;plains;2
3777;242;237;154;land;false;hills;4
3778;227;165;180;land;true;plains;1
3779;122;209;179;land;false;forest;8
3780;209;253;158;land;true;plains;7
3781;203;186;171;land;true;mountain;5
3782;58;245;202;land;true;plains;5
3783;249;71;209;land;false;hills;7
3784;208;102;243;land;false;mountain;2
3785;61;233;251;land;false;plains;1
3786;225;156;128;land;false;forest;7
3787;39;19;53;sea;true;ocean;0
3788;44;221;243;land;false;hills;7
3789;213;218;205;land;false;hills;8
3790;241;145;145;land;false;mountain;1
3791;241;167;237;land;false;desert;2
3792;223;248;249;land;false;urban;7
3793;151;252;199;land;false;plains;1
3794;172;165;166;land;false;plains;3
3795;168;220;209;land;true;hills;7
3796;81;80;76;sea;true;ocean;0
3797;186;211;237;land;false;hills;7
3798;179;111;234;land;false;hills;2
3799;132;212;180;land;true;mountain;8
3800;190;221;98;land;false;desert;2
3801;244;220;95;land;false;urban;2
3802;46;248;209;land;false;plains;7
3803;233;252;187;land;false;mountain;12
3804;251;145;144;land;false;hills;1
3805;111;232;238;land;false;plains;3
3806;205;225;71;land;false;mountain;1
3807;199;243;60;land;true;plains;7
3808;238;237;195;land;false;desert;2
3809;234;242;213;land;false;plains;8
3810;139;179;248;land;false;jungle;1
3811;243;87;226;land;false;plains;1
3812;179;187;211;land;false;forest;7
3813;215;93;208;land;false;plains;8
3814;140;155;253;land;false;hills;1
3815;227;196;251;land;false;forest;7
3816;162;247;214;land;true;plains;3
3817;125;161;254;land;false;plains;7
3818;225;197;183;land;false;plains;7
3819;180;124;237;land;true;plains;3
3820;126;244;221;land;false;plains;7
3821;188;241;130;land;true;desert;1
3822;225;249;145;land;true;desert;7
3823;73;38;76;sea;true;water_shallow_sea;0
3824;193;217;158;land;false;plains;3
3825;244;65;235;land;true;plains;1
3826;166;230;176;land;false;hills;3
3827;249;166;92;land;true;plains;7
3828;234;118;224;land;false;plains;7
3829;228;25;253;land;true;marsh;3
3830;165;211;186;land;true;forest;7
3831;165;122;242;land;false;hills;2
3832;214;65;235;land;true;plains;7
3833;122;241;140;land;false;plains;1
3834;218;241;118;land;false;plains;4
3835;185;146;227;land;false;hills;8
3836;253;158;231;land;false;plains;2
3837;214;107;216;land;false;mountain;10
3838;212;225;161;land;false;desert;2
3839;127;238;210;land;false;marsh;1
3840;107;245;253;land;false;marsh;4
3841;240;99;207;land;true;plains;7
3842;206;136;164;land;false;plains;7
3843;248;111;176;land;false;plains;3
3844;236;196;100;land;false;jungle;9
3845;74;244;214;land;false;plains;4
3846;234;171;252;land;false;plains;4
3847;250;238;147;land;true;forest;5
3848;161;230;144;land;false;hills;7
3849;183;232;254;land;false;desert;1
3850;218;129;253;land;false;desert;3
3851;222;243;253;land;true;forest;10
3852;68;251;190;land;false;plains;1
3853;226;137;206;land;false;volcanic;8
3854;225;203;142;land;false;plains;3
3855;138;240;234;land;false;marsh;2
3856;75;240;193;land;false;jungle;1
3857;239;115;229;land;false;plains;5
3858;168;234;246;land;false;mountain;9
3859;107;226;226;land;false;forest;7
3860;115;239;218;land;false;marsh;2
3861;167;213;205;land;false;plains;1
3862;211;195;129;land;true;plains;2
3863;130;166;229;land;false;mountain;1
3864;223;250;108;land;false;urban;5
3865;190;250;144;land;false;hills;8
3866;211;86;230;land;false;plains;5
3867;229;249;85;land;false;hills;1
3868;189;189;127;land;false;hills;2
3869;187;214;197;land;false;plains;8
3870;237;197;123;land;true;forest;9
3871;155;178;193;land;false;hills;3
3872;52;228;231;land;false;mountain;1
3873;103;226;234;land;false;hills;7
3874;237;156;214;land;true;plains;8
3875;98;242;193;land;false;hills;1
3876;228;244;70;land;false;hills;7
3877;202;225;199;land;true;forest;2
3878;227;249;123;land;true;plains;8
3879;227;136;184;land;false;plains;8
3880;245;245;127;land;true;hills;2
3881;50;235;250;land;true;plains;1
3882;249;163;234;land;false;plains;7
3883;200;164;210;land;false;plains;8
3884;216;243;248;land;true;plains;4
3885;190;75;236;land;false;plains;7
3886;237;190;131;land;false;plains;1
3887;107;235;209;land;true;forest;10
3888;234;160;204;land;false;plains;7
3889;209;221;84;land;false;plains;3
3890;230;161;222;land;false;jungle;1
3891;149;219;204;land;false;forest;12
3892;173;200;244;land;false;plains;1
3893;254;191;145;land;false;plains;3
3894;214;160;204;land;false;plains;3
3895;181;234;188;land;true;plains;4
3896;222;138;218;land;false;hills;1
3897;126;214;210;land;true;plains;2
3898;219;236;76;land;true;frozen;11
3899;176;155;205;land;false;desert;3
3900;195;195;155;land;true;plains;5
3901;252;225;237;land;false;plains;4
3902;206;246;95;land;false;plains;1
3903;212;65;242;land;false;plains;5
3904;62;232;211;land;false;mountain;2
3905;189;222;179;land;false;jungle;9
3906;130;220;222;land;false;plains;3
3907;211;213;195;land;false;forest;9
3908;217;56;250;land;false;mountain;2
3909;188;121;220;land;false;forest;4
3910;138;163;239;land;false;plains;4
3911;168;250;164;land;false;plains;1
3912;224;160;212;land;false;forest;7
3913;252;105;152;land;false;jungle;9
3914;253;207;138;land;false;mountain;1
3915;190;250;104;land;false;desert;1
3916;249;205;94;land;false;hills;3
3917;193;184;135;land;true;plains;8
3918;156;209;168;land;false;mountain;10
3919;59;249;252;land;false;plains;1
3920;229;201;115;land;false;plains;3
3921;250;106;212;land;false;jungle;9
3922;202;142;173;land;false;plains;8
3923;165;164;205;land;false;plains;2
3924;150;251;205;land;false;mountain;1
3925;165;124;213;land;false;marsh;2
3926;249;114;252;land;false;mountain;2
3927;215;190;181;land;false;marsh;4
3928;86;243;187;land;false;plains;2
3929;226;69;233;land;false;plains;3
3930;195;140;218;land;false;hills;1
3931;247;65;199;land;false;plains;8
3932;241;154;157;land;false;plains;4
3933;249;159;141;land;false;forest;7
3934;178;227;138;land;false;hills;7
3935;158;176;187;land;false;mountain;2
3936;204;157;200;land;false;hills;7
3937;224;179;254;land;false;desert;2
3938;246;192;131;land;true;plains;5
3939;144;228;166;land;false;hills;8
3940;200;253;236;land;false;plains;3
3941;223;91;245;land;true;desert;2
3942;239;233;214;land;false;plains;1
3943;100;192;246;land;false;hills;1
3944;202;84;252;land;false;plains;8
3945;79;241;239;land;false;plains;3
3946;205;228;190;land;false;plains;7
3947;143;224;138;land;false;plains;2
3948;242;213;46;land;false;jungle;7
3949;198;243;220;land;false;desert;3
3950;189;237;206;land;false;hills;1
3951;121;213;179;land;false;plains;1
3952;170;242;237;land;false;salt;2
3953;222;227;135;land;false;hills;8
3954;125;213;253;land;false;plains;3
3955;221;118;195;land;false;plains;3
3956;132;183;197;land;false;mountain;7
3957;182;76;246;land;false;marsh;9
3958;172;158;185;land;false;forest;2
3959;176;209;141;land;false;forest;8
3960;208;167;251;land;true;plains;7
3961;179;156;171;land;false;plains;7
3962;183;219;134;land;false;mountain;7
3963;127;214;251;land;false;plains;2
3964;241;231;161;land;false;marsh;9
3965;195;249;180;land;false;plains;7
3966;182;172;213;land;false;marsh;4
3967;252;63;212;land;true;urban;1
3968;144;187;193;land;false;plains;1
3969;239;223;73;land;false;desert;1
3970;225;222;56;land;false;jungle;9
3971;63;235;235;land;false;plains;5
3972;175;222;191;land;false;hills;1
3973;180;245;248;land;false;plains;2
3974;253;65;247;land;true;plains;1
3975;157;170;217;land;false;jungle;1
3976;251;47;214;land;false;plains;1
3977;182;236;144;land;false;jungle;2
3978;113;249;236;land;true;plains;4
3979;120;171;242;land;false;plains;7
3980;212;114;238;land;false;jungle;9
3981;236;220;190;land;false;mountain;1
3982;223;252;108;land;false;hills;7
3983;121;184;244;land;false;plains;1
3984;220;36;245;land;false;hills;3
3985;72;252;210;land;false;forest;7
3986;219;101;217;land;false;plains;7
3987;169;165;214;land;false;plains;7
3988;101;193;238;land;false;hills;7
3989;92;213;244;land;false;desert;3
3990;193;169;253;land;false;forest;1
3991;249;223;107;land;true;forest;1
3992;199;165;188;land;false;hills;8
3993;177;217;237;land;false;hills;1
3994;252;116;249;land;false;hills;7
3995;236;254;133;land;false;plains;7
3996;230;196;191;land;true;jungle;7
3997;227;173;235;land;false;desert;2
3998;141;246;232;land;false;forest;8
3999;232;136;190;land;false;mountain;7
4000;89;230;196;land;false;hills;5
4001;62;210;244;land;false;mountain;8
4002;240;253;126;land;true;plains;7
4003;251;139;204;land;false;hills;4
4004;133;182;218;land;false;mountain;2
4005;225;229;54;land;false;hills;2
4006;221;200;121;land;false;hills;4
4007;33;254;220;land;false;plains;7
4008;5;252;248;land;false;urban;1
4009;225;194;235;land;false;hills;1
4010;250;177;218;land;false;plains;4
4011;223;190;213;land;false;plains;5
4012;96;179;237;land;false;mountain;4
4013;175;240;141;land;false;mountain;2
4014;245;124;215;land;false;marsh;1
4015;232;242;150;land;false;desert;1
4016;201;198;134;land;false;mountain;1
4017;152;191;207;land;false;marsh;2
4018;156;217;246;land;false;plains;2
4019;219;177;186;land;true;plains;4
4020;243;150;218;land;false;plains;2
4021;224;251;232;land;false;forest;10
4022;208;243;196;land;false;hills;4
4023;186;129;232;land;false;mountain;10
4024;141;203;231;land;false;marsh;1
4025;169;249;216;land;false;marsh;2
4026;253;154;126;land;false;desert;2
4027;71;204;250;land;false;hills;7
4028;250;211;111;land;true;hills;10
4029;138;170;196;land;false;plains;8
4030;236;215;232;land;false;hills;7
4031;250;213;102;land;false;mountain;1
4032;113;254;251;land;false;hills;5
4033;135;181;244;land;false;desert;2
4034;235;251;222;land;true;forest;1
4035;197;157;229;land;false;mountain;1
4036;80;228;232;land;false;forest;7
4037;210;138;183;land;true;hills;9
4038;107;187;252;land;false;mountain;1
4039;252;193;191;land;false;hills;7
4040;148;202;216;land;true;hills;1
4041;214;220;252;land;false;plains;8
4042;128;250;137;land;false;plains;1
4043;53;244;217;land;false;marsh;4
4044;63;217;249;land;true;forest;10
4045;186;152;221;land;false;plains;2
4046;92;183;247;land;false;mountain;1
4047;211;223;177;land;true;plains;9
4048;147;252;203;land;true;plains;7
4049;199;249;143;land;false;plains;1
4050;225;187;194;land;false;marsh;2
4051;94;234;233;land;false;plains;1
4052;203;179;139;land;false;mountain;7
4053;242;245;60;land;false;desert;2
4054;253;140;112;land;false;desert;8
4055;243;118;146;land;false;forest;7
4056;240;117;253;land;true;plains;2
4057;132;208;216;land;false;mountain;8
4058;99;176;248;land;false;plains;3
4059;190;217;150;land;false;forest;3
4060;142;232;193;land;false;plains;2
4061;187;86;230;land;false;plains;1
4062;130;191;225;land;true;plains;7
4063;185;215;149;land;true;urban;7
4064;100;221;205;land;false;plains;7
4065;176;234;241;land;false;desert;7
4066;196;224;116;land;false;desert;1
4067;133;232;193;land;false;forest;2
4068;190;249;64;land;false;plains;4
4069;252;134;242;land;false;plains;1
4070;79;216;217;land;false;hills;5
4071;228;174;180;land;false;plains;2
4072;234;88;223;land;false;hills;3
4073;212;216;88;land;false;plains;5
4074;220;98;240;land;false;forest;10
4075;220;110;183;land;false;plains;2
4076;207;211;207;land;true;forest;10
4077;253;145;126;land;false;forest;7
4078;208;172;181;land;true;plains;1
4079;163;184;154;land;false;forest;2
4080;156;176;222;land;false;jungle;1
4081;147;205;200;land;false;plains;2
4082;246;213;240;land;true;plains;8
4083;131;217;192;land;false;hills;8
4084;243;141;146;land;false;hills;1
4085;146;244;230;land;false;mountain;1
4086;152;244;136;land;true;plains;1
4087;162;168;182;land;false;hills;7
4088;160;142;249;land;true;plains;1
4089;157;218;148;land;false;marsh;4
4090;164;232;248;land;false;desert;3
4091;191;126;210;land;false;plains;3
4092;132;217;198;land;true;plains;8
4093;194;238;83;land;false;plains;7
4094;152;253;232;land;true;forest;10
4095;172;132;231;land;false;mountain;5
4096;227;86;214;land;false;frozen;12
4097;177;220;181;land;false;forest;2
4098;172;145;221;land;false;plains;1
4099;239;230;52;land;true;hills;11
4100;149;253;118;land;false;jungle;7
4101;219;236;82;land;true;plains;3
4102;142;234;125;land;false;forest;3
4103;217;152;184;land;true;urban;5
4104;237;234;230;land;false;hills;1
4105;130;135;249;land;false;plains;7
4106;213;204;196;land;false;plains;9
4107;163;213;170;land;false;plains;1
4108;207;184;190;land;false;mountain;2
4109;155;231;140;land;false;mountain;1
4110;161;223;246;land;false;jungle;9
4111;251;221;197;land;true;forest;1
4112;245;226;211;land;true;plains;1
4113;226;245;153;land;false;desert;1
4114;149;217;153;land;false;hills;2
4115;147;154;207;land;true;hills;1
4116;251;177;226;land;false;desert;2
4117;140;227;192;land;false;plains;7
4118;144;226;177;land;false;plains;1
4119;232;254;88;land;true;plains;1
4120;125;199;195;land;false;plains;1
4121;126;219;205;land;false;mountain;7
4122;231;46;227;land;true;plains;7
4123;144;172;240;land;false;desert;2
4124;149;231;244;land;false;hills;1
4125;165;236;146;land;false;plains;4
4126;169;237;201;land;false;desert;3
4127;249;175;106;land;false;forest;8
4128;249;239;198;land;false;forest;2
4129;205;151;198;land;false;mountain;1
4130;159;172;197;land;false;urban;3
4131;166;236;176;land;false;plains;5
4132;159;245;131;land;false;mountain;12
4133;250;220;70;land;false;plains;7
4134;89;217;209;land;false;mountain;2
4135;209;252;175;land;false;forest;3
4136;203;157;188;land;false;hills;2
4137;225;189;191;land;false;desert;2
4138;203;212;179;land;true;plains;4
4139;206;123;175;land;false;plains;8
4140;219;251;95;land;false;hills;8
4141;248;106;244;land;false;hills;7
4142;105;186;250;land;false;mountain;4
4143;215;134;212;land;false;forest;10
4144;145;195;226;land;false;plains;3
4145;236;197;244;land;false;mountain;1
4146;85;246;249;land;false;forest;7
4147;52;229;221;land;false;hills;1
4148;205;239;195;land;false;plains;7
4149;147;194;194;land;false;desert;2
4150;246;83;178;land;false;plains;3
4151;252;245;222;land;false;mountain;8
4152;240;82;197;land;false;hills;9
4153;107;191;206;land;false;hills;1
4154;178;242;221;land;false;plains;2
4155;178;217;220;land;false;hills;7
4156;120;235;220;land;false;jungle;9
4157;192;236;234;land;false;hills;2
4158;83;245;237;land;false;hills;4
4159;128;210;245;land;false;plains;1
4160;59;232;239;land;false;plains;7
4161;179;249;73;land;true;desert;2
4162;194;166;208;land;false;plains;8
4163;205;108;254;land;false;plains;3
4164;145;197;239;land;true;plains;8
4165;218;154;134;land;true;urban;7
4166;252;142;223;land;false;desert;1
4167;193;132;195;land;false;frozen;12
4168;107;245;187;land;false;mountain;9
4169;207;138;243;land;true;plains;7
4170;220;123;211;land;false;plains;2
4171;158;125;234;land;false;plains;3
4172;112;213;176;land;false;plains;2
4173;179;253;175;land;false;forest;4
4174;245;80;247;land;true;marsh;2
4175;253;76;193;land;false;plains;7
4176;244;120;228;land;false;plains;1
4177;211;170;161;land;false;forest;8
4178;244;22;253;land;false;desert;1
4179;228;159;122;land;false;forest;8
4180;215;51;254;land;false;desert;2
4181;129;187;189;land;false;hills;3
4182;217;225;73;land;false;plains;8
4183;133;237;190;land;false;plains;7
4184;151;227;179;land;false;marsh;4
4185;170;152;223;land;false;forest;8
4186;125;245;140;land;false;hills;3
4187;206;194;159;land;true;plains;1
4188;199;204;234;land;false;plains;8
4189;254;234;135;land;false;plains;1
4190;251;173;178;land;false;mountain;7
4191;202;164;219;land;false;plains;1
4192;204;105;230;land;false;plains;2
4193;250;243;78;land;false;jungle;1
4194;207;70;236;land;false;forest;2
4195;197;248;86;land;true;plains;1
4196;242;132;189;land;false;desert;2
4197;211;98;248;land;false;plains;1
4198;124;248;187;land;false;hills;1
4199;120;232;199;land;false;forest;1
4200;248;176;190;land;false;desert;8
4201;236;203;246;land;true;plains;7
4202;54;230;241;land;false;hills;8
4203;182;186;238;land;false;hills;1
4204;120;254;178;land;false;mountain;1
4205;221;189;193;land;false;hills;5
4206;137;216;202;land;false;mountain;3
4207;174;233;127;land;false;plains;2
4208;236;206;171;land;true;plains;9
4209;200;217;168;land;false;plains;5
4210;231;135;218;land;false;plains;3
4211;181;206;254;land;false;plains;1
4212;76;216;221;land;false;marsh;2
4213;210;146;227;land;false;forest;1
4214;203;200;150;land;false;mountain;7
4215;192;108;226;land;false;plains;8
4216;189;191;167;land;false;urban;2
4217;213;65;247;land;false;desert;3
4218;201;102;205;land;false;urban;2
4219;217;103;190;land;false;plains;1
4220;215;243;133;land;false;plains;7
4221;164;238;252;land;true;hills;9
4222;239;222;66;land;false;mountain;1
4223;204;183;247;land;false;desert;2
4224;113;245;164;land;false;plains;2
4225;44;45;23;sea;true;water_shallow_sea;0
4226;196;184;174;land;false;hills;2
4227;169;123;212;land;false;hills;3
4228;64;224;241;land;false;plains;7
4229;72;226;247;land;false;forest;7
4230;246;162;253;land;false;mountain;2
4231;197;188;146;land;false;marsh;2
4232;202;171;162;land;false;mountain;1
4233;212;161;197;land;false;hills;11
4234;199;174;247;land;false;desert;2
4235;239;223;108;land;true;hills;1
4236;246;184;92;land;false;hills;1
4237;217;241;97;land;false;hills;1
4238;252;134;116;land;false;forest;2
4239;209;226;242;land;false;mountain;3
4240;171;196;216;land;false;plains;7
4241;218;165;231;land;false;plains;5
4242;103;200;252;land;true;plains;7
4243;176;186;212;land;false;mountain;8
4244;226;214;67;land;false;hills;1
4245;227;179;116;land;false;mountain;7
4246;234;151;240;land;false;mountain;7
4247;216;75;226;land;false;forest;7
4248;117;200;232;land;false;jungle;9
4249;235;188;98;land;false;mountain;8
4250;172;150;223;land;false;hills;8
4251;253;177;240;land;false;plains;3
4252;192;165;159;land;true;plains;9
4253;244;145;219;land;false;plains;7
4254;185;247;248;land;false;hills;1
4255;148;240;238;land;false;plains;1
4256;123;238;161;land;true;plains;7
4257;196;118;204;land;false;hills;1
4258;243;252;119;land;false;plains;7
4259;186;233;167;land;false;plains;7
4260;197;202;243;land;false;volcanic;8
4261;250;126;228;land;true;hills;7
4262;227;161;129;land;false;mountain;1
4263;180;147;225;land;false;desert;2
4264;172;122;210;land;false;mountain;7
4265;250;93;251;land;false;mountain;10
4266;211;215;95;land;false;hills;7
4267;145;223;214;land;false;hills;1
4268;213;228;130;land;false;plains;7
4269;171;223;226;land;false;forest;7
4270;180;237;209;land;false;hills;7
4271;172;138;227;land;false;mountain;3
4272;231;169;154;land;false;desert;3
4273;204;245;245;land;true;forest;2
4274;240;96;200;land;false;hills;8
4275;241;216;45;land;false;mountain;7
4276;140;137;233;land;true;plains;4
4277;246;106;254;land;false;hills;1
4278;118;232;202;land;false;mountain;1
4279;194;232;193;land;false;desert;2
4280;206;212;122;land;true;hills;7
4281;163;187;195;land;false;urban;7
4282;165;220;184;land;false;plains;7
4283;87;248;214;land;false;desert;2
4284;204;216;117;land;false;mountain;3
4285;244;188;95;land;false;plains;7
4286;214;183;232;land;true;forest;1
4287;231;243;139;land;false;urban;1
4288;91;234;183;land;false;hills;1
4289;202;129;178;land;false;plains;1
4290;119;58;117;sea;true;water_fjords;0
4291;165;134;232;land;true;desert;8
4292;193;129;221;land;false;mountain;1
4293;94;228;243;land;false;hills;1
4294;211;90;252;land;false;desert;2
4295;239;186;217;land;false;hills;1
4296;233;218;124;land;false;hills;2
4297;155;249;98;land;false;desert;2
4298;134;227;166;land;false;hills;1
4299;185;233;116;land;false;plains;7
4300;171;250;237;land;true;plains;9
4301;222;178;214;land;true;plains;9
4302;117;211;174;land;false;desert;2
4303;222;128;178;land;false;plains;2
4304;205;232;128;land;false;plains;2
4305;177;216;137;land;true;plains;1
4306;143;200;242;land;false;hills;3
4307;197;252;98;land;true;plains;1
4308;236;64;212;land;false;forest;7
4309;217;140;189;land;false;plains;1
4310;193;234;76;land;false;hills;4
4311;195;227;116;land;false;plains;1
4312;198;133;248;land;false;forest;7
4313;239;185;225;land;false;hills;7
4314;202;155;161;land;false;mountain;11
4315;132;193;240;land;true;mountain;2
4316;191;226;197;land;false;urban;1
4317;231;137;141;land;false;plains;3
4318;162;254;152;land;false;plains;2
4319;225;88;229;land;false;hills;3
4320;252;126;203;land;false;plains;1
4321;194;202;241;land;false;hills;3
4322;229;88;191;land;false;mountain;1
4323;117;169;233;land;false;desert;1
4324;155;254;182;land;false;plains;7
4325;157;149;237;land;false;plains;8
4326;204;110;212;land;true;plains;2
4327;228;197;134;land;true;plains;3
4328;99;235;194;land;false;forest;1
4329;87;252;163;land;false;plains;8
4330;207;97;232;land;true;jungle;9
4331;201;168;233;land;false;plains;1
4332;213;225;240;land;false;plains;5
4333;207;243;183;land;false;forest;10
4334;60;57;61;sea;true;water_shallow_sea;0
4335;154;246;173;land;false;plains;7
4336;201;209;244;land;false;plains;4
4337;224;253;202;land;false;mountain;1
4338;85;254;227;land;true;forest;5
4339;81;240;222;land;false;plains;7
4340;166;144;201;land;false;mountain;7
4341;228;84;216;land;false;mountain;10
4342;105;215;237;land;false;plains;4
4343;219;245;143;land;false;plains;4
4344;251;192;142;land;false;plains;3
4345;203;144;169;land;false;plains;3
4346;247;131;204;land;false;forest;7
4347;237;127;159;land;false;forest;8
4348;225;192;195;land;false;hills;1
4349;158;173;198;land;false;mountain;1
4350;245;76;196;land;false;mountain;1
4351;186;253;208;land;false;mountain;7
4352;247;40;244;land;false;urban;1
4353;157;246;239;land;false;mountain;2
4354;182;197;235;land;false;forest;1
4355;179;237;251;land;false;plains;1
4356;138;201;162;land;false;plains;7
4357;152;229;227;land;false;jungle;1
4358;228;178;116;land;false;plains;7
4359;212;214;86;land;false;mountain;8
4360;233;254;224;land;false;plains;2
4361;218;108;243;land;false;plains;3
4362;248;81;187;land;false;hills;1
4363;213;84;235;land;false;hills;5
4364;155;208;229;land;false;mountain;1
4365;207;113;254;land;false;desert;2
4366;230;233;194;land;false;hills;7
4367;154;135;246;land;false;marsh;4
4368;237;138;212;land;false;hills;1
4369;246;184;221;land;false;desert;1
4370;99;180;240;land;false;plains;1
4371;106;230;177;land;false;plains;2
4372;201;234;129;land;false;plains;4
4373;152;251;126;land;false;plains;10
4374;141;237;179;land;true;forest;7
4375;184;242;129;land;false;volcanic;2
4376;183;161;253;land;false;plains;3
4377;162;200;217;land;true;mountain;1
4378;242;174;135;land;false;plains;3
4379;193;228;124;land;true;plains;2
4380;181;135;232;land;false;plains;3
4381;188;146;180;land;false;plains;4
4382;130;220;244;land;false;jungle;7
4383;203;245;130;land;false;plains;7
4384;214;166;180;land;false;plains;7
4385;163;249;243;land;false;marsh;3
4386;244;207;66;land;false;forest;3
4387;147;208;198;land;false;hills;8
4388;233;190;159;land;true;plains;9
4389;121;231;227;land;true;forest;10
4390;243;247;235;land;false;salt;2
4391;63;238;208;land;false;hills;8
4392;251;181;121;land;false;plains;5
4393;203;152;201;land;false;hills;8
4394;246;208;54;land;false;hills;4
4395;195;254;63;land;false;plains;7
4396;215;199;108;land;true;plains;4
4397;150;190;240;land;false;desert;2
4398;247;154;116;land;false;mountain;7
4399;232;215;147;land;false;urban;2
4400;212;226;155;land;false;mountain;1
4401;196;143;174;land;false;hills;1
4402;205;136;215;land;false;forest;2
4403;204;176;194;land;false;hills;1
4404;185;192;220;land;false;mountain;7
4405;212;228;215;land;false;mountain;2
4406;220;252;87;land;false;plains;7
4407;221;248;159;land;false;forest;4
4408;219;237;93;land;true;hills;2
4409;148;168;223;land;false;forest;7
4410;213;129;210;land;false;plains;1
4411;225;200;111;land;true;hills;9
4412;232;155;251;land;false;plains;1
4413;234;194;83;land;false;hills;1
4414;209;86;224;land;false;forest;1
4415;193;240;122;land;false;mountain;7
4416;120;210;187;land;true;plains;7
4417;214;123;214;land;true;forest;4
4418;204;229;150;land;false;jungle;9
4419;73;234;218;land;false;plains;2
4420;158;176;186;land;true;plains;8
4421;197;90;230;land;false;hills;7
4422;234;236;87;land;false;desert;7
4423;115;244;199;land;true;plains;4
4424;44;240;246;land;false;marsh;8
4425;113;144;250;land;false;hills;4
4426;147;217;229;land;false;marsh;9
4427;175;102;241;land;false;mountain;2
4428;219;254;59;land;false;hills;7
4429;245;205;153;land;false;plains;7
4430;166;237;137;land;false;mountain;2
4431;126;222;197;land;false;hills;8
4432;250;192;179;land;false;plains;7
4433;232;101;190;land;false;hills;1
4434;251;82;244;land;false;hills;7
4435;113;204;215;land;true;urban;2
4436;107;217;232;land;false;forest;1
4437;241;112;209;land;false;desert;2
4438;223;221;57;land;false;jungle;7
4439;191;79;233;land;false;hills;4
4440;182;241;110;land;false;plains;8
4441;220;231;114;land;true;forest;1
4442;197;170;173;land;false;mountain;5
4443;233;161;181;land;false;urban;5
4444;204;205;206;land;false;forest;7
4445;213;55;251;land;false;hills;4
4446;180;139;201;land;false;plains;7
4447;254;78;241;land;false;hills;3
4448;100;250;246;land;false;hills;2
4449;221;161;244;land;false;mountain;1
4450;231;166;195;land;false;hills;2
4451;218;150;240;land;false;mountain;11
4452;180;211;147;land;false;forest;5
4453;95;236;228;land;false;forest;1
4454;58;214;252;land;false;mountain;10
4455;217;49;239;land;false;plains;8
4456;214;96;212;land;false;forest;1
4457;191;132;213;land;false;forest;8
4458;212;207;171;land;false;mountain;8
4459;238;176;159;land;false;mountain;1
4460;62;248;243;land;false;plains;8
4461;251;191;247;land;true;plains;7
4462;84;234;183;land;false;forest;7
4463;194;176;246;land;true;plains;1
4464;215;227;100;land;false;plains;8
4465;240;187;102;land;false;mountain;4
4466;222;243;55;land;false;plains;7
4467;246;240;68;land;false;hills;7
4468;222;217;250;land;true;plains;1
4469;74;28;11;sea;true;water_shallow_sea;0
4470;234;136;246;land;false;plains;1
4471;159;236;223;land;false;plains;10
4472;252;111;207;land;false;urban;1
4473;191;238;239;land;true;forest;1
4474;161;147;225;land;false;plains;2
4475;139;237;138;land;false;plains;7
4476;223;187;138;land;false;forest;1
4477;250;239;205;land;true;urban;1
4478;172;132;222;land;false;hills;1
4479;143;223;142;land;true;desert;7
4480;176;153;175;land;false;plains;1
4481;201;138;225;land;false;plains;2
4482;245;104;233;land;true;plains;3
4483;217;180;119;land;false;plains;7
4484;199;175;241;land;true;urban;1
4485;206;107;214;land;false;forest;1
4486;225;156;142;land;false;hills;3
4487;199;229;120;land;false;plains;3
4488;161;205;196;land;false;marsh;4
4489;181;167;159;land;true;plains;3
4490;191;228;154;land;false;forest;10
4491;169;198;221;land;true;plains;8
4492;191;181;232;land;false;mountain;1
4493;253;85;191;land;false;hills;4
4494;142;166;223;land;false;forest;7
4495;252;53;231;land;false;plains;3
4496;253;202;188;land;false;plains;1
4497;135;177;225;land;false;jungle;9
4498;250;86;222;land;false;hills;8
4499;244;231;84;land;false;plains;3
4500;160;146;226;land;false;mountain;7
4501;145;246;160;land;true;urban;1
4502;199;202;112;land;true;plains;1
4503;73;215;240;land;false;hills;2
4504;177;169;225;land;false;desert;1
4505;252;85;197;land;false;forest;1
4506;192;85;226;land;true;plains;1
4507;249;117;177;land;false;mountain;2
4508;209;213;160;land;false;forest;4
4509;229;231;149;land;true;plains;5
4510;198;214;239;land;false;plains;3
4511;144;158;219;land;false;mountain;1
4512;192;231;212;land;false;jungle;7
4513;62;231;218;land;true;hills;1
4514;247;139;162;land;false;plains;7
4515;218;113;238;land;true;plains;4
4516;204;225;118;land;false;mountain;2
4517;228;246;64;land;false;plains;3
4518;165;193;179;land;true;plains;2
4519;220;157;223;land;true;plains;1
4520;210;77;226;land;false;plains;8
4521;228;166;179;land;false;jungle;9
4522;186;229;122;land;false;mountain;1
4523;229;152;231;land;false;hills;8
4524;156;177;177;land;false;marsh;1
4525;70;232;240;land;false;plains;1
4526;234;154;245;land;false;forest;8
4527;116;248;174;land;false;desert;3
4528;243;249;232;land;false;hills;1
4529;242;102;216;land;false;hills;5
4530;233;87;193;land;false;hills;7
4531;54;203;249;land;false;plains;3
4532;174;237;160;land;false;plains;4
4533;183;144;236;land;true;plains;7
4534;221;249;43;land;true;plains;7
4535;240;48;215;land;false;mountain;7
4536;244;88;187;land;false;desert;2
4537;164;245;248;land;false;plains;1
4538;253;120;165;land;true;plains;7
4539;194;231;161;land;false;desert;3
4540;217;222;155;land;false;hills;4
4541;240;34;239;land;false;forest;8
4542;242;189;156;land;false;mountain;7
4543;156;182;216;land;false;plains;3
4544;154;187;198;land;false;hills;1
4545;208;218;207;land;false;plains;1
4546;253;116;216;land;true;plains;7
4547;243;182;111;land;true;forest;7
4548;219;43;239;land;false;plains;1
4549;174;160;218;land;false;forest;7
4550;207;100;220;land;false;mountain;2
4551;254;205;151;land;true;desert;1
4552;238;126;250;land;false;forest;7
4553;213;113;220;land;true;plains;7
4554;188;232;165;land;false;plains;3
4555;253;128;135;land;true;marsh;5
4556;210;191;242;land;false;mountain;4
4557;235;232;121;land;true;plains;7
4558;131;247;139;land;false;plains;5
4559;247;189;177;land;true;hills;9
4560;230;212;110;land;false;forest;3
4561;139;228;209;land;false;plains;3
4562;199;149;182;land;false;plains;4
4563;172;156;189;land;false;marsh;1
4564;118;233;163;land;false;plains;2
4565;163;216;151;land;false;hills;8
4566;216;216;105;land;false;forest;4
4567;231;177;134;land;false;forest;7
4568;213;85;213;land;true;urban;7
4569;181;207;238;land;false;forest;3
4570;213;136;253;land;false;desert;2
4571;207;222;135;land;true;plains;12
4572;144;163;215;land;true;forest;7
4573;178;116;251;land;false;desert;2
4574;170;204;248;land;false;mountain;2
4575;203;217;126;land;false;plains;8
4576;245;194;67;land;false;forest;10
4577;236;90;185;land;true;plains;3
4578;220;222;152;land;false;desert;1
4579;249;218;225;land;false;hills;7
4580;128;181;195;land;false;mountain;3
4581;242;190;78;land;false;desert;2
4582;198;114;238;land;false;mountain;2
4583;213;217;118;land;false;plains;7
4584;229;129;151;land;true;mountain;1
4585;123;225;175;land;false;hills;1
4586;178;237;152;land;false;mountain;7
4587;248;165;90;land;false;plains;10
4588;197;222;157;land;false;forest;8
4589;238;105;161;land;false;forest;10
4590;205;174;238;land;false;forest;7
4591;232;68;238;land;false;forest;1
4592;240;227;138;land;true;plains;1
4593;174;156;243;land;false;plains;7
4594;170;237;106;land;false;mountain;3
4595;237;108;221;land;true;marsh;2
4596;121;215;217;land;false;frozen;11
4597;235;60;247;land;true;plains;9
4598;137;206;174;land;false;forest;7
4599;167;223;118;land;false;plains;7
4600;234;122;158;land;true;urban;1
4601;210;95;241;land;false;forest;4
4602;227;222;187;land;false;hills;8
4603;159;239;163;land;false;hills;7
4604;194;103;231;land;false;plains;1
4605;246;203;121;land;true;hills;1
4606;205;98;218;land;true;plains;7
4607;217;168;154;land;true;forest;7
4608;223;240;233;land;false;forest;7
4609;155;203;233;land;false;hills;1
4610;220;164;146;land;true;forest;7
4611;224;95;193;land;false;hills;7
4612;107;251;182;land;false;forest;4
4613;251;254;192;land;true;plains;1
4614;143;168;219;land;true;jungle;2
4615;137;175;235;land;false;hills;5
4616;152;215;202;land;false;marsh;4
4617;215;160;209;land;true;desert;2
4618;253;174;225;land;false;plains;7
4619;135;245;241;land;false;plains;3
4620;212;155;144;land;false;plains;3
4621;236;103;239;land;true;jungle;7
4622;246;215;191;land;false;plains;1
4623;209;132;180;land;false;plains;4
4624;177;189;233;land;false;plains;3
4625;138;198;172;land;false;hills;7
4626;136;127;247;land;false;desert;7
4627;184;248;215;land;false;hills;8
4628;155;172;194;land;false;hills;7
4629;209;184;117;land;false;plains;4
4630;223;152;170;land;false;plains;5
4631;230;155;198;land;false;forest;1
4632;172;225;148;land;false;mountain;7
4633;113;247;234;land;false;urban;8
4634;238;132;252;land;false;mountain;7
4635;115;247;148;land;false;mountain;8
4636;225;172;229;land;false;hills;8
4637;173;218;126;land;false;plains;1
4638;220;251;140;land;false;mountain;1
4639;205;164;188;land;true;mountain;10
4640;243;59;225;land;false;mountain;12
4641;247;121;171;land;false;plains;7
4642;243;129;151;land;false;plains;3
4643;211;177;225;land;true;frozen;12
4644;242;250;18;land;false;hills;7
4645;178;200;124;land;false;mountain;1
4646;203;180;194;land;false;plains;7
4647;185;140;231;land;false;forest;8
4648;253;221;175;land;true;plains;4
4649;217;210;84;land;true;plains;4
4650;232;165;216;land;false;plains;1
4651;220;189;178;land;false;forest;8
4652;161;239;191;land;false;hills;7
4653;200;181;136;land;false;hills;7
4654;173;129;238;land;true;hills;1
4655;219;233;66;land;false;mountain;2
4656;175;219;189;land;false;marsh;1
4657;219;142;189;land;false;plains;8
4658;178;157;195;land;false;desert;7
4659;221;177;131;land;false;hills;8
4660;134;138;248;land;false;hills;1
4661;203;235;80;land;false;hills;4
4662;183;162;186;land;false;hills;5
4663;195;158;220;land;true;plains;1
4664;165;128;241;land;false;plains;7
4665;206;88;219;land;false;mountain;1
4666;175;156;175;land;false;desert;2
4667;130;153;225;land;true;hills;4
4668;155;235;125;land;false;plains;2
4669;207;139;193;land;false;plains;1
4670;212;126;218;land;false;plains;3
4671;246;106;227;land;false;hills;4
4672;212;241;76;land;false;forest;7
4673;90;221;225;land;true;mountain;1
4674;146;161;195;land;true;plains;5
4675;166;116;240;land;false;desert;7
4676;95;247;231;land;false;mountain;1
4677;190;229;245;land;false;forest;7
4678;152;170;214;land;false;plains;7
4679;249;126;181;land;false;marsh;2
4680;214;247;245;land;false;plains;1
4681;162;224;167;land;false;forest;1
4682;76;246;215;land;true;plains;7
4683;139;250;245;land;false;plains;2
4684;203;107;204;land;true;forest;7
4685;156;197;215;land;true;plains;4
4686;129;245;251;land;false;jungle;9
4687;187;178;212;land;true;plains;9
4688;171;122;243;land;false;desert;1
4689;219;165;184;land;false;plains;4
4690;165;184;236;land;true;plains;8
4691;86;242;233;land;false;hills;8
4692;172;241;146;land;false;plains;4
4693;238;234;140;land;false;plains;4
4694;202;251;191;land;true;jungle;7
4695;225;230;64;land;false;mountain;1
4696;202;85;251;land;false;urban;7
4697;151;180;201;land;false;plains;3
4698;220;213;227;land;false;plains;2
4699;253;181;104;land;true;hills;1
4700;163;186;164;land;false;mountain;1
4701;139;181;198;land;false;hills;8
4702;228;166;161;land;false;forest;7
4703;139;186;178;land;false;plains;7
4704;215;226;89;land;false;desert;3
4705;156;244;136;land;false;hills;1
4706;245;227;166;land;false;forest;5
4707;253;177;93;land;false;marsh;7
4708;237;106;212;land;true;mountain;10
4709;192;189;128;land;false;forest;8
4710;209;197;145;land;false;hills;7
4711;159;254;89;land;false;hills;3
4712;59;223;228;land;true;hills;7
4713;133;210;200;land;false;marsh;2
4714;76;206;248;land;false;mountain;7
4715;75;179;251;land;false;forest;7
4716;237;149;157;land;false;hills;2
4717;126;197;205;land;false;forest;3
4718;169;239;200;land;false;marsh;4
4719;228;187;185;land;false;plains;3
4720;105;212;184;land;true;plains;1
4721;141;254;207;land;false;plains;7
4722;122;230;223;land;false;plains;7
4723;226;85;241;land;false;plains;1
4724;209;146;161;land;true;hills;1
4725;179;179;246;land;false;forest;9
4726;182;241;146;land;false;urban;1
4727;160;184;204;land;false;hills;8
4728;140;254;221;land;false;urban;1
4729;145;193;184;land;false;forest;7
4730;238;151;168;land;false;desert;3
4731;241;181;81;land;false;desert;7
4732;220;163;141;land;false;plains;8
4733;204;220;81;land;false;forest;2
4734;184;105;226;land;false;plains;7
4735;182;121;226;land;false;plains;7
4736;243;207;204;land;false;plains;8
4737;243;131;217;land;false;volcanic;2
4738;84;214;248;land;false;plains;7
4739;250;170;83;land;false;forest;1
4740;165;151;201;land;true;plains;7
4741;233;245;124;land;true;plains;1
4742;222;87;250;land;false;plains;7
4743;184;158;177;land;true;hills;1
4744;102;228;239;land;false;mountain;10
4745;241;147;150;land;false;forest;7
4746;228;69;250;lake;false;lakes;3
4747;185;236;149;land;false;hills;7
4748;117;232;253;land;true;urban;1
4749;225;167;222;land;false;desert;2
4750;236;179;152;land;false;mountain;7
4751;181;117;217;land;false;plains;1
4752;243;242;36;land;false;plains;3
4753;248;144;183;land;false;forest;7
4754;223;219;97;land;false;plains;7
4755;228;236;158;land;false;mountain;2
4756;189;194;133;land;false;plains;2
4757;234;196;206;land;false;mountain;2
4758;246;249;140;land;false;hills;7
4759;143;203;160;land;false;mountain;9
4760;194;236;216;land;false;plains;5
4761;238;162;206;land;false;hills;3
4762;229;40;254;land;false;plains;3
4763;175;167;169;land;false;forest;3
4764;185;161;225;land;false;marsh;1
4765;204;128;241;land;false;mountain;4
4766;111;242;232;land;false;hills;3
4767;203;236;228;land;false;hills;7
4768;225;111;243;land;false;plains;3
4769;133;250;202;land;false;plains;7
4770;154;245;166;land;false;plains;7
4771;69;254;229;land;false;plains;1
4772;219;173;175;land;false;forest;7
4773;156;158;249;land;false;plains;3
4774;233;221;91;land;false;plains;3
4775;248;172;152;land;false;plains;7
4776;162;170;213;land;false;plains;9
4777;223;136;200;land;false;forest;7
4778;144;161;214;land;false;plains;5
4779;179;239;174;land;false;desert;2
4780;211;243;54;land;false;desert;2
4781;199;195;116;land;false;hills;8
4782;169;99;248;land;false;hills;3
4783;254;47;245;land;false;mountain;4
4784;201;252;172;land;false;plains;7
4785;236;170;95;land;true;plains;7
4786;213;161;144;land;true;plains;7
4787;232;70;247;land;false;plains;2
4788;219;133;188;land;false;plains;2
4789;93;247;211;land;false;plains;5
4790;181;249;170;land;false;plains;2
4791;235;49;248;land;false;desert;2
4792;190;217;125;land;false;plains;8
4793;220;131;165;land;false;hills;1
4794;210;155;200;land;false;mountain;1
4795;252;138;155;land;true;plains;3
4796;173;237;236;land;false;forest;2
4797;73;252;199;land;true;forest;7
4798;238;104;254;land;true;plains;7
4799;192;202;109;land;false;mountain;8
4800;233;191;109;land;false;plains;3
4801;117;224;238;land;false;hills;5
4802;105;200;212;land;false;hills;8
4803;254;212;151;land;false;plains;2
4804;78;230;206;land;false;hills;8
4805;167;254;197;land;false;desert;2
4806;178;235;187;land;false;desert;2
4807;166;185;163;land;false;plains;1
4808;166;198;192;land;false;plains;3
4809;158;133;213;land;false;mountain;5
4810;236;123;231;land;false;plains;7
4811;168;240;220;land;true;hills;1
4812;186;176;201;land;false;desert;2
4813;174;213;170;land;false;mountain;5
4814;223;52;249;land;false;desert;2
4815;208;190;113;land;false;mountain;3
4816;233;114;222;land;false;hills;1
4817;117;207;220;land;false;hills;8
4818;157;231;213;land;false;plains;2
4819;52;242;235;land;false;mountain;1
4820;66;218;241;land;false;plains;2
4821;235;221;189;land;false;mountain;1
4822;198;232;116;land;false;plains;8
4823;161;245;105;land;false;hills;5
4824;249;254;75;land;true;mountain;1
4825;233;103;171;land;false;jungle;1
4826;205;210;185;land;false;hills;1
4827;108;214;194;land;false;mountain;3
4828;200;200;230;land;false;plains;1
4829;149;168;188;land;false;mountain;1
4830;196;82;232;land;false;plains;1
4831;61;219;240;land;false;urban;3
4832;224;240;68;land;false;plains;7
4833;117;236;247;land;false;marsh;1
4834;239;216;138;land;false;jungle;8
4835;230;182;119;land;true;forest;9
4836;212;150;170;land;false;plains;7
4837;184;156;166;land;false;forest;3
4838;209;228;110;land;false;plains;3
4839;231;196;139;land;false;plains;1
4840;186;224;107;land;false;plains;7
4841;246;234;69;land;false;plains;1
4842;226;202;157;land;false;plains;7
4843;214;127;228;land;false;plains;8
4844;206;209;254;land;false;mountain;7
4845;232;198;149;land;false;mountain;12
4846;126;206;222;land;false;plains;3
4847;184;153;244;land;false;marsh;2
4848;168;240;250;land;false;plains;1
4849;203;199;107;land;false;forest;9
4850;202;227;225;land;false;hills;2
4851;146;251;168;land;true;mountain;1
4852;248;217;106;land;false;forest;7
4853;231;169;142;land;false;plains;7
4854;152;237;251;land;true;urban;1
4855;233;161;211;land;false;hills;7
4856;131;192;240;land;false;mountain;12
4857;116;182;223;land;false;desert;2
4858;186;240;160;land;false;forest;1
4859;224;239;246;land;true;mountain;10
4860;239;243;32;land;false;forest;8
4861;202;231;189;land;false;hills;7
4862;219;245;79;land;false;desert;1
4863;247;240;50;land;false;forest;2
4864;160;124;229;land;false;plains;3
4865;234;184;124;land;false;forest;8
4866;170;128;237;land;false;hills;7
4867;91;182;251;land;false;plains;4
4868;106;236;235;land;false;forest;5
4869;148;203;190;land;true;marsh;1
4870;195;225;99;land;false;plains;3
4871;227;196;151;land;false;plains;8
4872;229;218;226;land;false;jungle;7
4873;159;190;160;land;false;plains;1
4874;231;68;211;land;true;plains;7
4875;226;210;67;land;false;hills;1
4876;210;210;121;land;false;forest;2
4877;246;66;192;land;false;plains;2
4878;209;249;101;land;false;forest;1
4879;144;202;252;land;true;plains;1
4880;126;250;144;land;false;marsh;2
4881;147;216;238;land;false;desert;2
4882;245;199;212;land;false;plains;8
4883;248;148;190;land;false;hills;5
4884;178;195;199;land;false;hills;8
4885;204;91;250;land;false;salt;2
4886;161;209;222;land;false;desert;3
4887;210;99;195;land;false;hills;7
4888;146;224;173;land;true;plains;5
4889;246;213;167;land;true;hills;2
4890;162;157;222;land;true;plains;1
4891;234;251;192;land;false;jungle;7
4892;88;183;243;land;false;plains;1
4893;93;185;247;land;true;plains;2
4894;103;163;252;land;false;forest;2
4895;240;181;236;land;false;urban;1
4896;191;252;202;land;false;plains;10
4897;213;239;188;land;false;hills;8
4898;252;16;242;land;false;hills;7
4899;244;110;168;land;true;hills;10
4900;219;228;88;land;false;desert;8
4901;244;34;233;land;true;hills;1
4902;218;70;216;land;false;mountain;9
4903;172;145;186;land;false;forest;10
4904;187;227;253;land;false;mountain;7
4905;222;246;246;land;false;hills;1
4906;254;34;221;land;false;hills;4
4907;212;166;254;land;false;plains;5
4908;223;192;153;land;true;jungle;7
4909;164;235;251;land;false;plains;3
4910;217;156;219;land;false;desert;7
4911;204;70;251;land;false;plains;2
4912;139;226;138;land;false;marsh;2
4913;139;217;192;land;false;hills;1
4914;183;188;220;land;false;plains;1
4915;248;244;139;land;false;hills;7
4916;155;241;128;land;false;marsh;5
4917;237;174;93;land;true;hills;1
4918;132;188;240;land;false;hills;3
4919;247;165;220;land;true;plains;8
4920;252;240;135;land;false;hills;2
4921;221;59;234;land;false;mountain;12
4922;112;177;213;land;false;plains;1
4923;242;183;203;land;true;forest;7
4924;198;102;224;land;true;forest;3
4925;213;185;214;land;false;mountain;9
4926;213;175;171;land;false;hills;7
4927;247;191;227;land;false;plains;2
4928;212;161;239;land;false;jungle;1
4929;236;236;237;land;true;marsh;5
4930;237;188;155;land;false;mountain;1
4931;244;116;208;land;false;plains;3
4932;214;113;232;land;true;plains;2
4933;202;254;97;land;true;forest;1
4934;117;184;216;land;false;forest;2
4935;223;151;190;land;false;mountain;7
4936;214;110;241;land;false;hills;7
4937;197;174;167;land;true;plains;5
4938;181;237;152;land;false;desert;2
4939;226;141;174;land;false;mountain;11
4940;150;241;172;land;false;plains;8
4941;237;244;126;land;true;plains;10
4942;190;70;243;land;true;urban;5
4943;63;22;55;sea;true;water_shallow_sea;0
4944;170;151;224;land;false;mountain;1
4945;146;193;209;land;true;plains;8
4946;233;166;203;land;true;forest;5
4947;249;114;254;land;false;mountain;4
4948;149;184;228;land;false;mountain;1
4949;250;243;197;land;false;hills;1
4950;125;238;247;land;false;desert;2
4951;251;223;207;land;false;forest;1
4952;94;239;222;land;false;plains;8
4953;184;176;234;land;false;plains;2
4954;83;225;201;land;false;jungle;7
4955;179;221;119;land;true;plains;1
4956;237;164;212;land;false;hills;7
4957;187;144;238;land;false;mountain;8
4958;240;192;137;land;true;desert;7
4959;163;220;176;land;false;hills;7
4960;75;196;245;land;false;forest;1
4961;30;53;29;sea;true;ocean;0
4962;247;198;120;land;true;urban;1
4963;168;204;182;land;false;forest;5
4964;221;172;219;land;true;plains;3
4965;170;102;239;land;false;mountain;7
4966;243;216;128;land;false;desert;3
4967;210;194;248;land;false;forest;2
4968;221;184;154;land;false;marsh;4
4969;242;114;177;land;true;hills;1
4970;174;236;114;land;true;urban;1
4971;253;251;113;land;true;hills;8
4972;251;193;83;land;false;hills;7
4973;228;121;166;land;true;plains;4
4974;141;237;233;land;false;hills;7
4975;76;221;232;land;false;plains;3
4976;81;168;252;land;false;plains;4
4977;133;235;187;land;false;desert;2
4978;216;199;163;land;false;hills;3
4979;213;220;142;land;false;hills;7
4980;121;237;249;land;false;plains;8
4981;179;206;157;land;false;mountain;2
4982;194;232;190;land;true;plains;7
4983;192;246;72;land;true;hills;1
4984;174;201;139;land;true;jungle;1
4985;119;232;227;land;false;mountain;7
4986;140;231;150;land;false;jungle;4
4987;223;141;247;land;false;plains;4
4988;239;234;225;land;false;mountain;2
4989;239;241;35;land;false;forest;1
4990;215;145;219;land;false;mountain;10
4991;241;212;202;land;true;forest;5
4992;117;226;217;land;false;hills;3
4993;172;206;231;land;false;forest;8
4994;248;164;216;land;false;urban;1
4995;234;158;140;land;false;forest;7
4996;227;253;246;land;false;plains;1
4997;173;254;239;land;false;mountain;2
4998;248;124;227;land;false;marsh;2
4999;75;220;234;land;false;forest;8
5000;247;195;224;land;true;hills;3
5001;201;143;254;land;false;hills;1
5002;183;248;132;land;false;plains;4
5003;219;233;220;land;false;mountain;7
5004;231;164;206;land;false;plains;7
5005;141;169;233;land;false;mountain;7
5006;247;249;188;land;false;desert;3
5007;253;166;208;land;false;forest;9
5008;165;132;233;land;true;plains;7
5009;206;241;87;land;false;marsh;1
5010;150;149;226;land;false;forest;9
5011;219;135;150;land;false;desert;2
5012;236;198;111;land;false;hills;1
5013;249;246;133;land;false;plains;4
5014;207;184;242;land;false;plains;3
5015;242;117;160;land;true;plains;1
5016;249;219;40;land;false;plains;1
5017;241;222;121;land;true;urban;2
5018;146;245;213;land;false;mountain;2
5019;194;252;244;land;false;forest;8
5020;191;217;167;land;false;forest;7
5021;121;235;172;land;false;plains;2
5022;240;158;200;land;false;jungle;9
5023;240;206;173;land;false;hills;7
5024;196;175;175;land;false;forest;8
5025;157;237;111;land;true;forest;8
5026;180;232;248;land;true;plains;7
5027;123;208;250;land;false;hills;4
5028;119;226;175;land;false;plains;8
5029;114;230;200;land;true;plains;10
5030;152;251;143;land;false;plains;10
5031;234;112;158;land;false;forest;7
5032;251;112;142;land;false;hills;1
5033;155;174;178;land;false;forest;7
5034;179;253;114;land;false;mountain;1
5035;223;128;211;land;false;hills;7
5036;208;167;222;land;false;forest;7
5037;226;242;205;land;false;hills;8
5038;204;162;147;land;false;plains;3
5039;242;107;194;land;false;marsh;4
5040;96;248;200;land;false;hills;4
5041;189;245;204;land;true;jungle;4
5042;201;213;202;land;true;urban;1
5043;170;159;184;land;false;plains;5
5044;161;179;197;land;true;jungle;9
5045;172;159;177;land;false;forest;1
5046;232;41;239;land;false;hills;1
5047;163;252;211;land;false;plains;8
5048;254;117;143;land;false;forest;7
5049;163;154;192;land;false;hills;3
5050;167;231;223;land;false;forest;2
5051;172;170;236;land;true;plains;10
5052;243;106;219;land;false;mountain;8
5053;109;218;190;land;false;plains;3
5054;159;176;232;land;false;plains;3
5055;200;186;129;land;false;plains;3
5056;234;145;179;land;false;hills;7
5057;231;232;119;land;false;volcanic;8
5058;251;225;243;land;false;desert;2
5059;226;132;238;land;true;plains;5
5060;218;252;218;land;false;plains;7
5061;215;102;215;land;false;hills;8
5062;230;208;120;land;false;hills;7
5063;218;203;81;land;false;mountain;2
5064;224;113;235;land;false;plains;8
5065;234;168;244;land;false;marsh;2
5066;176;203;207;land;false;hills;8
5067;194;79;241;land;false;hills;3
5068;215;101;220;land;false;urban;1
5069;184;237;240;land;false;desert;8
5070;237;160;162;land;false;forest;7
5071;236;111;181;land;true;urban;7
5072;220;48;239;land;false;mountain;1
5073;218;198;210;land;false;desert;1
5074;27;249;233;land;false;desert;8
5075;110;225;202;land;true;mountain;4
5076;179;171;225;land;false;plains;3
5077;123;137;242;land;true;urban;1
5078;45;253;203;land;false;plains;1
5079;237;199;159;land;false;mountain;7
5080;240;237;48;land;false;desert;7
5081;169;158;189;land;false;plains;7
5082;227;144;206;land;false;jungle;1
5083;192;137;176;land;false;hills;1
5084;184;129;190;land;false;hills;7
5085;220;181;105;land;false;plains;1
5086;189;191;191;land;false;plains;7
5087;208;218;194;land;false;hills;1
5088;243;143;138;land;false;mountain;1
5089;248;175;239;land;false;mountain;1
5090;222;219;142;land;false;hills;1
5091;201;239;195;land;false;plains;7
5092;152;254;225;land;false;plains;1
5093;244;50;245;land;false;forest;3
5094;205;209;170;land;true;plains;3
5095;144;229;199;land;true;plains;7
5096;205;246;191;land;false;plains;2
5097;230;203;140;land;false;desert;8
5098;196;152;166;land;false;plains;3
5099;241;228;95;land;false;hills;1
5100;231;223;108;land;false;forest;8
5101;23;231;253;land;false;plains;8
5102;253;97;226;land;false;plains;7
5103;203;222;79;land;false;plains;7
5104;218;176;159;land;true;plains;8
5105;128;196;219;land;true;urban;1
5106;245;211;188;land;false;forest;7
5107;239;210;202;land;false;mountain;7
5108;162;207;226;land;false;hills;7
5109;233;188;209;land;false;forest;5
5110;231;199;254;land;false;mountain;7
5111;220;220;96;land;false;plains;2
5112;62;222;251;land;false;desert;3
5113;195;161;165;land;false;plains;1
5114;200;244;183;land;false;hills;3
5115;186;226;101;land;false;plains;1
5116;167;153;210;land;false;mountain;7
5117;239;214;60;land;false;plains;7
5118;151;218;154;land;false;plains;4
5119;148;234;156;land;false;forest;1
5120;138;203;197;land;false;plains;4
5121;252;168;184;land;false;plains;3
5122;231;184;115;land;true;bridge;4
5123;237;206;59;land;false;forest;1
5124;194;103;236;land;false;volcanic;8
5125;86;210;245;land;true;plains;7
5126;97;202;202;land;false;mountain;8
5127;254;130;159;land;true;plains;1
5128;170;141;248;land;true;plains;7
5129;236;174;178;land;false;plains;3
5130;249;79;222;land;false;mountain;4
5131;75;236;241;land;true;plains;8
5132;126;236;192;land;false;plains;7
5133;132;207;186;land;false;forest;7
5134;48;246;235;land;true;hills;7
5135;189;239;247;land;true;plains;7
5136;205;166;169;land;false;hills;1
5137;154;179;216;land;false;mountain;8
5138;194;229;188;land;false;desert;2
5139;245;190;71;land;false;plains;1
5140;254;167;169;land;false;desert;7
5141;215;210;173;land;false;plains;8
5142;193;249;87;land;false;urban;10
5143;225;225;218;land;false;mountain;12
5144;159;188;217;land;false;plains;4
5145;132;201;202;land;false;hills;8
5146;248;201;80;land;false;plains;3
5147;204;185;173;land;true;plains;1
5148;234;254;29;land;false;mountain;1
5149;237;205;218;land;false;plains;7
5150;223;190;206;land;false;forest;9
5151;106;203;236;land;false;plains;1
5152;242;116;227;land;false;plains;2
5153;254;125;204;land;false;forest;1
5154;151;254;149;land;false;hills;8
5155;133;238;189;land;false;plains;2
5156;94;230;178;land;true;mountain;7
5157;186;126;218;land;false;plains;7
5158;249;76;213;land;false;plains;7
5159;206;151;249;land;false;plains;7
5160;203;154;187;land;false;plains;7
5161;93;197;222;land;false;desert;2
5162;250;97;213;land;true;plains;8
5163;247;97;211;land;true;plains;10
5164;198;200;196;land;false;urban;1
5165;238;218;170;land;true;hills;2
5166;217;131;235;land;false;plains;1
5167;241;215;113;land;false;plains;7
5168;242;208;124;land;false;mountain;1
5169;224;220;116;land;true;hills;2
5170;87;233;227;land;false;hills;4
5171;183;119;225;land;false;desert;1
5172;225;172;253;land;false;hills;7
5173;212;250;248;land;true;plains;3
5174;253;106;160;land;false;forest;2
5175;177;173;224;land;false;plains;2
5176;155;235;182;land;false;hills;7
5177;217;46;244;land;false;urban;2
5178;94;244;207;land;false;plains;1
5179;144;115;249;land;false;plains;8
5180;71;231;245;land;false;plains;2
5181;125;200;204;land;false;plains;3
5182;247;164;199;land;false;plains;3
5183;133;237;236;land;false;mountain;7
5184;191;187;191;land;false;marsh;2
5185;207;118;234;land;false;plains;7
5186;183;226;124;land;false;marsh;2
5187;182;163;162;land;true;frozen;11
5188;108;237;236;land;false;plains;3
5189;137;206;239;land;true;plains;8
5190;154;228;163;land;false;plains;3
5191;193;187;201;land;false;mountain;10
5192;236;93;233;land;false;hills;1
5193;175;158;193;land;false;desert;8
5194;244;246;196;land;false;forest;5
5195;243;213;84;land;false;plains;8
5196;236;198;95;land;false;plains;3
5197;118;195;252;land;false;plains;8
5198;147;219;210;land;false;plains;3
5199;247;80;199;land;false;plains;7
5200;227;223;101;land;true;plains;5
5201;128;220;184;land;false;mountain;1
5202;213;184;165;land;false;plains;1
5203;65;232;250;land;false;plains;8
5204;254;178;76;land;false;mountain;7
5205;227;253;214;land;false;forest;7
5206;224;115;196;land;false;plains;3
5207;244;231;248;land;false;plains;3
5208;231;233;221;land;true;plains;1
5209;238;221;248;land;true;plains;7
5210;120;243;174;land;false;plains;8
5211;167;144;232;land;false;desert;2
5212;241;56;235;land;false;jungle;2
5213;198;247;197;land;false;hills;8
5214;239;213;181;land;false;hills;1
5215;185;229;110;land;false;plains;8
5216;123;233;159;land;false;volcanic;8
5217;160;215;182;land;false;jungle;2
5218;145;157;207;land;false;hills;1
5219;249;25;243;land;false;plains;2
5220;173;202;243;land;false;desert;7
5221;244;241;252;land;false;hills;1
5222;251;160;251;land;true;plains;3
5223;199;209;151;land;false;plains;1
5224;125;212;227;land;true;mountain;7
5225;126;189;215;land;false;hills;1
5226;237;192;153;land;false;forest;7
5227;184;143;188;land;false;marsh;2
5228;209;71;247;land;false;plains;1
5229;81;189;253;land;false;plains;8
5230;223;218;236;land;false;plains;1
5231;126;165;242;land;false;hills;8
5232;212;229;147;land;false;marsh;7
5233;182;156;216;land;false;plains;2
5234;216;250;144;land;true;frozen;12
5235;164;182;170;land;false;forest;2
5236;227;252;91;land;false;urban;5
5237;98;166;239;land;false;jungle;9
5238;184;239;195;land;false;plains;8
5239;191;196;182;land;true;urban;7
5240;229;222;99;land;false;mountain;7
5241;254;241;16;land;false;desert;2
5242;247;174;138;land;false;hills;1
5243;60;250;195;land;false;plains;7
5244;166;162;238;land;false;plains;1
5245;211;120;173;land;false;mountain;2
5246;233;186;205;land;false;mountain;8
5247;195;205;180;land;false;urban;1
5248;180;253;85;land;false;forest;5
5249;224;235;107;land;false;desert;2
5250;141;224;136;land;false;hills;7
5251;126;250;156;land;false;hills;1
5252;245;246;230;land;true;forest;1
5253;238;207;187;land;true;forest;7
5254;201;225;139;land;true;plains;8
5255;220;59;250;land;false;plains;7
5256;241;212;149;land;false;hills;1
5257;228;230;99;land;false;forest;8
5258;213;145;222;land;true;desert;7
5259;178;201;213;land;false;plains;3
5260;196;139;240;land;false;plains;2
5261;110;252;238;land;false;desert;2
5262;181;244;120;land;false;hills;7
5263;183;219;237;land;false;hills;8
5264;200;250;58;land;false;hills;3
5265;162;179;177;land;false;forest;7
5266;195;91;253;land;false;plains;1
5267;177;168;230;land;false;urban;8
5268;229;242;120;land;true;urban;5
5269;158;245;163;land;false;mountain;1
5270;250;181;103;land;false;desert;1
5271;205;166;215;land;false;plains;8
5272;93;236;181;land;false;plains;4
5273;221;243;44;land;false;plains;3
5274;182;112;221;land;false;plains;7
5275;239;204;109;land;false;jungle;9
5276;139;237;149;land;false;forest;8
5277;220;165;167;land;false;plains;1
5278;250;215;100;land;true;plains;1
5279;194;176;225;land;false;jungle;9
5280;203;97;215;land;false;plains;7
5281;141;242;222;land;false;jungle;9
5282;233;188;130;land;false;desert;2
5283;241;221;194;land;true;forest;7
5284;110;238;158;land;false;mountain;1
5285;241;227;73;land;false;plains;8
5286;223;109;248;land;false;mountain;7
5287;253;240;80;land;false;forest;7
5288;210;222;78;land;false;forest;3
5289;194;104;249;land;true;urban;1
5290;188;235;217;land;false;mountain;7
5291;239;147;251;land;false;plains;2
5292;177;242;192;land;false;hills;8
5293;224;179;238;land;false;plains;3
5294;196;208;225;land;false;hills;2
5295;150;184;240;land;false;mountain;3
5296;201;193;161;land;false;plains;2
5297;216;234;75;land;false;forest;4
5298;201;218;102;land;false;mountain;1
5299;204;157;232;land;false;desert;8
5300;58;198;247;land;false;hills;5
5301;237;245;155;land;false;hills;1
5302;201;223;103;land;false;plains;7
5303;232;169;143;land;false;desert;2
5304;216;207;236;land;false;mountain;12
5305;167;164;185;land;false;forest;7
5306;252;247;253;land;false;plains;5
5307;230;226;239;land;true;marsh;2
5308;210;131;205;land;false;plains;7
5309;238;104;166;land;false;hills;2
5310;198;225;150;land;false;frozen;11
5311;164;236;168;land;false;forest;7
5312;215;155;209;land;false;plains;3
5313;214;225;87;land;true;mountain;1
5314;102;254;218;land;false;plains;3
5315;224;56;225;land;false;hills;2
5316;194;238;237;land;false;mountain;7
5317;235;207;63;land;false;plains;7
5318;225;146;176;land;true;plains;2
5319;151;225;205;land;false;hills;7
5320;207;206;211;land;true;hills;1
5321;212;227;170;land;false;hills;1
5322;176;180;153;land;false;hills;7
5323;189;207;167;land;true;plains;12
5324;219;247;109;land;false;plains;1
5325;222;212;163;land;false;plains;7
5326;159;206;170;land;false;mountain;7
5327;150;219;159;land;false;plains;3
5328;120;243;200;land;false;plains;5
5329;56;229;251;land;false;plains;3
5330;211;155;229;land;false;plains;1
5331;253;218;226;land;false;plains;2
5332;41;242;245;land;false;jungle;9
5333;231;240;62;land;false;plains;1
5334;190;228;188;land;false;mountain;5
5335;162;188;165;land;false;plains;8
5336;206;248;103;land;true;marsh;2
5337;160;140;253;land;false;desert;7
5338;165;178;226;land;false;forest;7
5339;234;60;213;land;false;forest;7
5340;193;243;115;land;false;plains;1
5341;201;242;189;land;false;hills;7
5342;151;247;159;land;false;forest;3
5343;146;219;167;land;false;plains;7
5344;229;216;134;land;false;plains;7
5345;220;72;233;land;false;plains;4
5346;221;231;97;land;true;plains;7
5347;226;143;235;land;false;forest;3
5348;160;153;239;land;false;forest;7
5349;78;251;178;land;true;plains;9
5350;86;252;216;land;false;mountain;4
5351;254;47;211;land;false;plains;3
5352;233;244;158;land;false;forest;1
5353;219;220;208;land;false;mountain;7
5354;214;230;129;land;false;desert;2
5355;235;222;235;land;false;mountain;2
5356;192;151;249;land;false;forest;8
5357;208;186;125;land;false;hills;7
5358;211;206;152;land;false;plains;1
5359;181;253;221;land;true;jungle;9
5360;57;223;250;land;false;mountain;1
5361;238;231;92;land;true;hills;1
5362;205;109;199;land;false;plains;1
5363;204;239;185;land;false;plains;2
5364;160;233;119;land;false;plains;3
5365;208;252;214;land;true;plains;7
5366;137;228;215;land;false;hills;8
5367;206;168;184;land;false;hills;4
5368;207;217;232;land;false;hills;8
5369;232;203;102;land;false;volcanic;7
5370;247;212;74;land;false;plains;7
5371;245;83;212;land;false;desert;2
5372;227;248;111;land;false;forest;8
5373;230;225;203;land;false;forest;4
5374;212;240;218;land;false;hills;1
5375;223;164;228;land;false;marsh;2
5376;171;249;126;land;true;forest;8
5377;229;137;253;land;false;hills;3
5378;193;249;100;land;false;plains;2
5379;223;231;181;land;false;mountain;7
5380;235;172;153;land;false;plains;1
5381;211;114;225;land;false;hills;8
5382;163;213;254;land;false;hills;7
5383;220;141;202;land;false;mountain;3
5384;150;208;211;land;false;plains;7
5385;225;182;109;land;false;plains;7
5386;197;143;251;land;true;hills;1
5387;154;191;253;land;false;marsh;1
5388;254;225;31;land;false;desert;2
5389;167;116;234;land;false;plains;7
5390;229;65;230;land;false;plains;2
5391;94;245;220;land;false;marsh;2
5392;192;121;241;land;false;plains;4
5393;248;51;228;land;false;desert;2
5394;53;202;253;land;false;plains;3
5395;228;49;250;land;false;desert;8
5396;182;125;204;land;false;mountain;1
5397;166;245;150;land;false;marsh;2
5398;123;243;227;land;false;plains;1
5399;124;235;183;land;false;plains;3
5400;253;151;182;land;false;forest;3
5401;177;175;169;land;false;plains;8
5402;106;224;221;land;true;mountain;10
5403;229;89;251;land;false;plains;3
5404;94;223;218;land;false;urban;7
5405;235;177;100;land;false;plains;1
5406;73;248;218;land;true;desert;8
5407;184;140;193;land;false;marsh;2
5408;216;102;248;land;false;mountain;2
5409;201;96;252;land;false;plains;7
5410;38;253;218;land;true;plains;1
5411;224;125;248;land;false;urban;1
5412;239;208;159;land;false;forest;2
5413;165;229;108;land;true;hills;7
5414;163;237;144;land;false;plains;3
5415;162;253;119;land;false;desert;8
5416;230;159;187;land;false;plains;8
5417;245;227;70;land;false;plains;2
5418;128;223;216;land;false;desert;2
5419;251;118;184;land;false;plains;10
5420;214;232;168;land;false;mountain;2
5421;190;229;131;land;true;plains;8
5422;69;216;242;land;false;hills;1
5423;210;204;216;land;false;mountain;1
5424;246;210;130;land;false;plains;2
5425;212;159;144;land;false;mountain;1
5426;117;233;190;land;false;forest;7
5427;212;253;100;land;false;forest;7
5428;141;143;219;land;false;plains;8
5429;175;243;169;land;false;desert;1
5430;250;186;100;land;false;hills;7
5431;213;146;239;land;false;mountain;10
5432;126;213;226;land;false;plains;2
5433;189;238;149;land;true;plains;8
5434;67;251;232;land;false;mountain;3
5435;208;154;209;land;false;hills;8
5436;85;186;242;land;false;desert;2
5437;237;153;176;land;false;hills;7
5438;138;220;254;land;true;forest;10
5439;212;246;223;land;false;hills;7
5440;70;231;249;land;false;forest;8
5441;196;249;211;land;false;plains;8
5442;190;226;188;land;false;urban;5
5443;228;245;165;land;false;mountain;3
5444;188;105;210;land;false;plains;1
5445;160;226;171;land;false;plains;8
5446;183;237;139;land;false;mountain;7
5447;62;218;248;land;false;plains;2
5448;176;144;246;land;true;plains;5
5449;201;167;146;land;false;marsh;1
5450;201;97;237;land;false;hills;1
5451;242;186;181;land;false;salt;2
5452;220;137;215;land;true;marsh;3
5453;163;182;253;land;false;mountain;2
5454;233;171;133;land;false;plains;2
5455;97;250;232;land;true;forest;1
5456;235;125;147;land;false;mountain;7
5457;125;209;176;land;false;plains;1
5458;248;199;181;land;true;plains;1
5459;207;104;234;land;false;urban;1
5460;184;86;249;land;false;mountain;1
5461;245;232;65;land;false;plains;8
5462;213;229;246;land;false;forest;8
5463;157;227;229;land;false;forest;2
5464;229;100;188;land;false;plains;7
5465;229;208;143;land;false;plains;1
5466;141;226;230;land;false;desert;2
5467;246;148;226;land;false;plains;8
5468;111;215;245;land;false;forest;8
5469;209;165;167;land;false;plains;8
5470;111;241;238;land;true;plains;7
5471;107;193;235;land;false;hills;4
5472;204;253;67;land;false;mountain;1
5473;189;158;232;land;false;desert;7
5474;221;252;216;land;false;plains;8
5475;214;178;243;land;false;forest;4
5476;153;208;230;land;false;desert;7
5477;115;220;180;land;false;hills;7
5478;220;131;152;land;false;salt;7
5479;221;142;203;land;false;mountain;10
5480;172;189;211;land;false;plains;4
5481;81;245;187;land;false;hills;7
5482;244;197;225;land;false;desert;2
5483;125;222;155;land;false;mountain;7
5484;166;187;243;land;false;urban;8
5485;172;139;222;land;false;plains;7
5486;95;208;210;land;true;plains;7
5487;245;227;150;land;true;plains;7
5488;135;219;217;land;false;forest;10
5489;148;239;199;land;false;plains;3
5490;69;224;241;land;true;plains;2
5491;161;201;245;land;false;plains;7
5492;224;239;74;land;false;mountain;1
5493;211;210;241;land;false;hills;3
5494;185;248;224;land;true;desert;1
5495;136;247;124;land;false;hills;2
5496;185;249;227;land;true;plains;7
5497;186;234;250;land;true;plains;1
5498;221;226;158;land;true;plains;12
5499;96;189;226;land;false;plains;8
5500;195;173;242;land;false;hills;1
5501;200;242;204;land;true;hills;1
5502;212;243;185;land;false;hills;8
5503;232;218;135;land;false;desert;2
5504;253;170;88;land;false;mountain;9
5505;232;245;159;land;false;urban;3
5506;234;82;220;land;false;forest;7
5507;99;224;239;land;false;jungle;7
5508;234;253;100;land;false;plains;7
5509;164;186;196;land;false;desert;1
5510;85;251;169;land;false;forest;7
5511;220;76;214;land;false;volcanic;2
5512;153;235;133;land;true;plains;5
5513;145;193;242;land;false;plains;2
5514;172;168;253;land;true;urban;1
5515;147;219;181;land;false;mountain;8
5516;204;132;185;land;false;forest;7
5517;203;134;245;land;false;plains;4
5518;229;207;144;land;false;plains;5
5519;197;232;72;land;false;plains;2
5520;91;228;212;land;true;desert;8
5521;175;245;186;land;false;plains;2
5522;216;150;160;land;false;desert;1
5523;224;119;235;land;false;forest;2
5524;209;196;226;land;false;plains;7
5525;249;126;212;land;false;hills;2
5526;237;125;248;land;false;mountain;7
5527;235;176;188;land;false;plains;7
5528;132;243;146;land;false;plains;2
5529;158;201;233;land;false;urban;5
5530;148;200;158;land;false;plains;2
5531;165;223;155;land;true;plains;2
5532;245;99;243;land;true;desert;1
5533;82;233;249;land;false;plains;2
5534;224;200;138;land;false;mountain;1
5535;165;227;140;land;true;marsh;2
5536;210;176;139;land;false;hills;1
5537;195;122;232;land;false;mountain;1
5538;225;143;239;land;false;mountain;1
5539;202;222;82;land;false;plains;1
5540;185;157;185;land;false;hills;7
5541;160;245;161;land;true;hills;1
5542;175;219;197;land;false;mountain;7
5543;123;196;241;land;false;plains;2
5544;230;108;169;land;false;mountain;7
5545;245;91;197;land;false;hills;7
5546;194;219;160;land;false;mountain;9
5547;198;242;206;land;false;plains;7
5548;88;207;215;land;false;plains;1
5549;213;224;128;land;false;forest;3
5550;123;238;145;land;false;plains;3
5551;231;244;184;land;false;plains;7
5552;216;225;186;land;false;marsh;2
5553;101;209;250;land;false;mountain;8
5554;108;172;231;land;false;plains;1
5555;58;220;251;land;false;plains;8
5556;249;222;59;land;false;desert;2
5557;243;29;244;land;false;plains;2
5558;193;107;249;land;false;marsh;3
5559;244;199;124;land;true;frozen;12
5560;132;202;200;land;false;forest;7
5561;244;176;103;land;true;plains;1
5562;167;210;210;land;false;forest;4
5563;223;252;73;land;false;marsh;2
5564;102;227;214;land;true;hills;9
5565;125;225;239;land;false;mountain;8
5566;236;170;170;land;false;forest;8
5567;253;214;175;land;false;hills;4
5568;79;254;249;land;false;hills;1
5569;185;247;244;land;false;hills;7
5570;68;241;247;land;true;forest;7
5571;235;221;241;land;false;plains;5
5572;94;183;238;land;false;plains;7
5573;81;233;205;land;false;forest;3
5574;91;215;239;land;false;plains;8
5575;152;233;132;land;false;mountain;7
5576;153;192;219;land;false;plains;7
5577;252;109;195;land;false;hills;3
5578;229;68;221;land;false;mountain;7
5579;150;219;232;land;false;jungle;9
5580;247;214;157;land;false;plains;4
5581;248;237;87;land;false;mountain;8
5582;208;178;163;land;false;forest;3
5583;83;221;212;land;false;hills;1
5584;205;211;102;land;false;mountain;7
5585;229;252;128;land;false;forest;7
5586;206;209;204;land;false;plains;7
5587;218;194;235;land;false;plains;4
5588;237;216;104;land;false;mountain;2
5589;175;187;203;land;false;desert;8
5590;197;131;250;land;false;plains;1
5591;189;183;220;land;false;hills;8
5592;231;253;204;land;false;desert;3
5593;237;248;242;land;false;plains;1
5594;187;210;225;land;false;hills;1
5595;250;168;129;land;false;marsh;2
5596;236;201;233;land;true;hills;1
5597;118;238;204;land;false;mountain;2
5598;159;175;180;land;false;plains;2
5599;197;201;116;land;false;plains;7
5600;219;88;249;land;true;forest;10
5601;220;228;216;land;false;hills;8
5602;179;179;190;land;false;plains;3
5603;223;220;140;land;false;hills;8
5604;203;219;211;land;false;mountain;7
5605;100;242;250;land;false;plains;1
5606;173;176;247;land;false;mountain;7
5607;245;134;135;land;false;plains;1
5608;248;197;56;land;false;hills;8
5609;246;184;84;land;false;plains;1
5610;163;149;201;land;false;forest;1
5611;200;235;118;land;false;plains;1
5612;206;214;120;land;false;mountain;8
5613;227;135;171;land;false;mountain;1
5614;151;169;245;land;false;plains;7
5615;147;216;197;land;false;plains;7
5616;253;66;190;land;false;desert;3
5617;218;205;104;land;false;forest;9
5618;32;247;251;land;false;hills;7
5619;242;171;159;land;false;hills;7
5620;192;242;219;land;false;mountain;1
5621;243;180;88;land;false;forest;2
5622;181;127;247;land;false;plains;7
5623;250;191;169;land;false;forest;7
5624;190;147;243;land;false;plains;7
5625;201;140;199;land;true;hills;7
5626;146;171;205;land;false;hills;2
5627;224;135;183;land;false;plains;7
5628;242;227;79;land;false;jungle;1
5629;179;218;112;land;false;desert;2
5630;241;117;162;land;false;jungle;7
5631;207;75;252;land;false;forest;10
5632;168;149;247;land;false;hills;3
5633;197;141;167;land;false;plains;7
5634;90;252;194;land;false;plains;5
5635;196;145;231;land;false;mountain;2
5636;243;63;211;land;false;hills;8
5637;154;236;192;land;true;mountain;7
5638;194;234;97;land;false;hills;7
5639;206;173;223;land;true;urban;2
5640;200;157;246;land;false;hills;2
5641;230;119;212;land;false;hills;1
5642;156;181;225;land;true;marsh;5
5643;156;211;201;land;false;plains;1
5644;217;147;164;land;true;frozen;11
5645;252;234;172;land;false;hills;7
5646;132;195;204;land;false;forest;2
5647;233;209;199;land;true;urban;7
5648;230;133;191;land;false;mountain;2
5649;224;146;146;land;false;mountain;8
5650;220;228;225;land;false;desert;2
5651;155;203;225;land;true;hills;2
5652;226;231;191;land;false;plains;4
5653;180;237;196;land;false;hills;1
5654;216;174;208;land;false;hills;9
5655;155;247;134;land;false;forest;10
5656;161;187;177;land;false;plains;4
5657;246;102;234;land;false;desert;1
5658;220;238;124;land;false;hills;5
5659;82;254;238;land;false;forest;10
5660;254;40;208;land;false;desert;1
5661;208;199;169;land;false;hills;8
5662;231;133;242;land;false;mountain;2
5663;106;254;184;land;false;marsh;2
5664;204;140;160;land;true;plains;7
5665;190;99;228;land;false;plains;7
5666;239;148;206;land;true;desert;1
5667;208;243;98;land;false;mountain;1
5668;203;124;236;land;false;forest;2
5669;185;204;198;land;false;hills;5
5670;229;92;229;land;true;plains;7
5671;234;249;235;land;false;plains;1
5672;116;191;245;land;false;hills;7
5673;195;247;83;land;false;forest;7
5674;155;234;244;land;false;mountain;1
5675;165;240;183;land;false;hills;3
5676;97;224;225;land;false;forest;7
5677;172;249;149;land;true;plains;4
5678;183;234;213;land;false;desert;1
5679;229;124;166;land;false;mountain;1
5680;198;238;133;land;false;desert;7
5681;147;170;196;land;false;plains;5
5682;158;164;235;land;false;mountain;8
5683;223;132;203;land;false;jungle;2
5684;150;150;210;land;false;plains;9
5685;82;250;171;land;false;plains;2
5686;254;180;135;land;false;forest;3
5687;197;234;81;land;false;plains;8
5688;118;193;203;land;false;hills;4
5689;240;236;202;land;false;hills;7
5690;248;222;88;land;false;mountain;1
5691;215;209;98;land;false;plains;3
5692;164;187;239;land;false;hills;2
5693;248;200;195;land;false;desert;2
5694;194;221;168;land;false;marsh;9
5695;217;163;175;land;false;jungle;7
5696;245;156;198;land;false;plains;7
5697;161;168;244;land;false;plains;7
5698;193;167;254;land;true;forest;1
5699;219;77;220;land;false;forest;8
5700;237;135;162;land;true;plains;7
5701;200;164;204;land;false;desert;1
5702;224;241;91;land;false;hills;3
5703;224;212;232;land;false;desert;3
5704;233;121;167;land;false;mountain;5
5705;227;238;235;land;false;plains;2
5706;245;250;20;land;false;plains;3
5707;170;220;153;land;false;mountain;3
5708;251;220;46;land;false;plains;2
5709;223;84;238;land;false;desert;1
5710;184;192;146;land;true;urban;2
5711;245;198;77;land;false;plains;3
5712;250;82;234;land;false;hills;7
5713;67;254;212;land;false;plains;7
5714;203;176;163;land;false;mountain;7
5715;236;217;250;land;false;plains;8
5716;184;233;91;land;false;plains;7
5717;196;230;233;land;true;hills;8
5718;252;219;132;land;false;forest;10
5719;176;249;122;land;false;plains;1
5720;191;200;242;land;false;mountain;2
5721;202;252;176;land;false;plains;1
5722;134;226;183;land;false;mountain;10
5723;193;119;246;land;false;hills;2
5724;163;220;213;land;false;plains;2
5725;240;194;164;land;false;hills;7
5726;226;29;254;land;false;mountain;7
5727;147;194;243;land;false;desert;7
5728;252;115;212;land;false;desert;7
5729;96;220;206;land;false;marsh;7
5730;222;221;71;land;true;plains;7
5731;112;157;238;land;false;plains;2
5732;253;78;227;land;true;mountain;9
5733;195;76;231;land;false;plains;2
5734;188;131;234;land;false;plains;2
5735;224;76;228;land;false;hills;2
5736;225;149;245;land;false;plains;7
5737;244;226;142;land;false;plains;3
5738;134;185;215;land;false;plains;1
5739;210;97;204;land;false;forest;10
5740;196;134;238;land;false;mountain;2
5741;205;144;202;land;false;volcanic;7
5742;228;182;110;land;false;mountain;1
5743;94;252;223;land;true;plains;8
5744;198;197;182;land;false;jungle;7
5745;115;233;164;land;true;plains;8
5746;163;167;244;land;false;plains;1
5747;130;194;216;land;false;desert;1
5748;216;137;215;land;false;mountain;1
5749;73;244;232;land;false;plains;7
5750;227;187;156;land;false;desert;2
5751;227;165;185;land;false;mountain;8
5752;147;245;173;land;false;forest;1
5753;182;209;175;land;true;urban;1
5754;179;187;254;land;false;marsh;2
5755;167;203;154;land;true;forest;1
5756;237;189;207;land;false;plains;3
5757;179;249;231;land;false;mountain;8
5758;152;209;242;land;false;mountain;1
5759;126;235;158;land;false;forest;7
5760;236;224;121;land;false;plains;1
5761;158;149;227;land;true;plains;10
5762;111;190;222;land;true;forest;1
5763;231;50;243;land;false;hills;4
5764;243;246;144;land;true;hills;1
5765;254;209;40;land;false;forest;2
5766;243;107;253;land;false;forest;7
5767;161;204;250;land;true;plains;4
5768;169;227;119;land;false;urban;1
5769;200;200;244;land;false;plains;7
5770;209;186;184;land;false;mountain;3
5771;200;216;240;land;true;plains;1
5772;206;98;209;land;false;forest;8
5773;204;231;177;land;false;mountain;9
5774;196;188;218;land;false;plains;7
5775;223;180;128;land;false;marsh;2
5776;161;176;177;land;false;forest;3
5777;198;240;182;land;false;plains;2
5778;167;247;178;land;false;mountain;7
5779;207;199;183;land;false;mountain;10
5780;192;247;128;land;false;forest;1
5781;227;65;235;land;false;plains;8
5782;171;208;181;land;false;forest;1
5783;145;217;148;land;false;desert;2
5784;217;237;150;land;false;plains;7
5785;237;234;111;land;false;desert;8
5786;231;212;66;land;false;desert;2
5787;191;191;177;land;true;plains;12
5788;106;216;190;land;true;urban;7
5789;208;114;196;land;false;hills;5
5790;241;228;165;land;false;mountain;3
5791;61;216;231;land;true;jungle;2
5792;152;243;153;land;false;plains;1
5793;249;177;192;land;false;desert;2
5794;228;222;215;land;false;plains;2
5795;223;123;159;land;false;mountain;1
5796;209;200;183;land;true;plains;8
5797;203;161;205;land;false;plains;3
5798;198;243;145;land;true;forest;5
5799;215;189;247;land;false;forest;1
5800;234;218;192;land;false;hills;7
5801;214;85;232;land;false;plains;4
5802;218;194;138;land;false;hills;8
5803;226;71;216;land;false;plains;3
5804;202;248;83;land;false;forest;3
5805;167;195;166;land;false;plains;9
5806;84;240;250;land;false;salt;2
5807;159;116;249;land;true;mountain;1
5808;71;193;251;land;false;plains;4
5809;215;253;135;land;false;plains;2
5810;102;193;242;land;false;forest;9
5811;166;247;230;land;false;mountain;8
5812;237;253;44;land;false;plains;7
5813;227;142;226;land;false;mountain;1
5814;217;228;174;land;true;plains;4
5815;177;183;217;land;false;urban;3
5816;94;202;216;land;false;plains;4
5817;198;243;234;land;false;plains;3
5818;66;246;222;land;false;hills;1
5819;178;201;200;land;false;urban;5
5820;194;219;147;land;false;hills;1
5821;232;248;148;land;false;plains;1
5822;72;194;235;land;true;hills;4
5823;251;222;190;land;true;plains;1
5824;167;191;146;land;false;hills;8
5825;216;249;196;land;false;forest;2
5826;207;244;166;land;false;mountain;2
5827;249;235;238;land;false;plains;3
5828;203;150;192;land;false;hills;7
5829;205;209;178;land;true;mountain;7
5830;186;206;153;land;false;plains;4
5831;142;163;246;land;false;hills;1
5832;199;204;217;land;false;hills;2
5833;137;238;126;land;false;plains;8
5834;78;209;224;land;false;mountain;7
5835;253;106;180;land;true;desert;1
5836;64;225;233;land;true;desert;7
5837;219;118;239;land;false;forest;7
5838;165;228;253;land;false;marsh;1
5839;211;161;186;land;false;plains;7
5840;200;199;141;land;false;forest;2
5841;246;199;149;land;false;marsh;7
5842;232;104;190;land;false;desert;1
5843;159;164;220;land;false;mountain;1
5844;221;178;231;land;false;mountain;3
5845;205;99;199;land;false;forest;4
5846;219;145;221;land;false;marsh;4
5847;194;205;251;land;false;hills;2
5848;129;245;145;land;false;plains;2
5849;176;221;162;land;false;hills;7
5850;225;92;239;land;false;desert;2
5851;180;216;243;land;false;forest;7
5852;239;111;176;land;false;desert;2
5853;170;200;173;land;false;forest;7
5854;213;163;232;land;false;plains;7
5855;220;118;239;land;false;hills;1
5856;122;159;240;land;false;forest;10
5857;206;208;163;land;false;plains;7
5858;238;149;236;land;false;desert;2
5859;238;229;55;land;false;mountain;8
5860;231;213;184;land;false;hills;1
5861;232;243;217;land;false;plains;3
5862;239;194;92;land;false;plains;8
5863;217;72;251;land;false;hills;7
5864;103;211;214;land;false;forest;1
5865;247;172;165;land;false;plains;7
5866;190;118;244;land;false;hills;4
5867;191;159;166;land;false;desert;2
5868;115;165;243;land;false;hills;4
5869;102;243;228;land;false;plains;1
5870;176;242;186;land;false;hills;1
5871;165;200;218;land;false;plains;1
5872;219;181;221;land;false;forest;7
5873;235;216;185;land;false;mountain;8
5874;99;198;234;land;false;plains;4
5875;162;154;198;land;false;mountain;4
5876;239;25;242;land;true;forest;1
5877;64;227;252;land;false;plains;7
5878;211;171;237;land;true;plains;8
5879;240;246;34;land;true;mountain;10
5880;71;223;254;land;false;hills;5
5881;217;176;134;land;false;plains;2
5882;254;169;218;land;false;forest;7
5883;154;152;250;land;false;plains;3
5884;137;208;192;land;false;plains;3
5885;132;191;232;land;true;plains;10
5886;231;161;109;land;false;hills;7
5887;171;137;239;land;true;plains;3
5888;129;169;216;land;true;hills;7
5889;243;224;59;land;false;plains;2
5890;142;181;230;land;false;plains;8
5891;63;236;254;land;false;plains;8
5892;206;208;89;land;false;mountain;2
5893;238;231;212;land;false;plains;1
5894;209;217;181;land;false;hills;1
5895;226;125;214;land;true;forest;7
5896;217;189;196;land;false;mountain;1
5897;202;234;76;land;false;jungle;9
5898;169;214;230;land;false;hills;7
5899;213;164;187;land;false;mountain;7
5900;184;197;209;land;true;plains;8
5901;189;77;252;land;false;hills;8
5902;173;221;176;land;false;desert;8
5903;142;145;249;land;false;plains;1
5904;100;199;253;land;false;marsh;2
5905;189;139;189;land;false;hills;3
5906;202;211;170;land;false;urban;3
5907;237;111;186;land;false;hills;1
5908;179;246;111;land;false;mountain;3
5909;238;240;239;land;false;mountain;3
5910;141;158;236;land;false;marsh;2
5911;212;229;153;land;false;hills;7
5912;182;180;216;land;false;mountain;8
5913;60;249;228;land;false;desert;1
5914;171;235;192;land;false;plains;8
5915;143;207;164;land;false;jungle;2
5916;202;154;215;land;false;marsh;2
5917;253;113;219;land;false;mountain;3
5918;213;249;226;land;true;plains;1
5919;162;249;147;land;false;plains;8
5920;143;231;176;land;false;forest;8
5921;175;163;213;land;true;plains;7
5922;189;229;131;land;false;hills;3
5923;186;179;215;land;false;plains;2
5924;249;118;237;land;false;plains;7
5925;155;181;236;land;false;hills;1
5926;244;133;182;land;false;mountain;7
5927;214;241;169;land;false;plains;3
5928;104;178;249;land;false;volcanic;2
5929;227;87;250;land;false;hills;4
5930;108;215;202;land;false;plains;7
5931;95;188;225;land;true;hills;1
5932;107;252;236;land;false;hills;3
5933;153;137;230;land;false;forest;4
5934;212;117;252;land;true;plains;1
5935;195;184;133;land;false;desert;7
5936;206;240;202;land;true;hills;8
5937;176;129;221;land;false;forest;1
5938;103;199;237;land;false;forest;7
5939;251;205;232;land;false;plains;1
5940;242;151;206;land;false;desert;2
5941;235;147;195;land;false;jungle;1
5942;179;93;229;land;false;hills;7
5943;234;226;111;land;false;plains;7
5944;169;218;227;land;false;plains;1
5945;193;242;191;land;false;hills;1
5946;131;213;251;land;false;hills;8
5947;151;203;214;land;false;plains;7
5948;204;111;200;land;false;plains;8
5949;156;217;181;land;false;plains;3
5950;162;111;248;land;false;forest;3
5951;145;167;220;land;false;mountain;7
5952;236;148;184;land;false;forest;1
5953;253;173;178;land;true;plains;7
5954;153;244;249;land;true;mountain;2
5955;108;152;249;land;false;hills;8
5956;190;238;142;land;false;desert;2
5957;197;221;201;land;false;mountain;2
5958;235;96;207;land;false;plains;7
5959;222;245;113;land;true;mountain;3
5960;203;235;190;land;false;hills;1
5961;245;102;219;land;false;desert;2
5962;208;237;113;land;false;mountain;1
5963;250;146;229;land;false;plains;8
5964;183;213;170;land;true;plains;1
5965;115;240;223;land;false;hills;7
5966;212;164;226;land;true;plains;4
5967;118;193;204;land;false;plains;9
5968;176;145;222;land;false;forest;1
5969;103;246;179;land;false;mountain;3
5970;133;206;236;land;true;plains;12
5971;139;222;224;land;false;plains;1
5972;231;221;89;land;false;forest;10
5973;233;241;99;land;false;urban;1
5974;245;199;141;land;false;desert;2
5975;178;138;193;land;true;plains;2
5976;205;150;179;land;false;plains;7
5977;229;101;251;land;false;hills;7
5978;128;132;246;land;false;plains;7
5979;125;249;239;land;false;mountain;3
5980;237;149;254;land;false;mountain;2
5981;232;165;181;land;false;mountain;1
5982;131;220;234;land;false;plains;5
5983;166;246;150;land;false;plains;7
5984;167;197;177;land;false;forest;8
5985;103;253;254;land;false;plains;3
5986;196;229;159;land;false;mountain;12
5987;196;212;152;land;true;urban;8
5988;210;128;209;land;false;plains;3
5989;215;49;240;land;false;plains;7
5990;139;191;207;land;false;forest;2
5991;85;240;222;land;false;forest;7
5992;252;171;111;land;true;plains;2
5993;157;192;183;land;false;plains;2
5994;251;238;143;land;false;hills;5
5995;185;177;253;land;false;plains;1
5996;229;149;178;land;false;forest;1
5997;131;211;186;land;false;mountain;1
5998;106;166;240;land;false;hills;8
5999;145;192;233;land;false;plains;8
6000;244;98;191;land;false;forest;7
6001;151;242;186;land;false;desert;3
6002;241;246;92;land;false;volcanic;2
6003;200;208;137;land;false;desert;2
6004;240;229;193;land;false;forest;5
6005;139;209;178;land;false;forest;5
6006;208;150;170;land;false;hills;7
6007;174;250;205;land;false;plains;7
6008;124;198;251;land;false;mountain;1
6009;216;235;56;land;false;hills;2
6010;110;195;249;land;false;desert;2
6011;150;213;251;land;false;hills;1
6012;250;181;94;land;true;urban;2
6013;106;211;195;land;false;plains;7
6014;217;241;208;land;false;mountain;2
6015;177;124;237;land;true;hills;5
6016;223;140;220;land;false;plains;3
6017;254;112;203;land;false;mountain;5
6018;185;161;186;land;false;urban;2
6019;234;63;209;land;false;hills;5
6020;248;84;231;land;false;plains;3
6021;137;236;194;land;false;plains;7
6022;251;143;248;land;true;forest;10
6023;243;185;196;land;false;plains;1
6024;216;132;169;land;false;jungle;3
6025;172;210;233;land;false;plains;3
6026;254;240;161;land;false;hills;7
6027;232;154;240;land;false;desert;2
6028;236;183;115;land;false;hills;1
6029;215;245;248;land;false;plains;8
6030;227;81;221;land;false;marsh;2
6031;214;183;251;land;true;urban;5
6032;227;208;188;land;false;plains;7
6033;194;149;164;land;false;desert;2
6034;244;178;92;land;false;urban;7
6035;234;251;61;land;false;plains;1
6036;232;159;254;land;false;forest;2
6037;88;245;211;land;false;hills;1
6038;248;212;227;land;false;plains;2
6039;141;197;252;land;true;plains;9
6040;211;180;241;land;false;hills;4
6041;191;132;193;land;false;desert;7
6042;96;223;202;land;true;hills;7
6043;253;159;110;land;false;plains;3
6044;132;224;232;land;false;plains;3
6045;212;131;245;land;false;plains;7
6046;217;105;244;land;false;hills;7
6047;171;242;176;land;false;plains;8
6048;222;174;248;land;false;plains;1
6049;246;239;142;land;false;plains;3
6050;88;210;237;land;false;mountain;2
6051;243;206;74;land;false;desert;2
6052;192;119;247;land;true;urban;8
6053;201;243;153;land;false;plains;2
6054;173;149;218;land;false;hills;3
6055;141;176;211;land;false;plains;8
6056;207;103;236;land;false;plains;1
6057;145;181;210;land;false;hills;1
6058;213;63;228;land;true;hills;2
6059;118;169;238;land;false;plains;1
6060;245;72;199;land;false;jungle;1
6061;247;224;207;land;false;plains;1
6062;115;212;177;land;false;forest;8
6063;207;230;108;land;false;hills;7
6064;84;251;239;land;false;urban;2
6065;192;216;235;land;false;hills;3
6066;249;239;29;land;false;plains;7
6067;212;176;193;land;false;mountain;1
6068;226;220;185;land;false;plains;7
6069;183;246;212;land;false;plains;3
6070;249;165;216;land;false;forest;2
6071;5;251;248;land;true;plains;7
6072;206;248;144;land;false;mountain;3
6073;127;198;216;land;true;plains;1
6074;179;112;231;land;false;urban;8
6075;237;250;47;land;true;plains;8
6076;202;178;127;land;false;plains;2
6077;224;146;168;land;true;jungle;9
6078;250;176;149;land;false;plains;3
6079;239;109;180;land;true;jungle;8
6080;239;131;131;land;false;plains;3
6081;187;244;136;land;false;urban;3
6082;210;98;215;land;false;mountain;7
6083;224;203;192;land;false;urban;5
6084;251;134;216;land;false;plains;4
6085;167;180;201;land;false;mountain;1
6086;248;221;149;land;false;plains;7
6087;219;154;242;land;false;desert;2
6088;229;218;148;land;true;plains;7
6089;198;93;220;land;false;urban;1
6090;131;248;233;land;false;plains;2
6091;168;242;177;land;false;plains;10
6092;245;173;196;land;false;urban;3
6093;182;133;213;land;false;hills;4
6094;43;224;243;land;false;desert;2
6095;222;214;133;land;true;forest;10
6096;126;197;243;land;true;plains;10
6097;151;236;238;land;false;plains;4
6098;248;230;179;land;false;plains;8
6099;206;216;101;land;true;desert;1
6100;227;207;129;land;false;plains;1
6101;220;74;234;land;true;urban;2
6102;98;167;246;land;true;plains;8
6103;144;188;233;land;false;mountain;2
6104;226;155;211;land;false;plains;8
6105;229;212;192;land;false;hills;1
6106;68;237;197;land;false;plains;8
6107;210;113;182;land;false;plains;3
6108;139;249;128;land;true;forest;9
6109;170;175;224;land;false;hills;2
6110;162;219;225;land;true;marsh;7
6111;103;174;240;land;false;marsh;2
6112;160;196;242;land;false;plains;5
6113;194;188;233;land;true;plains;7
6114;208;219;246;land;false;hills;5
6115;39;246;225;land;false;hills;7
6116;249;216;86;land;false;mountain;7
6117;237;109;195;land;true;plains;10
6118;162;251;117;land;false;hills;1
6119;236;187;227;land;true;mountain;4
6120;136;248;136;land;false;mountain;8
6121;238;93;193;land;true;jungle;4
6122;158;143;243;land;false;plains;3
6123;65;224;215;land;false;hills;2
6124;168;86;248;land;false;plains;7
6125;245;184;151;land;true;plains;10
6126;225;119;211;land;false;desert;1
6127;174;204;164;land;false;hills;3
6128;228;194;101;land;false;jungle;1
6129;180;244;244;land;false;plains;2
6130;225;89;194;land;false;plains;7
6131;146;155;209;land;false;plains;2
6132;252;190;204;land;false;forest;1
6133;117;253;253;land;false;forest;5
6134;94;234;223;land;true;plains;1
6135;109;161;254;land;false;marsh;1
6136;232;155;215;land;true;forest;7
6137;230;252;231;land;false;hills;1
6138;145;236;253;land;false;plains;5
6139;219;145;208;land;false;hills;1
6140;251;215;249;land;false;plains;1
6141;227;123;245;land;false;hills;3
6142;180;79;244;land;false;plains;7
6143;170;206;193;land;false;hills;8
6144;47;233;240;land;false;hills;7
6145;103;202;244;land;false;hills;7
6146;193;188;124;land;false;desert;2
6147;203;244;200;land;false;forest;7
6148;193;121;192;land;false;plains;5
6149;150;236;243;land;false;mountain;2
6150;244;237;83;land;false;plains;10
6151;184;218;241;land;true;plains;9
6152;198;184;157;land;false;jungle;9
6153;250;242;135;land;false;plains;3
6154;121;221;167;land;false;mountain;2
6155;115;189;240;land;false;plains;8
6156;238;46;244;land;false;plains;2
6157;217;226;153;land;true;plains;7
6158;251;43;213;land;false;jungle;7
6159;96;191;219;land;false;hills;3
6160;87;244;196;land;false;plains;8
6161;239;253;232;land;false;forest;1
6162;69;238;236;land;false;hills;2
6163;224;189;124;land;false;plains;1
6164;175;155;183;land;false;plains;7
6165;121;242;188;land;false;mountain;7
6166;213;102;220;land;false;hills;2
6167;182;243;111;land;false;marsh;5
6168;228;182;191;land;false;urban;1
6169;211;201;218;land;false;plains;7
6170;215;162;210;land;false;forest;1
6171;245;207;109;land;false;plains;8
6172;180;113;228;land;true;urban;8
6173;195;239;207;land;false;plains;7
6174;224;156;196;land;false;hills;2
6175;249;208;221;land;false;mountain;3
6176;191;180;169;land;false;desert;2
6177;163;116;254;land;true;plains;8
6178;213;181;132;land;false;forest;7
6179;161;199;251;land;false;plains;2
6180;217;207;217;land;true;plains;1
6181;204;167;145;land;false;forest;7
6182;165;211;141;land;false;desert;2
6183;204;107;203;land;false;plains;4
6184;56;240;236;land;false;plains;2
6185;171;184;150;land;false;plains;9
6186;232;161;238;land;false;plains;5
6187;235;179;235;land;false;plains;2
6188;125;169;220;land;false;plains;8
6189;236;207;130;land;true;plains;1
6190;218;202;234;land;true;hills;7
6191;199;151;214;land;false;plains;7
6192;109;251;242;land;false;plains;5
6193;210;245;210;land;false;hills;7
6194;241;200;223;land;false;mountain;2
6195;175;242;243;land;false;mountain;3
6196;181;244;133;land;false;hills;4
6197;222;106;239;land;false;jungle;9
6198;133;194;200;land;false;forest;10
6199;143;175;193;land;false;plains;3
6200;233;135;133;land;false;plains;1
6201;144;244;160;land;false;urban;5
6202;182;215;149;land;false;plains;4
6203;181;225;120;land;false;mountain;2
6204;206;220;221;land;false;mountain;7
6205;209;91;207;land;true;urban;1
6206;203;230;170;land;false;forest;7
6207;224;100;217;land;false;hills;8
6208;250;144;191;land;false;plains;7
6209;251;67;223;land;false;plains;5
6210;247;204;221;land;false;hills;3
6211;212;168;154;land;false;plains;7
6212;129;213;171;land;false;plains;1
6213;200;65;241;land;true;plains;9
6214;224;242;178;land;false;plains;1
6215;192;186;189;land;false;mountain;7
6216;175;151;213;land;true;forest;8
6217;233;253;200;land;true;hills;7
6218;198;104;213;land;false;forest;1
6219;86;225;190;land;false;hills;1
6220;251;50;248;land;false;forest;8
6221;251;220;134;land;false;plains;2
6222;212;132;159;land;false;marsh;7
6223;239;134;227;land;false;forest;2
6224;158;211;137;land;true;plains;3
6225;225;135;158;land;false;hills;7
6226;248;47;223;land;false;plains;1
6227;128;210;225;land;false;hills;7
6228;204;244;112;land;false;plains;1
6229;218;236;60;land;false;plains;3
6230;231;141;212;land;true;hills;1
6231;199;239;220;land;true;plains;5
6232;222;195;250;land;false;mountain;1
6233;146;155;251;land;false;hills;1
6234;233;227;170;land;false;hills;1
6235;158;252;148;land;true;plains;2
6236;150;240;128;land;false;hills;7
6237;241;187;88;land;false;volcanic;8
6238;19;251;244;land;false;plains;7
6239;230;54;234;land;false;plains;4
6240;239;131;155;land;false;plains;4
6241;232;227;159;land;false;forest;8
6242;251;226;85;land;true;plains;5
6243;109;179;221;land;false;desert;2
6244;128;222;253;land;false;hills;7
6245;227;164;138;land;true;forest;7
6246;200;247;163;land;false;desert;2
6247;156;196;178;land;false;jungle;7
6248;170;197;138;land;true;forest;1
6249;205;177;231;land;false;hills;1
6250;189;229;90;land;false;plains;3
6251;206;239;106;land;false;urban;1
6252;233;144;131;land;false;plains;7
6253;198;141;163;land;false;plains;3
6254;248;118;207;land;false;plains;5
6255;243;225;217;land;true;hills;1
6256;160;225;227;land;false;forest;7
6257;249;68;225;land;false;plains;3
6258;210;95;251;land;false;hills;1
6259;241;160;239;land;false;unknown;2
6260;118;206;212;land;false;hills;7
6261;226;107;212;land;false;plains;2
6262;215;249;185;land;false;plains;2
6263;239;211;151;land;true;plains;8
6264;173;233;188;land;false;plains;1
6265;220;246;185;land;false;plains;2
6266;119;205;253;land;false;forest;9
6267;244;167;151;land;false;forest;7
6268;221;211;166;land;false;hills;4
6269;254;112;152;land;false;mountain;1
6270;213;138;210;land;false;forest;7
6271;209;253;252;land;false;desert;8
6272;169;251;141;land;true;jungle;2
6273;249;252;218;land;false;forest;7
6274;187;102;250;land;true;forest;7
6275;243;101;179;land;false;desert;2
6276;213;245;197;land;true;plains;3
6277;198;250;214;land;false;forest;5
6278;219;157;198;land;false;plains;2
6279;138;250;143;land;false;hills;2
6280;211;146;236;land;false;mountain;1
6281;127;199;242;land;false;hills;4
6282;208;246;56;land;true;forest;12
6283;179;224;142;land;false;forest;1
6284;141;237;136;land;false;plains;1
6285;155;211;199;land;true;hills;4
6286;64;251;253;land;false;jungle;9
6287;244;108;160;land;false;hills;1
6288;235;150;192;land;false;plains;4
6289;236;187;81;land;false;plains;4
6290;222;97;245;land;false;plains;5
6291;165;171;172;land;false;hills;2
6292;156;236;136;land;true;plains;1
6293;218;250;230;land;false;hills;7
6294;185;228;112;land;false;plains;1
6295;203;112;197;land;false;hills;1
6296;148;250;202;land;false;urban;1
6297;188;230;164;land;false;mountain;7
6298;54;242;217;land;false;plains;3
6299;187;253;133;land;false;desert;2
6300;215;199;229;land;false;plains;7
6301;174;213;216;land;false;hills;7
6302;135;192;206;land;false;mountain;1
6303;61;91;57;sea;true;water_fjords;0
6304;247;208;243;land;false;forest;7
6305;103;221;247;land;false;forest;1
6306;235;167;175;land;true;plains;7
6307;244;88;217;land;false;mountain;7
6308;145;213;183;land;true;plains;5
6309;248;227;186;land;false;hills;4
6310;102;209;200;land;false;plains;3
6311;187;199;137;land;false;mountain;7
6312;242;79;251;land;false;hills;7
6313;243;233;147;land;false;hills;5
6314;68;249;185;land;false;mountain;4
6315;238;237;222;land;false;mountain;1
6316;236;233;178;land;false;mountain;7
6317;244;108;190;land;false;plains;1
6318;189;163;181;land;false;plains;2
6319;155;233;170;land;false;salt;2
6320;211;189;184;land;false;plains;2
6321;220;218;142;land;false;plains;5
6322;112;205;189;land;false;forest;2
6323;190;65;252;land;false;plains;1
6324;112;234;217;land;false;plains;1
6325;244;231;135;land;false;plains;3
6326;86;249;240;land;false;plains;1
6327;117;226;202;land;false;urban;2
6328;172;145;212;land;false;desert;2
6329;199;102;206;land;false;plains;2
6330;233;72;232;land;true;mountain;1
6331;217;175;177;land;false;plains;3
6332;194;210;183;land;true;plains;1
6333;121;228;211;land;false;plains;4
6334;141;245;150;land;false;plains;4
6335;140;253;213;land;false;plains;8
6336;232;152;242;land;true;forest;7
6337;134;233;230;land;false;mountain;8
6338;246;153;224;land;false;forest;7
6339;200;126;232;land;false;forest;1
6340;200;189;144;land;false;plains;5
6341;240;76;234;land;false;hills;1
6342;234;240;229;land;false;plains;8
6343;79;204;229;land;false;hills;7
6344;218;229;126;land;false;hills;1
6345;154;195;233;land;false;plains;2
6346;238;161;185;land;true;plains;8
6347;216;203;110;land;true;urban;5
6348;164;171;198;land;true;marsh;7
6349;177;150;205;land;false;hills;2
6350;195;245;210;land;true;plains;7
6351;241;63;235;land;false;plains;8
6352;232;198;234;land;false;mountain;3
6353;193;167;168;land;false;plains;8
6354;252;213;201;land;false;mountain;3
6355;241;252;143;land;false;hills;4
6356;217;125;182;land;false;urban;1
6357;154;191;245;land;false;mountain;7
6358;142;198;252;land;false;forest;8
6359;109;223;176;land;false;hills;2
6360;37;249;246;land;false;forest;7
6361;239;252;95;land;false;desert;2
6362;242;67;244;land;false;forest;3
6363;178;242;151;land;false;marsh;2
6364;221;149;147;land;false;mountain;7
6365;211;159;216;land;false;plains;2
6366;99;240;178;land;false;mountain;3
6367;204;244;104;land;true;plains;1
6368;165;147;210;land;false;urban;1
6369;238;142;172;land;false;mountain;2
6370;177;189;161;land;false;mountain;2
6371;185;223;229;land;false;mountain;7
6372;241;229;238;land;false;hills;3
6373;138;187;192;land;false;plains;5
6374;202;157;224;land;false;plains;3
6375;205;229;67;land;false;desert;2
6376;170;230;239;land;false;desert;2
6377;243;52;252;land;false;mountain;2
6378;165;173;196;land;true;plains;8
6379;242;239;234;land;false;desert;2
6380;155;196;207;land;true;plains;7
6381;205;122;225;land;false;mountain;3
6382;214;177;209;land;false;plains;3
6383;226;94;223;land;true;plains;9
6384;228;131;178;land;false;plains;3
6385;152;176;191;land;false;forest;7
6386;166;146;252;land;false;mountain;7
6387;130;250;237;land;false;hills;4
6388;159;239;141;land;false;plains;8
6389;227;186;250;land;true;plains;10
6390;195;226;164;land;false;forest;2
6391;247;171;220;land;false;jungle;7
6392;105;232;210;land;false;plains;8
6393;250;123;139;land;false;urban;1
6394;178;182;176;land;false;desert;2
6395;237;186;182;land;true;forest;3
6396;171;132;247;land;false;plains;2
6397;37;250;231;land;false;forest;7
6398;116;237;204;land;false;hills;7
6399;165;229;242;land;false;desert;1
6400;199;246;134;land;false;jungle;1
6401;93;164;247;land;false;mountain;1
6402;111;225;167;land;false;mountain;5
6403;136;184;244;land;false;plains;3
6404;247;128;198;land;false;plains;2
6405;232;217;136;land;false;hills;1
6406;174;159;192;land;false;hills;1
6407;208;192;204;land;false;plains;10
6408;234;176;215;land;false;plains;8
6409;216;248;108;land;true;plains;2
6410;82;189;251;land;false;mountain;7
6411;185;114;211;land;false;desert;2
6412;202;228;102;land;true;plains;5
6413;131;248;207;land;false;plains;2
6414;221;91;193;land;false;plains;2
6415;71;230;203;land;false;desert;7
6416;125;190;205;land;false;plains;5
6417;159;208;242;land;false;plains;3
6418;225;188;213;land;false;hills;7
6419;57;244;235;land;false;plains;3
6420;235;208;224;land;false;jungle;3
6421;157;110;240;land;false;plains;3
6422;147;133;232;land;false;forest;8
6423;213;185;137;land;false;mountain;2
6424;247;238;180;land;false;plains;8
6425;224;209;102;land;false;plains;2
6426;218;216;253;land;false;plains;7
6427;191;204;224;land;false;mountain;3
6428;85;228;241;land;false;forest;3
6429;230;184;92;land;false;plains;1
6430;226;216;238;land;true;desert;7
6431;119;171;226;land;false;plains;3
6432;182;226;213;land;true;desert;2
6433;211;221;174;land;false;plains;3
6434;231;55;230;land;false;forest;3
6435;182;245;203;land;false;plains;10
6436;222;185;225;land;false;desert;2
6437;143;193;168;land;false;forest;5
6438;247;148;239;land;false;forest;8
6439;215;111;210;land;false;mountain;7
6440;224;199;157;land;false;desert;2
6441;113;237;248;land;false;plains;1
6442;182;236;227;land;false;plains;7
6443;217;178;139;land;false;plains;5
6444;166;205;201;land;false;desert;2
6445;216;254;198;land;false;mountain;2
6446;133;243;133;land;false;forest;1
6447;159;227;119;land;false;forest;1
6448;226;226;246;land;true;forest;8
6449;133;248;190;land;false;volcanic;8
6450;86;201;236;land;false;forest;5
6451;184;119;228;land;false;desert;2
6452;181;245;228;land;false;hills;1
6453;250;159;244;land;false;plains;7
6454;111;245;172;land;false;plains;2
6455;241;239;27;land;false;mountain;3
6456;178;194;217;land;false;plains;4
6457;191;220;191;land;false;urban;8
6458;226;204;159;land;false;plains;7
6459;223;220;65;land;false;hills;7
6460;201;87;235;land;false;mountain;1
6461;248;200;162;land;false;desert;2
6462;241;95;183;land;true;plains;1
6463;207;136;172;land;false;plains;7
6464;179;204;175;land;true;forest;1
6465;127;185;221;land;false;mountain;7
6466;220;242;80;land;false;hills;7
6467;251;231;247;land;false;plains;1
6468;77;246;252;land;false;plains;1
6469;169;243;131;land;false;plains;7
6470;197;155;202;land;false;jungle;1
6471;55;61;23;sea;true;water_fjords;0
6472;138;207;181;land;true;forest;1
6473;169;148;229;land;true;urban;1
6474;231;174;145;land;false;desert;2
6475;128;167;221;land;true;desert;7
6476;246;252;153;land;true;desert;7
6477;193;231;198;land;false;volcanic;7
6478;159;131;217;land;false;mountain;1
6479;199;63;251;land;false;plains;3
6480;228;211;123;land;false;mountain;1
6481;244;245;137;land;false;plains;1
6482;78;226;235;land;false;plains;7
6483;234;76;196;land;false;plains;2
6484;214;195;168;land;false;plains;5
6485;184;178;248;land;false;plains;8
6486;130;244;140;land;false;plains;3
6487;92;243;246;land;false;plains;4
6488;217;208;239;land;false;plains;3
6489;211;251;186;land;false;jungle;9
6490;244;209;132;land;true;plains;3
6491;211;235;135;land;true;plains;1
6492;175;226;164;land;false;forest;3
6493;238;142;212;land;false;plains;1
6494;212;181;183;land;false;plains;3
6495;236;155;136;land;false;marsh;2
6496;215;159;148;land;false;forest;8
6497;200;181;243;land;false;plains;7
6498;245;253;129;land;true;mountain;8
6499;222;235;181;land;true;urban;7
6500;169;219;175;land;false;plains;7
6501;198;160;175;land;false;hills;2
6502;40;219;242;land;false;mountain;7
6503;168;243;180;land;false;hills;1
6504;236;163;158;land;false;hills;5
6505;252;225;83;land;false;plains;1
6506;195;103;212;land;true;plains;7
6507;220;210;93;land;false;jungle;7
6508;180;128;248;land;true;mountain;10
6509;235;108;158;land;false;hills;4
6510;248;83;236;land;false;hills;3
6511;75;252;180;land;false;forest;5
6512;238;198;176;land;false;plains;7
6513;165;166;191;land;false;urban;3
6514;162;186;168;land;false;marsh;7
6515;114;250;222;land;false;desert;2
6516;71;251;218;land;false;plains;2
6517;89;178;241;land;false;hills;3
6518;102;226;219;land;false;plains;3
6519;194;198;194;land;false;mountain;2
6520;247;233;21;land;false;plains;7
6521;239;164;184;land;false;plains;8
6522;248;222;240;land;false;hills;7
6523;193;145;226;land;false;marsh;1
6524;251;200;248;land;false;forest;1
6525;148;200;159;land;false;mountain;12
6526;159;223;244;land;false;marsh;2
6527;221;154;157;land;false;mountain;7
6528;177;208;248;land;false;urban;2
6529;250;15;245;land;false;mountain;4
6530;216;244;160;land;false;forest;8
6531;230;207;182;land;false;forest;7
6532;241;50;248;land;false;plains;2
6533;234;201;246;land;false;plains;7
6534;203;235;94;land;false;mountain;3
6535;253;253;111;land;false;mountain;10
6536;248;251;93;land;false;plains;2
6537;172;251;110;land;false;marsh;4
6538;99;230;198;land;false;hills;3
6539;188;219;118;land;false;hills;4
6540;225;222;253;land;true;plains;3
6541;141;254;218;land;false;plains;3
6542;118;196;210;land;false;hills;4
6543;226;82;196;land;true;plains;10
6544;33;252;220;land;false;desert;2
6545;206;214;164;land;true;plains;5
6546;200;131;239;land;false;desert;2
6547;146;124;253;land;false;hills;1
6548;230;160;209;land;false;mountain;8
6549;152;146;227;land;false;forest;8
6550;91;199;249;land;false;plains;8
6551;244;65;239;land;false;mountain;10
6552;180;128;215;land;false;plains;10
6553;238;199;251;land;false;plains;10
6554;232;225;142;land;false;marsh;2
6555;232;209;177;land;true;forest;7
6556;180;218;240;land;false;mountain;7
6557;220;155;163;land;false;forest;7
6558;241;192;120;land;false;desert;7
6559;244;164;210;land;true;hills;1
6560;250;206;113;land;false;marsh;2
6561;252;169;178;land;false;hills;1
6562;116;254;163;land;false;hills;3
6563;70;234;213;land;false;hills;2
6564;253;243;83;land;false;plains;4
6565;132;224;170;land;false;plains;10
6566;194;75;241;land;false;hills;2
6567;209;185;228;land;false;urban;3
6568;178;232;190;land;false;mountain;3
6569;167;172;220;land;false;plains;3
6570;221;249;212;land;false;plains;7
6571;233;138;204;land;false;plains;1
6572;202;225;117;land;true;plains;1
6573;145;215;194;land;false;plains;8
6574;195;222;149;land;false;forest;7
6575;216;241;203;land;false;plains;2
6576;203;247;56;land;false;plains;3
6577;245;234;45;land;true;plains;9
6578;208;184;221;land;true;forest;7
6579;254;175;198;land;false;plains;5
6580;224;175;173;land;true;plains;10
6581;205;210;207;land;true;hills;7
6582;110;206;195;land;true;plains;7
6583;252;187;246;land;false;hills;1
6584;81;206;223;land;false;forest;8
6585;145;224;158;land;false;marsh;7
6586;105;231;176;land;false;forest;7
6587;183;178;146;land;false;plains;8
6588;245;59;218;land;false;plains;1
6589;131;245;166;land;false;plains;2
6590;221;115;199;land;false;mountain;8
6591;209;231;84;land;false;plains;8
6592;221;150;146;land;false;plains;1
6593;157;147;207;land;false;hills;3
6594;252;166;144;land;false;plains;8
6595;61;200;247;land;false;plains;1
6596;145;194;185;land;false;plains;5
6597;208;219;235;land;true;plains;1
6598;160;109;251;land;false;plains;1
6599;195;251;120;land;false;plains;1
6600;134;218;190;land;true;urban;7
6601;246;123;200;land;false;forest;8
6602;174;174;209;land;false;forest;8
6603;192;178;154;land;false;hills;1
6604;250;253;213;land;true;plains;1
6605;206;223;228;land;false;hills;4
6606;188;245;206;land;false;mountain;7
6607;191;229;169;land;false;plains;2
6608;209;99;230;land;false;plains;2
6609;182;194;245;land;true;forest;7
6610;152;129;223;land;false;plains;1
6611;231;221;157;land;false;plains;1
6612;245;185;111;land;false;plains;2
6613;162;237;175;land;false;marsh;4
6614;137;136;230;land;false;hills;1
6615;244;130;213;land;true;urban;7
6616;165;235;183;land;false;mountain;7
6617;168;239;175;land;true;plains;1
6618;205;194;192;land;false;hills;7
6619;169;224;148;land;false;mountain;7
6620;212;167;178;land;false;desert;7
6621;138;192;236;land;false;mountain;3
6622;158;218;139;land;false;hills;2
6623;105;232;252;land;false;urban;5
6624;244;140;127;land;false;plains;3
6625;224;94;253;land;false;hills;8
6626;124;140;240;land;false;forest;1
6627;242;108;220;land;false;frozen;12
6628;106;228;178;land;false;jungle;1
6629;153;252;160;land;false;mountain;3
6630;133;137;243;land;true;plains;7
6631;187;243;77;land;true;forest;7
6632;205;136;198;land;false;mountain;7
6633;229;141;202;land;false;plains;3
6634;81;232;228;land;true;forest;1
6635;230;188;201;land;false;forest;2
6636;92;253;247;land;false;plains;2
6637;217;92;201;land;false;plains;8
6638;229;175;146;land;true;plains;3
6639;164;148;238;land;false;hills;2
6640;254;190;154;land;false;desert;1
6641;248;177;136;land;false;forest;2
6642;244;33;236;land;false;plains;1
6643;211;158;171;land;false;forest;4
6644;145;176;225;land;false;plains;3
6645;118;237;184;land;false;salt;2
6646;248;150;162;land;false;mountain;7
6647;226;230;120;land;true;hills;7
6648;233;170;110;land;false;forest;9
6649;190;190;136;land;false;plains;3
6650;251;45;213;land;true;plains;9
6651;118;251;241;land;true;plains;1
6652;177;158;229;land;false;desert;1
6653;238;132;140;land;false;mountain;7
6654;236;239;198;land;false;jungle;8
6655;207;233;212;land;false;plains;4
6656;210;253;111;land;false;desert;2
6657;119;158;226;land;false;hills;7
6658;243;228;55;land;false;desert;2
6659;125;238;196;land;false;hills;8
6660;221;252;37;land;false;hills;8
6661;241;186;251;land;false;mountain;4
6662;248;50;205;land;false;mountain;10
6663;218;232;72;land;false;hills;7
6664;191;234;170;land;false;forest;4
6665;160;191;172;land;false;hills;4
6666;228;156;195;land;false;hills;7
6667;254;219;90;land;false;plains;5
6668;197;248;227;land;false;hills;1
6669;215;237;50;land;false;plains;1
6670;234;200;223;land;false;marsh;7
6671;251;246;212;land;false;jungle;9
6672;184;234;87;land;false;hills;4
6673;211;228;215;land;false;plains;8
6674;204;87;216;land;true;plains;2
6675;207;248;207;land;false;plains;2
6676;247;239;48;land;true;plains;3
6677;84;252;224;land;true;plains;1
6678;148;214;253;land;true;hills;7
6679;235;72;235;land;false;plains;7
6680;252;207;146;land;false;forest;3
6681;90;199;241;land;true;jungle;9
6682;135;249;199;land;true;urban;1
6683;132;172;234;land;false;unknown;7
6684;251;204;76;land;true;urban;1
6685;182;172;167;land;false;hills;8
6686;212;229;224;land;true;forest;8
6687;219;234;51;land;false;forest;1
6688;175;175;237;land;true;hills;1
6689;123;150;245;land;false;plains;8
6690;211;219;140;land;true;forest;8
6691;222;214;80;land;false;plains;7
6692;224;185;97;land;false;forest;8
6693;110;230;232;land;true;hills;4
6694;197;172;214;land;false;plains;2
6695;183;251;76;land;false;plains;5
6696;177;135;198;land;false;plains;1
6697;111;232;187;land;false;plains;1
6698;242;234;225;land;false;plains;7
6699;112;252;207;land;false;mountain;5
6700;164;110;228;land;false;mountain;1
6701;237;133;201;land;false;plains;7
6702;238;36;250;land;false;plains;2
6703;206;243;162;land;false;jungle;7
6704;216;114;178;land;false;forest;7
6705;199;213;160;land;false;plains;1
6706;243;230;119;land;true;plains;1
6707;250;171;126;land;true;forest;7
6708;190;121;203;land;false;plains;7
6709;223;145;212;land;true;plains;8
6710;150;172;245;land;false;jungle;9
6711;182;202;140;land;false;hills;5
6712;54;236;254;land;true;plains;2
6713;235;94;231;land;false;jungle;7
6714;227;213;244;land;false;plains;2
6715;122;242;143;land;true;frozen;11
6716;179;200;143;land;false;plains;7
6717;254;240;126;land;false;plains;3
6718;174;224;146;land;false;plains;2
6719;143;186;201;land;false;mountain;1
6720;162;174;202;land;false;plains;1
6721;181;218;196;land;false;forest;1
6722;229;166;145;land;false;plains;3
6723;85;241;233;land;false;plains;8
6724;244;37;251;land;false;plains;3
6725;147;169;209;land;false;forest;10
6726;177;145;204;land;false;hills;1
6727;206;155;210;land;false;mountain;7
6728;200;251;143;land;true;plains;2
6729;91;190;221;land;true;plains;1
6730;245;232;47;land;false;hills;3
6731;240;89;220;land;false;hills;4
6732;51;222;241;land;false;plains;2
6733;129;236;163;land;false;hills;8
6734;167;251;107;land;false;mountain;2
6735;219;231;155;land;true;plains;8
6736;213;201;102;land;false;forest;8
6737;244;188;120;land;false;desert;2
6738;84;220;243;land;false;desert;1
6739;185;190;250;land;false;forest;3
6740;253;198;213;land;false;hills;8
6741;89;243;179;land;false;hills;2
6742;183;143;198;land;false;forest;1
6743;252;121;223;land;false;plains;5
6744;208;151;203;land;false;plains;7
6745;167;181;165;land;false;marsh;2
6746;224;207;124;land;false;plains;3
6747;253;221;192;land;false;mountain;1
6748;247;254;52;land;false;urban;1
6749;224;174;116;land;false;plains;1
6750;65;244;205;land;false;mountain;7
6751;166;226;216;land;false;mountain;4
6752;196;234;221;land;false;forest;8
6753;233;215;143;land;false;jungle;1
6754;244;187;76;land;false;mountain;1
6755;220;189;214;land;false;forest;10
6756;207;179;174;land;false;plains;8
6757;146;248;162;land;true;desert;8
6758;136;243;152;land;false;hills;2
6759;195;251;174;land;false;hills;3
6760;177;181;216;land;false;plains;1
6761;163;251;156;land;false;plains;1
6762;232;132;236;land;false;desert;1
6763;211;197;165;land;false;plains;1
6764;174;224;232;land;false;mountain;8
6765;169;221;205;land;false;plains;2
6766;215;115;180;land;false;mountain;8
6767;193;168;229;land;false;marsh;7
6768;251;30;226;land;false;hills;1
6769;198;169;163;land;false;plains;5
6770;207;232;252;land;false;mountain;4
6771;205;121;211;land;false;marsh;1
6772;253;231;53;land;true;hills;7
6773;53;247;237;land;false;plains;1
6774;98;226;205;land;false;hills;2
6775;211;145;197;land;false;plains;2
6776;137;185;183;land;false;plains;3
6777;241;192;232;land;false;hills;3
6778;230;135;158;land;false;plains;8
6779;86;186;239;land;false;desert;2
6780;123;167;243;land;false;plains;7
6781;213;191;139;land;false;plains;4
6782;157;195;149;land;false;mountain;1
6783;191;94;226;land;false;plains;9
6784;190;223;158;land;false;hills;7
6785;198;94;236;land;true;hills;1
6786;243;202;192;land;false;plains;8
6787;97;236;236;land;false;plains;2
6788;230;153;184;land;false;urban;1
6789;146;138;235;land;false;hills;1
6790;236;63;235;land;false;forest;1
6791;221;188;196;land;false;mountain;7
6792;169;185;204;land;true;plains;5
6793;245;130;196;land;false;desert;2
6794;170;196;160;land;false;desert;2
6795;189;134;242;land;false;hills;1
6796;216;169;253;land;false;desert;3
6797;137;251;181;land;false;jungle;7
6798;219;166;180;land;false;plains;7
6799;150;247;122;land;false;hills;4
6800;240;148;166;land;false;plains;1
6801;199;209;147;land;false;desert;2
6802;218;55;233;land;true;plains;8
6803;172;96;252;land;false;hills;1
6804;214;180;221;land;false;plains;7
6805;245;219;192;land;false;desert;2
6806;253;211;249;land;false;plains;7
6807;234;237;190;land;false;urban;1
6808;151;190;183;land;false;forest;8
6809;216;76;222;land;true;plains;1
6810;97;231;221;land;true;urban;7
6811;222;156;194;land;false;desert;2
6812;159;186;231;land;false;plains;7
6813;213;157;212;land;false;plains;7
6814;236;163;155;land;true;urban;8
6815;221;217;116;land;false;hills;4
6816;252;26;225;land;false;mountain;1
6817;202;180;151;land;true;hills;1
6818;118;178;210;land;false;plains;3
6819;246;125;206;land;false;hills;1
6820;239;146;149;land;false;hills;1
6821;210;211;214;land;false;hills;1
6822;174;143;251;land;false;hills;5
6823;210;196;133;land;true;desert;1
6824;245;155;211;land;false;plains;1
6825;143;247;134;land;false;plains;8
6826;192;174;227;land;false;plains;2
6827;252;248;72;land;false;forest;7
6828;225;249;167;land;false;forest;10
6829;225;125;218;land;false;plains;1
6830;200;186;125;land;true;plains;3
6831;199;211;133;land;false;plains;4
6832;207;209;170;land;false;mountain;8
6833;241;253;117;land;false;urban;1
6834;185;237;108;land;false;plains;7
6835;122;225;178;land;false;mountain;3
6836;247;186;98;land;false;forest;7
6837;246;228;231;land;false;hills;1
6838;169;232;134;land;false;hills;2
6839;193;240;97;land;false;plains;8
6840;106;232;210;land;false;forest;8
6841;132;234;189;land;false;hills;1
6842;238;234;192;land;false;plains;1
6843;236;148;126;land;false;mountain;2
6844;190;251;239;land;false;forest;1
6845;238;65;216;land;false;jungle;7
6846;244;217;228;land;true;desert;7
6847;174;155;231;land;false;hills;7
6848;228;199;101;land;false;plains;5
6849;134;241;177;land;true;forest;7
6850;188;132;184;land;false;mountain;9
6851;224;149;204;land;false;mountain;4
6852;90;240;218;land;false;volcanic;2
6853;187;116;246;land;false;mountain;7
6854;252;61;222;land;false;plains;4
6855;81;251;188;land;false;marsh;2
6856;143;213;217;land;false;mountain;2
6857;136;199;167;land;false;plains;5
6858;144;232;191;land;false;plains;1
6859;117;248;153;land;false;mountain;7
6860;251;204;208;land;false;hills;3
6861;221;177;166;land;false;mountain;5
6862;168;209;158;land;false;mountain;5
6863;245;121;147;land;false;plains;8
6864;209;215;162;land;false;plains;5
6865;162;206;192;land;false;plains;2
6866;116;204;242;land;false;jungle;1
6867;210;138;229;land;false;mountain;5
6868;199;214;95;land;false;forest;10
6869;146;170;249;land;false;plains;4
6870;168;191;225;land;false;mountain;10
6871;125;170;245;land;true;plains;3
6872;144;239;118;land;true;plains;5
6873;201;146;188;land;false;mountain;4
6874;183;211;173;land;false;jungle;7
6875;196;240;237;land;true;urban;1
6876;168;221;186;land;false;hills;1
6877;186;198;148;land;false;desert;2
6878;42;248;243;land;false;hills;1
6879;210;114;245;land;false;hills;1
6880;207;121;200;land;false;forest;7
6881;223;211;227;land;true;hills;1
6882;176;104;230;land;false;hills;3
6883;188;145;197;land;true;plains;7
6884;210;89;235;land;false;hills;5
6885;208;164;220;land;false;desert;2
6886;113;248;218;land;false;plains;7
6887;247;55;228;land;false;plains;7
6888;145;216;153;land;true;plains;2
6889;126;215;167;land;false;forest;3
6890;254;101;146;land;false;desert;2
6891;211;221;103;land;false;hills;4
6892;120;220;231;land;true;forest;7
6893;230;240;251;land;false;plains;7
6894;123;235;160;land;false;plains;8
6895;160;104;251;land;false;urban;1
6896;244;240;159;land;false;mountain;10
6897;108;254;197;land;false;hills;2
6898;152;222;163;land;true;plains;3
6899;252;221;165;land;false;plains;4
6900;199;140;198;land;false;plains;3
6901;180;241;231;land;false;forest;7
6902;183;107;233;land;false;plains;1
6903;177;147;190;land;false;hills;7
6904;232;76;246;land;false;desert;2
6905;160;217;144;land;false;jungle;7
6906;247;79;216;land;false;plains;1
6907;170;212;174;land;false;plains;3
6908;205;138;248;land;false;desert;7
6909;186;232;101;land;false;plains;7
6910;248;70;253;land;false;jungle;9
6911;216;242;124;land;true;plains;7
6912;181;234;136;land;false;plains;2
6913;136;133;254;land;false;hills;2
6914;238;147;150;land;false;plains;3
6915;211;147;159;land;false;hills;7
6916;221;158;144;land;false;plains;3
6917;149;203;162;land;false;mountain;3
6918;205;133;169;land;false;plains;2
6919;233;216;131;land;false;hills;1
6920;203;149;193;land;false;jungle;9
6921;242;95;223;land;false;mountain;2
6922;206;147;162;land;false;mountain;1
6923;164;176;216;land;true;hills;9
6924;187;220;163;land;false;plains;1
6925;239;106;232;land;false;plains;3
6926;153;171;197;land;false;plains;7
6927;253;179;83;land;false;plains;3
6928;113;210;196;land;false;mountain;1
6929;237;246;228;land;false;hills;1
6930;219;177;251;land;false;plains;2
6931;250;184;213;land;false;mountain;1
6932;171;200;230;land;false;mountain;8
6933;142;189;215;land;false;mountain;1
6934;193;246;253;land;false;mountain;7
6935;218;213;146;land;true;plains;1
6936;165;125;214;land;false;forest;7
6937;190;241;129;land;false;plains;3
6938;167;208;222;land;false;plains;3
6939;184;232;173;land;true;hills;7
6940;176;197;225;land;false;hills;1
6941;159;254;245;land;false;plains;3
6942;188;130;186;land;false;hills;8
6943;109;207;209;land;false;plains;8
6944;181;178;172;land;false;jungle;7
6945;243;118;152;land;false;plains;1
6946;219;175;163;land;false;plains;1
6947;209;70;246;land;false;plains;3
6948;202;108;192;land;false;jungle;2
6949;147;238;220;land;true;plains;7
6950;251;144;129;land;false;desert;2
6951;237;191;208;land;false;mountain;8
6952;157;242;133;land;false;plains;7
6953;75;234;242;land;false;mountain;11
6954;146;128;238;land;false;plains;7
6955;170;207;253;land;false;mountain;7
6956;246;214;176;land;false;marsh;5
6957;148;175;190;land;false;jungle;2
6958;240;201;92;land;false;plains;3
6959;247;105;224;land;false;desert;2
6960;103;252;186;land;false;plains;2
6961;245;134;188;land;false;plains;3
6962;147;237;168;land;true;plains;5
6963;196;106;242;land;false;mountain;2
6964;200;201;183;land;false;hills;1
6965;227;183;205;land;false;plains;1
6966;212;180;111;land;false;plains;8
6967;249;200;123;land;false;jungle;1
6968;211;240;221;land;false;hills;4
6969;239;153;127;land;false;mountain;7
6970;237;248;146;land;false;hills;5
6971;116;253;157;land;false;plains;3
6972;230;242;104;land;false;desert;2
6973;239;169;155;land;false;hills;4
6974;246;139;235;land;false;forest;8
6975;198;231;125;land;true;plains;7
6976;192;134;217;land;false;jungle;7
6977;164;169;173;land;false;plains;8
6978;171;99;249;land;false;forest;1
6979;228;79;254;land;true;plains;8
6980;213;212;107;land;false;marsh;3
6981;222;202;161;land;false;hills;1
6982;98;210;204;land;true;forest;1
6983;171;156;237;land;false;plains;8
6984;174;119;224;land;false;plains;7
6985;242;250;79;land;false;forest;10
6986;238;247;97;land;false;plains;2
6987;231;139;233;land;true;desert;7
6988;188;229;240;land;false;plains;3
6989;115;236;247;land;true;urban;1
6990;222;152;219;land;false;hills;7
6991;254;238;239;land;false;mountain;7
6992;203;93;236;land;false;urban;1
6993;197;117;210;land;false;mountain;2
6994;184;146;241;land;false;mountain;3
6995;205;164;150;land;false;plains;7
6996;151;186;214;land;false;plains;8
6997;194;114;254;land;false;plains;2
6998;224;245;215;land;false;plains;2
6999;193;230;174;land;false;mountain;7
7000;72;243;189;land;false;forest;2
7001;216;240;226;land;false;forest;1
7002;157;206;145;land;true;plains;8
7003;110;186;244;land;false;plains;7
7004;187;205;190;land;false;urban;1
7005;194;209;154;land;true;plains;7
7006;135;205;198;land;false;plains;1
7007;69;202;237;land;true;urban;1
7008;231;222;116;land;false;plains;1
7009;226;251;158;land;false;forest;2
7010;232;202;199;land;false;hills;8
7011;80;196;236;land;false;jungle;4
7012;221;246;118;land;false;forest;8
7013;116;211;236;land;true;plains;7
7014;234;189;214;land;false;plains;7
7015;157;221;162;land;false;plains;1
7016;128;159;254;land;false;forest;8
7017;140;228;201;land;false;plains;8
7018;155;174;229;land;false;plains;2
7019;221;254;210;land;true;mountain;7
7020;170;208;214;land;false;plains;7
7021;204;198;194;land;false;plains;4
7022;249;215;58;land;false;jungle;1
7023;227;237;72;land;false;hills;2
7024;141;207;197;land;false;hills;3
7025;244;202;149;land;false;plains;1
7026;73;223;240;land;false;hills;1
7027;169;212;127;land;false;hills;5
7028;249;110;143;land;false;plains;7
7029;188;217;122;land;false;hills;3
7030;216;151;233;land;false;plains;7
7031;182;113;242;land;false;plains;3
7032;139;212;244;land;false;marsh;2
7033;208;214;186;land;false;hills;3
7034;76;206;239;land;true;plains;5
7035;136;254;247;land;true;forest;10
7036;131;240;180;land;false;plains;5
7037;241;201;188;land;false;plains;4
7038;189;180;165;land;false;hills;8
7039;252;254;196;land;false;forest;7
7040;238;237;67;land;false;plains;2
7041;146;220;156;land;false;plains;3
7042;239;149;253;land;true;plains;2
7043;161;201;254;land;true;plains;5
7044;205;185;157;land;true;hills;9
7045;138;249;204;land;false;mountain;7
7046;148;119;237;land;false;desert;7
7047;219;146;187;land;false;plains;7
7048;153;205;244;land;false;forest;3
7049;179;140;233;land;false;plains;3
7050;61;249;214;land;false;plains;8
7051;102;215;228;land;false;plains;8
7052;179;202;133;land;true;plains;7
7053;216;213;118;land;true;forest;3
7054;226;199;250;land;false;mountain;9
7055;229;219;195;land;true;plains;7
7056;234;90;208;land;false;desert;2
7057;177;215;179;land;false;urban;3
7058;144;211;158;land;false;plains;2
7059;162;155;248;land;false;plains;4
7060;180;247;155;land;true;plains;2
7061;236;230;160;land;true;plains;8
7062;219;229;212;land;false;hills;1
7063;84;254;174;land;false;plains;7
7064;236;251;149;land;false;forest;10
7065;130;248;224;land;false;mountain;1
7066;96;220;205;land;false;jungle;9
7067;170;225;217;land;true;plains;2
7068;225;253;30;land;false;plains;1
7069;179;168;164;land;false;desert;8
7070;80;218;215;land;false;plains;4
7071;197;249;180;land;false;plains;3
7072;70;253;187;land;false;plains;7
7073;76;196;235;land;false;hills;1
7074;251;229;42;land;false;plains;7
7075;214;73;247;land;true;mountain;7
7076;249;79;180;land;false;plains;7
7077;236;113;211;land;false;plains;5
7078;175;139;225;land;false;plains;1
7079;219;209;148;land;false;forest;7
7080;118;219;176;land;false;plains;3
7081;189;229;164;land;false;forest;1
7082;186;222;149;land;false;urban;1
7083;239;246;245;land;false;plains;8
7084;225;144;137;land;true;plains;8
7085;239;132;155;land;false;hills;7
7086;207;221;144;land;false;hills;8
7087;233;173;146;land;true;hills;4
7088;246;131;185;land;false;forest;10
7089;160;223;241;land;false;plains;7
7090;214;206;248;land;false;plains;8
7091;211;86;234;land;false;jungle;9
7092;142;176;199;land;false;hills;7
7093;224;194;233;land;false;plains;3
7094;253;220;215;land;false;hills;4
7095;235;147;187;land;true;urban;7
7096;196;228;184;land;false;desert;3
7097;125;157;254;land;true;jungle;7
7098;87;246;230;land;false;urban;1
7099;219;218;247;land;true;hills;2
7100;163;207;187;land;false;plains;7
7101;114;178;247;land;false;plains;7
7102;237;249;18;land;true;plains;7
7103;241;81;183;land;false;forest;1
7104;187;175;163;land;false;forest;7
7105;198;229;148;land;false;plains;3
7106;161;220;225;land;true;plains;1
7107;155;251;177;land;false;plains;1
7108;137;140;237;land;false;hills;8
7109;50;238;225;land;false;plains;2
7110;175;195;227;land;false;mountain;1
7111;223;237;166;land;false;volcanic;8
7112;226;195;136;land;false;desert;3
7113;247;203;141;land;false;plains;7
7114;241;68;234;land;false;forest;4
7115;89;187;225;land;true;plains;4
7116;200;243;102;land;false;mountain;1
7117;188;153;195;land;false;marsh;1
7118;241;180;248;land;false;plains;7
7119;207;197;152;land;false;marsh;3
7120;65;253;189;land;false;forest;4
7121;221;155;143;land;false;plains;2
7122;252;158;135;land;false;mountain;8
7123;250;234;133;land;false;plains;2
7124;197;249;60;land;true;forest;10
7125;125;147;244;land;false;plains;4
7126;189;246;208;land;false;desert;2
7127;233;187;141;land;false;hills;3
7128;173;221;139;land;true;forest;7
7129;219;149;233;land;false;mountain;7
7130;169;210;126;land;true;urban;5
7131;109;251;181;land;true;hills;1
7132;208;235;221;land;false;mountain;3
7133;86;199;227;land;false;plains;7
7134;164;224;123;land;false;desert;2
7135;169;145;246;land;false;mountain;10
7136;209;192;165;land;false;plains;8
7137;209;183;136;land;false;jungle;9
7138;78;231;236;land;true;hills;7
7139;229;177;210;land;false;plains;7
7140;162;237;204;land;false;forest;8
7141;219;89;226;land;false;desert;8
7142;137;227;199;land;false;hills;7
7143;170;232;174;land;true;plains;7
7144;208;233;91;land;false;plains;2
7145;241;83;223;land;false;plains;7
7146;199;93;209;land;true;hills;1
7147;217;230;94;land;false;desert;3
7148;149;251;173;land;false;mountain;4
7149;123;174;206;land;false;forest;3
7150;71;249;240;land;false;hills;7
7151;254;142;161;land;false;plains;3
7152;250;140;232;land;false;plains;2
7153;228;109;251;land;false;forest;3
7154;169;195;195;land;false;hills;7
7155;159;134;227;land;false;forest;2
7156;226;238;180;land;false;plains;7
7157;46;248;251;land;true;hills;2
7158;169;182;153;land;false;jungle;9
7159;224;160;226;land;false;plains;3
7160;250;137;126;land;false;plains;1
7161;211;250;247;land;false;plains;1
7162;247;172;213;land;false;plains;3
7163;203;240;110;land;false;plains;1
7164;160;249;239;land;false;hills;4
7165;254;127;172;land;false;plains;1
7166;247;166;116;land;false;plains;3
7167;233;214;238;land;false;hills;8
7168;215;80;232;land;false;plains;8
7169;249;217;118;land;false;desert;1
7170;235;231;96;land;true;hills;1
7171;216;158;254;land;false;marsh;1
7172;239;94;211;land;false;mountain;1
7173;152;164;228;land;false;plains;8
7174;225;182;108;land;false;jungle;1
7175;159;237;158;land;false;desert;2
7176;72;225;237;land;false;hills;8
7177;178;166;184;land;false;plains;1
7178;52;236;246;land;false;mountain;3
7179;132;243;191;land;false;plains;7
7180;179;139;252;land;false;plains;4
7181;231;112;203;land;true;urban;1
7182;172;250;88;land;false;urban;8
7183;99;224;233;land;true;forest;12
7184;187;239;175;land;false;plains;8
7185;185;197;234;land;false;jungle;9
7186;129;203;201;land;true;plains;1
7187;168;227;135;land;true;hills;2
7188;238;101;192;land;false;desert;1
7189;194;141;204;land;false;desert;2
7190;238;174;232;land;false;plains;3
7191;170;209;219;land;false;hills;1
7192;142;218;241;land;true;hills;2
7193;250;86;175;land;false;mountain;8
7194;235;200;180;land;false;hills;7
7195;179;181;206;land;false;mountain;7
7196;125;204;239;land;true;hills;1
7197;121;192;245;land;false;hills;7
7198;101;189;240;land;false;plains;1
7199;224;208;193;land;false;hills;7
7200;203;189;178;land;false;forest;1
7201;166;241;158;land;false;mountain;1
7202;225;142;182;land;false;plains;8
7203;109;223;207;land;false;plains;2
7204;250;94;207;land;true;plains;1
7205;211;221;91;land;false;mountain;4
7206;241;212;77;land;false;mountain;9
7207;162;190;164;land;false;mountain;8
7208;104;188;252;land;false;mountain;7
7209;184;171;238;land;false;plains;7
7210;156;232;222;land;true;plains;1
7211;184;179;208;land;false;mountain;7
7212;226;92;189;land;false;hills;7
7213;245;230;64;land;false;forest;9
7214;246;193;94;land;false;hills;5
7215;121;224;224;land;true;jungle;9
7216;187;190;221;land;false;desert;2
7217;164;199;231;land;false;hills;2
7218;234;51;238;land;false;plains;7
7219;139;200;252;land;false;plains;3
7220;150;184;225;land;false;jungle;1
7221;240;154;173;land;false;plains;2
7222;112;219;232;land;false;desert;7
7223;174;200;230;land;true;plains;1
7224;102;195;237;land;false;plains;3
7225;229;143;171;land;true;plains;7
7226;116;186;216;land;false;jungle;9
7227;188;219;159;land;false;plains;7
7228;104;218;210;land;false;jungle;2
7229;162;96;249;land;true;plains;7
7230;225;199;120;land;false;hills;8
7231;148;214;144;land;true;plains;5
7232;171;172;236;land;false;forest;8
7233;253;235;150;land;false;hills;7
7234;167;240;168;land;false;hills;2
7235;222;230;247;land;true;desert;7
7236;211;206;251;land;false;plains;1
7237;140;213;157;land;true;forest;5
7238;225;251;122;land;false;plains;7
7239;115;237;240;land;true;urban;3
7240;104;192;216;land;false;hills;7
7241;226;153;129;land;false;plains;2
7242;166;141;216;land;false;plains;3
7243;245;138;151;land;false;marsh;2
7244;249;247;231;land;false;frozen;12
7245;217;207;153;land;false;desert;2
7246;184;208;232;land;true;plains;7
7247;206;123;252;land;false;desert;3
7248;225;188;109;land;false;jungle;9
7249;22;251;251;land;true;jungle;7
7250;124;226;187;land;false;desert;2
7251;165;186;164;land;true;plains;7
7252;160;190;155;land;true;plains;1
7253;62;237;215;land;true;hills;1
7254;229;207;167;land;true;plains;7
7255;192;93;236;land;false;forest;7
7256;93;226;227;land;false;hills;2
7257;236;109;191;land;false;plains;3
7258;182;222;107;land;false;plains;7
7259;249;252;57;land;false;urban;5
7260;71;251;195;land;false;desert;3
7261;196;220;157;land;false;plains;2
7262;174;220;244;land;false;forest;8
7263;89;250;167;land;false;plains;7
7264;177;168;189;land;false;mountain;10
7265;220;234;179;land;false;volcanic;2
7266;133;188;235;land;true;plains;7
7267;192;120;240;land;true;urban;5
7268;87;237;235;land;false;hills;7
7269;204;166;181;land;false;plains;1
7270;166;141;199;land;false;mountain;9
7271;202;134;252;land;false;hills;3
7272;54;249;246;land;true;plains;2
7273;97;249;165;land;false;hills;1
7274;174;125;207;land;false;plains;8
7275;104;194;234;land;false;marsh;2
7276;144;230;167;land;true;forest;7
7277;215;178;210;land;true;plains;8
7278;235;164;167;land;false;mountain;3
7279;69;228;208;land;false;plains;8
7280;225;89;198;land;false;plains;2
7281;182;243;110;land;false;forest;8
7282;158;244;211;land;false;forest;7
7283;63;252;236;land;false;hills;1
7284;63;253;185;land;false;mountain;7
7285;235;236;98;land;true;urban;7
7286;242;17;243;land;false;plains;7
7287;236;244;241;land;false;desert;8
7288;254;211;148;land;false;plains;2
7289;213;126;197;land;false;mountain;8
7290;189;176;175;land;false;plains;8
7291;242;253;25;land;true;hills;1
7292;209;106;197;land;true;plains;1
7293;169;134;254;land;false;mountain;2
7294;233;154;168;land;true;plains;2
7295;249;236;101;land;false;forest;8
7296;67;248;212;land;true;urban;7
7297;204;173;135;land;false;forest;7
7298;163;231;160;land;true;jungle;2
7299;217;202;165;land;true;forest;8
7300;132;202;190;land;false;desert;8
7301;253;49;241;land;false;hills;1
7302;194;204;137;land;false;hills;7
7303;71;254;203;land;false;hills;2
7304;199;211;227;land;false;mountain;1
7305;210;80;214;land;true;plains;5
7306;194;166;239;land;false;forest;7
7307;195;90;253;land;false;plains;2
7308;162;138;252;land;false;mountain;4
7309;238;30;253;land;false;jungle;7
7310;231;250;82;land;false;plains;1
7311;103;247;252;land;false;plains;5
7312;147;162;195;land;true;plains;2
7313;221;116;165;land;false;mountain;8
7314;116;246;174;land;false;mountain;1
7315;129;220;247;land;false;desert;2
7316;103;174;249;land;false;hills;8
7317;206;246;69;land;false;hills;7
7318;194;171;165;land;true;plains;8
7319;119;253;207;land;false;jungle;7
7320;201;169;152;land;false;plains;7
7321;226;191;170;land;false;urban;8
7322;229;129;166;land;true;hills;1
7323;55;54;99;sea;true;ocean;0
7324;236;147;144;land;true;forest;7
7325;61;224;224;land;false;desert;8
7326;243;239;144;land;false;jungle;4
7327;221;174;128;land;false;jungle;1
7328;170;112;248;land;false;plains;8
7329;219;154;213;land;true;plains;4
7330;185;108;226;land;false;hills;2
7331;235;215;184;land;false;plains;5
7332;205;223;154;land;false;hills;1
7333;40;40;53;sea;true;ocean;0
7334;163;205;156;land;false;forest;9
7335;72;238;243;land;false;jungle;4
7336;236;168;245;land;false;hills;8
7337;178;215;111;land;false;hills;8
7338;128;189;228;land;false;mountain;3
7339;249;244;168;land;false;marsh;2
7340;163;196;165;land;false;forest;8
7341;253;139;132;land;false;plains;2
7342;228;81;201;land;false;forest;3
7343;223;158;191;land;true;hills;2
7344;239;86;191;land;true;plains;7
7345;188;186;144;land;false;marsh;2
7346;208;161;196;land;true;salt;7
7347;209;201;162;land;false;plains;8
7348;42;207;254;land;false;forest;8
7349;211;160;223;land;false;plains;7
7350;236;250;78;land;true;marsh;2
7351;197;129;233;land;false;plains;2
7352;218;216;67;land;false;plains;1
7353;133;216;209;land;false;plains;3
7354;222;212;196;land;false;forest;1
7355;123;240;140;land;false;plains;3
7356;144;224;196;land;false;mountain;3
7357;239;236;36;land;true;marsh;2
7358;146;161;234;land;false;hills;8
7359;195;183;141;land;true;hills;7
7360;145;249;123;land;false;desert;2
7361;247;200;195;land;false;plains;7
7362;89;253;206;land;true;forest;3
7363;223;244;212;land;false;forest;7
7364;215;83;252;land;true;plains;1
7365;211;246;108;land;false;forest;1
7366;248;186;155;land;false;mountain;7
7367;226;237;137;land;false;plains;7
7368;165;251;177;land;false;plains;2
7369;193;147;245;land;false;marsh;7
7370;206;242;82;land;false;plains;3
7371;157;198;228;land;false;desert;2
7372;23;234;248;land;false;plains;3
7373;154;204;239;land;false;hills;7
7374;147;178;245;land;false;mountain;4
7375;183;229;211;land;false;mountain;3
7376;248;28;252;land;false;plains;2
7377;106;199;218;land;false;plains;1
7378;141;169;210;land;true;plains;7
7379;157;252;180;land;false;plains;2
7380;193;201;214;land;true;urban;7
7381;194;124;245;land;true;plains;7
7382;170;233;109;land;false;plains;5
7383;236;216;187;land;false;forest;9
7384;100;192;239;land;false;plains;8
7385;203;248;244;land;false;desert;2
7386;127;237;209;land;false;plains;7
7387;251;140;110;land;false;forest;3
7388;177;241;227;land;true;urban;1
7389;211;88;247;land;false;plains;4
7390;181;163;171;land;true;urban;2
7391;215;144;253;land;true;plains;1
7392;176;164;162;land;false;urban;7
7393;162;237;170;land;false;forest;1
7394;179;114;212;land;false;plains;7
7395;145;146;215;land;true;jungle;9
7396;179;227;184;land;false;hills;1
7397;205;184;126;land;false;volcanic;8
7398;133;202;175;land;false;forest;7
7399;250;215;241;land;true;urban;5
7400;205;202;140;land;false;mountain;4
7401;232;94;228;land;false;plains;7
7402;22;63;56;sea;true;water_shallow_sea;0
7403;178;122;219;land;false;mountain;7
7404;174;83;245;land;false;forest;8
7405;193;198;170;land;false;hills;3
7406;217;240;149;land;false;desert;1
7407;215;211;218;land;true;plains;8
7408;204;161;190;land;false;urban;7
7409;238;231;51;land;false;plains;3
7410;199;198;149;land;false;plains;7
7411;214;229;91;land;false;plains;7
7412;114;188;211;land;false;mountain;7
7413;224;49;254;land;false;jungle;9
7414;218;117;254;land;false;forest;8
7415;251;213;174;land;false;plains;7
7416;178;229;212;land;false;forest;7
7417;218;128;160;land;false;mountain;2
7418;231;241;30;land;false;plains;3
7419;198;222;148;land;false;plains;1
7420;207;175;161;land;false;plains;2
7421;249;210;207;land;false;desert;2
7422;219;169;154;land;true;plains;7
7423;144;206;158;land;true;plains;1
7424;213;207;165;land;false;forest;4
7425;164;196;185;land;false;plains;7
7426;250;47;207;land;false;plains;7
7427;201;246;137;land;true;forest;2
7428;169;235;232;land;false;mountain;2
7429;209;215;240;land;false;forest;10
7430;150;143;215;land;true;plains;3
7431;210;207;157;land;false;desert;2
7432;247;55;216;land;false;mountain;7
7433;50;234;224;land;false;mountain;7
7434;223;250;200;land;true;urban;1
7435;237;94;202;land;false;forest;2
7436;195;186;147;land;false;marsh;5
7437;253;190;198;land;false;hills;8
7438;232;230;174;land;false;plains;7
7439;205;240;79;land;false;desert;8
7440;93;166;247;land;false;plains;1
7441;121;222;187;land;false;urban;3
7442;185;211;227;land;false;plains;2
7443;214;115;211;land;true;plains;7
7444;219;78;223;land;true;plains;4
7445;240;162;151;land;false;hills;3
7446;213;183;175;land;false;plains;2
7447;214;205;204;land;false;mountain;10
7448;89;238;227;land;false;mountain;1
7449;196;208;102;land;true;marsh;5
7450;191;234;103;land;true;plains;9
7451;212;216;152;land;false;mountain;2
7452;220;142;247;land;false;plains;1
7453;126;243;147;land;false;desert;2
7454;163;84;254;land;false;plains;7
7455;223;152;227;land;false;hills;7
7456;246;128;210;land;false;plains;4
7457;251;184;233;land;false;plains;1
7458;63;251;192;land;true;plains;7
7459;86;182;245;land;false;urban;1
7460;189;160;194;land;false;hills;2
7461;147;199;203;land;false;hills;5
7462;204;129;215;land;false;forest;2
7463;199;174;172;land;false;forest;1
7464;232;40;252;land;false;hills;2
7465;188;139;222;land;false;mountain;1
7466;225;181;190;land;false;plains;8
7467;174;232;199;land;false;marsh;5
7468;246;229;44;land;false;hills;8
7469;63;210;251;land;false;hills;7
7470;233;212;105;land;false;plains;1
7471;236;180;102;land;false;desert;7
7472;160;243;154;land;false;plains;5
7473;243;153;152;land;false;plains;7
7474;214;225;201;land;true;urban;2
7475;199;199;228;land;false;plains;8
7476;238;191;180;land;false;plains;4
7477;190;175;217;land;false;urban;1
7478;210;210;251;land;true;forest;1
7479;185;201;123;land;false;forest;4
7480;110;218;222;land;false;jungle;1
7481;209;240;185;land;false;plains;1
7482;235;70;239;land;true;forest;10
7483;92;214;244;land;false;plains;7
7484;211;163;162;land;false;plains;1
7485;125;249;130;land;false;plains;7
7486;151;226;151;land;false;urban;5
7487;177;156;196;land;false;forest;3
7488;224;183;164;land;false;mountain;7
7489;223;153;241;land;false;plains;2
7490;216;238;127;land;false;hills;7
7491;238;184;192;land;false;hills;7
7492;247;213;250;land;false;salt;2
7493;78;196;237;land;false;forest;10
7494;52;230;244;land;false;plains;5
7495;247;69;238;land;false;plains;1
7496;194;125;232;land;false;desert;2
7497;203;188;238;land;false;plains;3
7498;212;165;189;land;false;marsh;1
7499;203;231;109;land;false;plains;1
7500;114;231;239;land;false;mountain;3
7501;212;215;213;land;false;plains;8
7502;147;230;185;land;false;plains;7
7503;200;201;154;land;true;jungle;7
7504;196;81;238;land;false;forest;7
7505;217;94;202;land;false;plains;3
7506;199;229;202;land;false;plains;4
7507;151;226;187;land;false;plains;8
7508;167;191;237;land;false;plains;3
7509;186;120;217;land;false;mountain;9
7510;234;247;172;land;true;plains;5
7511;239;176;218;land;false;forest;3
7512;247;125;159;land;false;hills;1
7513;98;245;203;land;false;plains;3
7514;123;184;207;land;false;mountain;2
7515;167;176;242;land;false;plains;2
7516;117;229;254;land;false;plains;2
7517;45;219;243;land;false;forest;4
7518;182;116;237;land;true;plains;3
7519;189;154;247;land;false;marsh;2
7520;91;242;231;land;false;plains;2
7521;186;191;164;land;false;forest;3
7522;181;212;151;land;false;mountain;7
7523;252;59;253;land;false;forest;7
7524;79;199;250;land;true;plains;4
7525;246;108;156;land;false;mountain;1
7526;188;121;231;land;false;plains;7
7527;218;176;144;land;false;desert;8
7528;135;221;224;land;false;plains;8
7529;164;216;124;land;false;plains;8
7530;241;111;167;land;false;marsh;5
7531;174;252;232;land;false;hills;5
7532;236;210;249;land;false;mountain;7
7533;49;248;217;land;false;plains;4
7534;229;250;49;land;true;plains;2
7535;225;219;155;land;false;plains;3
7536;126;212;174;land;false;desert;2
7537;193;150;252;land;false;hills;7
7538;180;203;165;land;true;plains;7
7539;174;246;177;land;false;forest;5
7540;37;247;234;land;true;hills;1
7541;184;108;238;land;false;plains;1
7542;229;217;181;land;false;plains;5
7543;250;170;177;land;false;forest;1
7544;55;246;202;land;false;plains;8
7545;239;184;79;land;false;jungle;7
7546;233;116;226;land;true;hills;1
7547;182;226;126;land;false;mountain;1
7548;208;214;240;land;false;plains;3
7549;132;233;222;land;false;plains;2
7550;250;42;238;land;false;forest;7
7551;50;233;242;land;false;desert;2
7552;226;245;229;land;false;desert;2
7553;245;73;191;land;false;hills;7
7554;82;250;204;land;false;plains;1
7555;247;177;200;land;false;hills;2
7556;223;196;169;land;false;plains;1
7557;161;253;177;land;false;desert;2
7558;236;183;198;land;false;forest;3
7559;215;233;82;land;true;plains;2
7560;242;239;153;land;false;plains;1
7561;128;186;217;land;false;hills;1
7562;222;114;225;land;false;plains;2
7563;251;205;161;land;false;hills;1
7564;110;250;173;land;false;jungle;9
7565;248;229;154;land;false;hills;7
7566;177;185;215;land;true;plains;9
7567;138;182;244;land;true;plains;1
7568;229;251;51;land;false;plains;3
7569;182;235;213;land;false;plains;1
7570;189;131;196;land;false;plains;1
7571;54;204;248;land;true;hills;1
7572;138;219;207;land;false;hills;3
7573;218;190;183;land;false;marsh;2
7574;211;169;122;land;false;plains;1
7575;252;206;243;land;false;plains;7
7576;238;236;83;land;true;forest;10
7577;230;46;248;land;false;plains;2
7578;110;201;227;land;false;forest;1
7579;237;176;187;land;false;mountain;1
7580;230;151;151;land;false;plains;1
7581;247;93;202;land;false;plains;7
7582;249;125;229;land;false;desert;1
7583;70;192;242;land;false;hills;2
7584;253;217;62;land;false;hills;7
7585;220;105;206;land;false;hills;4
7586;230;212;86;land;false;desert;2
7587;250;252;180;land;false;forest;7
7588;99;207;224;land;false;plains;7
7589;251;159;229;land;false;forest;1
7590;167;126;208;land;false;plains;2
7591;108;241;216;land;false;plains;8
7592;170;117;214;land;false;forest;4
7593;223;233;251;land;false;hills;1
7594;227;179;216;land;false;hills;7
7595;219;222;206;land;false;plains;1
7596;177;230;226;land;false;marsh;2
7597;132;204;182;land;false;plains;3
7598;140;254;142;land;true;plains;5
7599;148;204;244;land;true;mountain;10
7600;235;207;247;land;true;hills;9
7601;239;155;111;land;false;plains;3
7602;205;250;86;land;false;forest;7
7603;225;248;68;land;true;plains;7
7604;246;178;112;land;false;forest;3
7605;199;162;214;land;false;salt;2
7606;219;58;233;land;false;forest;7
7607;224;254;213;land;false;mountain;1
7608;167;113;229;land;false;hills;8
7609;169;161;214;land;false;plains;2
7610;198;245;131;land;false;plains;8
7611;43;215;243;land;false;plains;3
7612;203;96;229;land;false;hills;5
7613;140;177;247;land;false;plains;8
7614;109;191;244;land;false;hills;8
7615;52;235;221;land;true;plains;7
7616;214;134;220;land;false;plains;2
7617;250;207;246;land;false;hills;8
7618;197;251;251;land;false;plains;8
7619;214;254;165;land;true;plains;8
7620;248;19;234;land;true;hills;1
7621;238;251;254;land;false;plains;1
7622;199;155;214;land;false;hills;2
7623;241;184;187;land;false;jungle;7
7624;165;169;198;land;false;plains;7
7625;234;251;156;land;false;plains;8
7626;253;192;191;land;false;hills;7
7627;240;121;165;land;false;hills;8
7628;238;211;93;land;true;mountain;1
7629;226;234;212;land;false;forest;8
7630;183;122;254;land;false;mountain;3
7631;107;175;245;land;false;hills;5
7632;106;234;184;land;false;mountain;7
7633;189;234;191;land;false;plains;1
7634;252;150;177;land;false;mountain;2
7635;215;228;160;land;false;marsh;2
7636;192;208;111;land;true;plains;9
7637;219;221;225;land;true;jungle;9
7638;231;161;146;land;false;plains;4
7639;207;213;206;land;false;plains;3
7640;182;100;219;land;false;desert;2
7641;122;241;171;land;false;desert;2
7642;79;242;202;land;false;plains;7
7643;123;205;254;land;false;plains;4
7644;204;113;221;land;false;hills;5
7645;244;65;221;land;false;forest;8
7646;246;75;201;land;false;mountain;8
7647;231;210;222;land;false;marsh;4
7648;247;196;106;land;false;plains;3
7649;166;218;237;land;false;hills;3
7650;242;192;193;land;false;forest;7
7651;243;229;58;land;false;plains;3
7652;224;197;193;land;true;forest;1
7653;246;250;252;land;false;hills;8
7654;166;153;195;land;false;plains;7
7655;215;89;229;land;false;mountain;1
7656;234;249;174;land;false;desert;2
7657;219;70;229;land;false;mountain;2
7658;61;203;240;land;false;mountain;7
7659;126;199;180;land;false;plains;7
7660;240;207;55;land;false;plains;10
7661;186;250;191;land;true;plains;5
7662;254;59;197;land;false;plains;1
7663;233;174;117;land;false;forest;8
7664;249;248;224;land;false;plains;8
7665;252;40;243;land;true;forest;8
7666;214;243;231;land;false;hills;2
7667;184;157;194;land;false;plains;8
7668;203;127;240;land;false;hills;8
7669;99;247;164;land;false;mountain;2
7670;243;172;182;land;false;forest;10
7671;153;206;250;land;true;urban;7
7672;208;249;170;land;false;forest;10
7673;163;214;225;land;true;urban;3
7674;200;243;130;land;true;hills;1
7675;198;133;233;land;false;plains;8
7676;98;212;210;land;true;hills;1
7677;139;237;175;land;false;mountain;2
7678;149;182;187;land;false;mountain;1
7679;76;60;66;sea;true;ocean;0
7680;237;222;200;land;true;urban;7
7681;146;204;219;land;true;mountain;1
7682;222;250;32;land;false;jungle;9
7683;80;189;252;land;false;marsh;2
7684;251;232;83;land;true;forest;10
7685;131;232;144;land;true;desert;7
7686;123;249;162;land;false;forest;10
7687;84;233;199;land;true;hills;9
7688;245;133;181;land;false;mountain;7
7689;248;254;22;land;false;plains;3
7690;194;246;79;land;true;forest;1
7691;229;170;104;land;false;salt;2
7692;222;206;225;land;false;salt;2
7693;57;248;207;land;false;mountain;1
7694;183;236;146;land;false;urban;1
7695;178;246;113;land;true;desert;7
7696;199;164;216;land;false;hills;8
7697;241;219;91;land;false;desert;1
7698;170;115;226;land;false;jungle;1
7699;163;246;159;land;true;plains;8
7700;233;217;145;land;false;plains;7
7701;206;245;233;land;false;desert;7
7702;62;232;254;land;true;hills;7
7703;191;180;146;land;false;hills;8
7704;213;178;155;land;true;plains;5
7705;175;181;174;land;false;mountain;2
7706;161;150;217;land;true;plains;1
7707;170;195;223;land;false;forest;1
7708;156;247;204;land;false;forest;1
7709;196;176;210;land;false;mountain;8
7710;168;243;94;land;false;mountain;1
7711;174;167;190;land;false;plains;3
7712;188;94;233;land;false;mountain;4
7713;200;220;166;land;false;plains;1
7714;236;243;37;land;false;hills;7
7715;172;128;204;land;false;hills;2
7716;247;209;121;land;false;jungle;1
7717;238;163;140;land;true;plains;8
7718;91;253;250;land;false;plains;3
7719;97;214;197;land;false;forest;7
7720;245;81;214;land;false;plains;8
7721;226;189;192;land;false;plains;3
7722;155;228;204;land;false;hills;4
7723;216;90;248;land;false;forest;2
7724;201;184;180;land;true;plains;2
7725;208;193;175;land;false;forest;4
7726;232;234;85;land;false;hills;1
7727;246;212;132;land;false;plains;7
7728;155;162;230;land;false;forest;7
7729;202;215;190;land;false;mountain;1
7730;106;213;242;land;false;forest;1
7731;192;221;160;land;false;plains;7
7732;182;142;236;land;false;mountain;3
7733;60;224;247;land;false;plains;3
7734;205;191;183;land;false;desert;2
7735;111;244;213;land;true;marsh;1
7736;124;227;235;land;true;forest;3
7737;181;200;212;land;false;plains;1
7738;109;194;233;land;false;plains;3
7739;233;112;237;land;true;hills;4
7740;253;180;172;land;false;plains;8
7741;232;188;107;land;false;forest;8
7742;148;221;208;land;false;desert;2
7743;194;121;234;land;false;marsh;1
7744;190;167;173;land;false;plains;8
7745;111;230;194;land;false;plains;3
7746;167;252;214;land;true;hills;1
7747;254;157;189;land;false;plains;4
7748;213;139;209;land;false;plains;8
7749;225;178;161;land;false;hills;5
7750;163;150;247;land;false;plains;7
7751;125;208;179;land;false;plains;1
7752;150;140;239;land;false;hills;1
7753;210;177;244;land;true;forest;10
7754;180;194;164;land;false;forest;7
7755;142;249;180;land;false;hills;1
7756;182;213;130;land;false;urban;7
7757;252;254;47;land;false;mountain;4
7758;119;175;213;land;false;jungle;9
7759;252;201;203;land;true;hills;7
7760;100;152;250;land;false;hills;3
7761;194;117;199;land;false;mountain;7
7762;249;184;245;land;false;forest;4
7763;209;249;83;land;false;plains;7
7764;237;116;254;land;false;plains;4
7765;249;212;94;land;false;hills;1
7766;223;247;182;land;true;plains;1
7767;51;247;253;land;false;plains;7
7768;146;158;199;land;false;plains;3
7769;250;171;188;land;false;mountain;8
7770;44;246;240;land;false;plains;1
7771;45;247;218;land;false;plains;7
7772;246;168;182;land;false;marsh;2
7773;141;150;214;land;false;desert;2
7774;251;253;69;land;false;desert;2
7775;162;145;195;land;false;plains;8
7776;248;233;238;land;false;plains;3
7777;169;252;176;land;true;plains;1
7778;227;229;237;land;true;plains;8
7779;65;247;248;land;false;plains;7
7780;221;191;172;land;false;plains;5
7781;250;147;133;land;false;hills;8
7782;185;248;80;land;false;jungle;9
7783;220;96;242;land;true;plains;10
7784;240;102;170;land;false;plains;3
7785;240;175;243;land;false;forest;2
7786;247;106;205;land;true;plains;8
7787;230;232;162;land;false;plains;2
7788;244;58;223;land;false;plains;8
7789;168;100;245;land;false;plains;2
7790;251;242;8;land;true;plains;7
7791;224;165;168;land;false;desert;2
7792;182;108;212;land;false;plains;7
7793;201;215;235;land;true;plains;10
7794;195;188;222;land;false;plains;7
7795;186;90;248;land;false;hills;5
7796;185;134;241;land;false;plains;7
7797;130;196;181;land;false;forest;7
7798;182;125;238;land;false;plains;2
7799;252;133;239;land;true;mountain;1
7800;212;196;248;land;false;hills;7
7801;244;234;85;land;false;desert;2
7802;120;165;252;land;false;plains;8
7803;236;134;132;land;false;mountain;1
7804;213;210;112;land;false;desert;2
7805;232;152;162;land;false;hills;1
7806;237;139;128;land;false;mountain;2
7807;242;94;230;land;true;plains;5
7808;188;223;91;land;false;mountain;7
7809;214;215;160;land;false;hills;4
7810;223;250;251;land;false;hills;7
7811;194;192;207;land;true;plains;8
7812;233;133;252;land;false;plains;7
7813;247;236;246;land;false;plains;5
7814;250;116;219;land;true;plains;8
7815;242;168;153;land;false;plains;1
7816;234;120;237;land;false;desert;2
7817;179;246;196;land;true;marsh;2
7818;155;167;219;land;false;jungle;9
7819;236;166;100;land;true;hills;1
7820;212;85;224;land;true;hills;1
7821;239;114;200;land;false;urban;8
7822;247;149;186;land;true;plains;1
7823;253;180;78;land;false;mountain;1
7824;132;220;155;land;true;urban;7
7825;206;236;139;land;false;forest;8
7826;236;204;116;land;false;mountain;8
7827;209;196;106;land;false;plains;1
7828;217;236;95;land;false;forest;7
7829;225;88;215;land;true;plains;1
7830;104;239;242;land;false;hills;4
7831;135;164;249;land;false;plains;5
7832;212;229;108;land;false;plains;2
7833;93;242;244;land;false;hills;7
7834;254;130;199;land;false;plains;3
7835;158;162;228;land;false;forest;8
7836;253;134;215;land;false;plains;5
7837;171;196;157;land;false;desert;3
7838;106;178;239;land;false;desert;2
7839;214;216;161;land;false;mountain;1
7840;236;110;190;land;true;hills;1
7841;180;232;141;land;false;forest;8
7842;229;207;137;land;false;plains;2
7843;106;248;164;land;false;mountain;1
7844;109;239;249;land;true;plains;4
7845;250;195;92;land;true;urban;1
7846;133;188;231;land;false;forest;8
7847;200;232;75;land;false;mountain;7
7848;172;237;191;land;false;hills;2
7849;233;154;230;land;false;plains;1
7850;195;244;129;land;false;hills;2
7851;190;185;174;land;false;mountain;7
7852;160;217;171;land;false;desert;2
7853;236;218;136;land;false;plains;8
7854;207;72;224;land;false;hills;2
7855;201;224;114;land;false;plains;7
7856;131;225;230;land;false;plains;5
7857;235;130;206;land;false;plains;7
7858;129;207;180;land;false;desert;2
7859;242;206;220;land;false;plains;7
7860;189;233;241;land;false;desert;1
7861;220;145;207;land;false;mountain;1
7862;128;242;202;land;false;desert;7
7863;219;137;183;land;false;urban;2
7864;117;216;253;land;false;plains;7
7865;186;139;210;land;false;plains;3
7866;134;150;236;land;false;plains;5
7867;128;181;250;land;false;plains;3
7868;153;154;207;land;true;plains;7
7869;215;184;208;land;false;mountain;10
7870;217;246;201;land;false;desert;2
7871;153;190;251;land;false;mountain;5
7872;236;244;28;land;false;forest;7
7873;225;116;208;land;false;mountain;1
7874;172;103;247;land;false;forest;10
7875;205;238;242;land;false;plains;1
7876;248;232;248;land;false;plains;8
7877;200;254;212;land;false;marsh;4
7878;246;179;168;land;false;mountain;7
7879;254;174;107;land;false;plains;8
7880;192;214;195;land;false;desert;3
7881;231;149;228;land;false;marsh;2
7882;248;163;192;land;false;plains;2
7883;252;208;228;land;false;plains;4
7884;165;246;128;land;false;hills;4
7885;169;185;234;land;false;forest;5
7886;233;142;203;land;false;plains;3
7887;212;173;184;land;false;plains;7
7888;171;221;160;land;true;plains;7
7889;194;182;160;land;true;desert;7
7890;252;196;167;land;true;jungle;9
7891;177;243;87;land;false;plains;4
7892;202;147;166;land;false;forest;7
7893;126;209;244;land;false;plains;7
7894;137;248;252;land;false;plains;1
7895;172;195;184;land;false;plains;2
7896;220;145;211;land;false;plains;1
7897;219;224;92;land;false;plains;7
7898;207;154;146;land;false;hills;7
7899;140;177;203;land;false;plains;7
7900;190;162;167;land;false;mountain;1
7901;195;238;137;land;false;plains;7
7902;244;249;48;land;true;plains;1
7903;242;137;142;land;true;plains;10
7904;248;21;253;land;false;plains;1
7905;140;240;177;land;false;hills;7
7906;230;213;247;land;true;plains;9
7907;88;212;206;land;false;forest;4
7908;176;218;238;land;false;hills;8
7909;184;110;243;land;false;plains;2
7910;219;102;231;land;true;hills;8
7911;220;252;229;land;false;plains;1
7912;181;126;240;land;false;plains;2
7913;229;159;214;land;false;plains;2
7914;214;99;254;land;true;urban;1
7915;141;227;208;land;false;plains;7
7916;235;172;132;land;false;mountain;1
7917;170;219;178;land;false;desert;1
7918;105;239;201;land;false;plains;8
7919;237;233;237;land;false;hills;3
7920;242;250;113;land;false;plains;7
7921;113;233;215;land;false;hills;4
7922;187;167;166;land;true;jungle;9
7923;180;206;246;land;false;hills;1
7924;92;223;214;land;false;mountain;1
7925;203;237;239;land;false;marsh;2
7926;128;248;145;land;false;hills;7
7927;221;219;179;land;false;jungle;7
7928;131;146;242;land;false;plains;10
7929;134;199;201;land;false;plains;1
7930;217;243;170;land;true;hills;9
7931;193;252;206;land;false;marsh;4
7932;249;70;183;land;false;plains;3
7933;182;181;221;land;true;plains;8
7934;233;239;68;land;false;marsh;3
7935;189;166;167;land;false;plains;1
7936;167;179;224;land;false;plains;1
7937;141;166;232;land;false;desert;8
7938;190;237;198;land;true;plains;7
7939;247;117;146;land;false;mountain;7
7940;178;85;241;land;false;urban;2
7941;240;240;154;land;true;plains;3
7942;220;101;247;land;false;jungle;1
7943;251;244;121;land;false;plains;1
7944;168;169;232;land;false;plains;3
7945;234;235;106;land;false;plains;8
7946;199;178;162;land;false;desert;1
7947;223;67;211;land;false;plains;9
7948;118;214;208;land;false;plains;3
7949;197;246;177;land;false;plains;3
7950;125;236;254;land;false;plains;7
7951;149;201;225;land;true;plains;8
7952;245;211;50;land;true;plains;1
7953;233;130;149;land;false;plains;1
7954;215;254;54;land;false;forest;7
7955;225;67;251;land;false;mountain;7
7956;222;251;242;land;false;plains;7
7957;225;117;220;land;false;jungle;1
7958;218;222;109;land;false;plains;7
7959;246;114;182;land;false;plains;3
7960;198;186;242;land;true;urban;8
7961;150;250;216;land;false;plains;8
7962;239;163;189;land;false;plains;2
7963;200;201;145;land;false;mountain;3
7964;252;238;197;land;false;plains;4
7965;219;117;227;land;false;mountain;9
7966;209;83;253;land;false;plains;4
7967;232;206;101;land;true;hills;4
7968;236;147;161;land;false;marsh;4
7969;223;179;169;land;false;plains;2
7970;239;219;75;land;false;hills;8
7971;240;242;41;land;false;plains;2
7972;166;146;202;land;false;plains;2
7973;130;238;182;land;false;forest;10
7974;171;182;245;land;false;mountain;1
7975;183;221;225;land;false;desert;2
7976;250;198;99;land;false;plains;7
7977;249;140;209;land;true;hills;7
7978;159;189;183;land;false;marsh;10
7979;169;242;213;land;true;forest;5
7980;130;245;235;land;true;forest;2
7981;250;158;135;land;true;plains;8
7982;188;168;209;land;true;plains;3
7983;218;239;246;land;false;volcanic;2
7984;176;253;111;land;false;hills;1
7985;117;199;205;land;false;desert;2
7986;85;249;196;land;false;mountain;1
7987;218;250;115;land;false;forest;4
7988;161;216;129;land;false;desert;7
7989;226;158;250;land;false;hills;1
7990;43;30;45;sea;true;ocean;0
7991;150;249;202;land;false;mountain;7
7992;162;173;201;land;false;volcanic;2
7993;214;204;137;land;false;urban;2
7994;239;247;159;land;false;jungle;7
7995;252;61;249;land;false;hills;8
7996;139;215;153;land;false;forest;10
7997;235;65;207;land;false;forest;2
7998;72;212;238;land;false;desert;7
7999;121;241;166;land;false;plains;2
8000;211;176;250;land;false;plains;7
8001;156;253;105;land;false;desert;5
8002;74;193;239;land;false;forest;7
8003;142;205;229;land;true;plains;3
8004;233;106;181;land;false;plains;7
8005;233;175;192;land;false;forest;10
8006;188;150;248;land;true;forest;4
8007;251;237;13;land;false;marsh;2
8008;229;139;229;land;false;plains;7
8009;133;193;191;land;false;plains;8
8010;236;218;186;land;false;volcanic;2
8011;236;138;229;land;false;desert;3
8012;212;173;159;land;false;hills;1
8013;163;250;208;land;false;plains;3
8014;245;63;231;land;false;mountain;7
8015;138;125;251;land;true;forest;7
8016;199;100;243;land;false;plains;3
8017;202;166;187;land;false;desert;1
8018;181;124;232;land;false;plains;2
8019;231;197;95;land;false;mountain;1
8020;250;224;95;land;false;mountain;1
8021;103;201;199;land;false;desert;2
8022;173;169;202;land;false;forest;5
8023;234;59;223;land;true;plains;2
8024;158;249;246;land;false;plains;1
8025;65;239;242;land;false;hills;2
8026;151;228;141;land;true;urban;5
8027;235;245;114;land;false;hills;1
8028;245;132;124;land;false;forest;7
8029;151;242;144;land;false;plains;2
8030;140;156;225;land;false;jungle;9
8031;179;242;202;land;false;mountain;7
8032;159;158;230;land;false;hills;7
8033;173;161;183;land;true;forest;10
8034;155;107;246;land;false;desert;8
8035;227;203;249;land;false;mountain;7
8036;216;182;186;land;false;plains;8
8037;192;200;181;land;false;plains;2
8038;200;128;236;land;false;plains;1
8039;237;221;162;land;true;jungle;7
8040;122;190;241;land;false;mountain;3
8041;240;129;160;land;false;forest;4
8042;147;170;207;land;true;plains;3
8043;157;216;223;land;false;hills;7
8044;215;140;203;land;false;plains;7
8045;181;129;213;land;false;mountain;7
8046;117;141;243;land;false;plains;1
8047;140;206;206;land;true;forest;3
8048;75;214;220;land;false;hills;7
8049;190;178;248;land;false;hills;5
8050;129;174;217;land;false;hills;3
8051;175;228;165;land;false;plains;1
8052;44;220;238;land;false;plains;2
8053;188;232;252;land;false;mountain;1
8054;234;137;170;land;true;plains;8
8055;184;101;241;land;true;plains;8
8056;248;209;46;land;false;plains;7
8057;204;208;135;land;true;hills;7
8058;155;162;235;land;true;urban;1
8059;36;45;32;sea;true;water_shallow_sea;0
8060;202;237;228;land;false;plains;2
8061;70;247;191;land;false;hills;7
8062;34;248;239;land;false;plains;7
8063;218;97;246;lake;false;lakes;3
8064;191;149;169;land;false;mountain;1
8065;248;108;183;land;false;plains;1
8066;203;239;107;land;false;plains;8
8067;142;247;250;land;true;forest;1
8068;216;245;242;land;false;plains;2
8069;153;106;249;land;false;plains;7
8070;132;202;202;land;false;hills;1
8071;227;103;205;land;false;desert;2
8072;85;252;241;land;false;plains;7
8073;232;231;111;land;false;hills;3
8074;234;252;41;land;true;plains;1
8075;237;157;211;land;false;forest;2
8076;207;175;242;land;false;hills;2
8077;221;252;140;land;false;desert;2
8078;92;205;245;land;false;plains;1
8079;212;183;224;land;false;marsh;2
8080;188;131;253;land;true;mountain;9
8081;219;151;172;land;true;forest;8
8082;191;236;105;land;false;forest;4
8083;236;187;182;land;false;mountain;7
8084;237;115;215;land;false;plains;3
8085;226;103;246;land;false;plains;2
8086;221;205;195;land;false;plains;8
8087;175;177;198;land;false;jungle;1
8088;229;93;210;land;false;marsh;4
8089;197;195;178;land;false;mountain;3
8090;200;237;128;land;false;desert;2
8091;228;178;119;land;true;urban;1
8092;224;192;97;land;false;marsh;3
8093;146;204;246;land;false;hills;3
8094;134;245;177;land;false;hills;1
8095;215;59;239;land;false;plains;8
8096;220;230;155;land;false;marsh;1
8097;105;239;177;land;false;forest;3
8098;222;60;251;land;false;mountain;4
8099;225;189;107;land;false;plains;2
8100;151;165;203;land;false;plains;1
8101;251;122;238;land;false;forest;4
8102;136;141;235;land;false;volcanic;7
8103;202;214;115;land;false;desert;2
8104;144;212;182;land;true;urban;2
8105;105;216;205;land;false;plains;3
8106;243;241;237;land;false;jungle;1
8107;199;216;187;land;false;mountain;2
8108;211;101;191;land;false;plains;7
8109;216;102;246;land;true;hills;1
8110;250;245;103;land;true;mountain;1
8111;155;165;190;land;false;mountain;1
8112;202;252;59;land;false;hills;1
8113;151;162;224;land;true;plains;4
8114;108;240;252;land;false;plains;1
8115;140;174;196;land;false;hills;2
8116;229;224;234;land;false;mountain;8
8117;208;188;246;land;false;plains;1
8118;139;189;214;land;false;plains;3
8119;117;245;243;land;false;forest;7
8120;236;241;124;land;false;desert;1
8121;244;172;105;land;true;urban;7
8122;242;168;137;land;false;plains;7
8123;208;227;186;land;false;plains;7
8124;225;173;196;land;false;forest;2
8125;188;160;159;land;false;urban;2
8126;244;156;211;land;false;jungle;1
8127;137;242;217;land;true;hills;7
8128;187;218;153;land;false;plains;3
8129;160;187;224;land;false;plains;3
8130;254;89;159;land;false;hills;4
8131;81;228;193;land;false;hills;1
8132;117;222;182;land;false;volcanic;8
8133;157;224;152;land;false;plains;3
8134;182;117;223;land;true;hills;1
8135;79;207;245;land;true;plains;7
8136;179;208;168;land;false;plains;7
8137;242;191;137;land;false;plains;3
8138;220;146;165;land;false;plains;7
8139;232;130;221;land;false;desert;8
8140;229;183;203;land;false;forest;7
8141;250;196;120;land;false;hills;5
8142;203;111;221;land;false;hills;2
8143;163;232;243;land;false;hills;2
8144;57;244;248;land;false;forest;1
8145;238;166;175;land;false;plains;2
8146;230;218;241;land;false;hills;8
8147;210;133;254;land;false;desert;8
8148;144;200;209;land;false;hills;4
8149;204;100;252;land;false;forest;10
8150;67;206;254;land;false;plains;8
8151;192;141;238;land;false;desert;2
8152;226;246;242;land;false;mountain;2
8153;253;104;251;land;false;mountain;1
8154;230;239;224;land;false;jungle;7
8155;241;227;55;land;false;salt;2
8156;155;207;223;land;false;plains;2
8157;254;137;175;land;false;hills;2
8158;218;245;99;land;false;mountain;7
8159;172;194;248;land;false;urban;2
8160;141;167;195;land;false;mountain;2
8161;229;135;212;land;true;desert;8
8162;63;250;234;land;false;hills;1
8163;229;254;140;land;false;mountain;2
8164;220;113;203;land;false;hills;8
8165;173;182;192;land;false;plains;3
8166;234;252;106;land;false;plains;8
8167;253;121;209;land;false;forest;10
8168;138;241;169;land;false;hills;8
8169;213;78;220;land;false;forest;7
8170;156;157;219;land;false;hills;2
8171;252;243;110;land;false;plains;3
8172;232;160;127;land;false;plains;1
8173;68;225;236;land;false;forest;1
8174;168;101;250;land;false;plains;7
8175;147;232;225;land;false;jungle;9
8176;200;163;216;land;true;jungle;4
8177;216;142;199;land;false;plains;7
8178;218;124;163;land;false;mountain;1
8179;240;198;209;land;false;mountain;4
8180;248;209;75;land;false;jungle;7
8181;197;206;236;land;false;mountain;2
8182;170;238;227;land;false;plains;7
8183;192;133;229;land;false;desert;1
8184;126;203;208;land;false;hills;1
8185;228;252;140;land;false;plains;4
8186;249;197;233;land;false;mountain;7
8187;128;205;232;land;false;marsh;2
8188;140;195;237;land;false;desert;2
8189;241;187;128;land;false;plains;1
8190;148;203;194;land;false;forest;3
8191;193;179;193;land;false;jungle;9
8192;195;176;153;land;true;desert;7
8193;205;238;199;land;true;plains;3
8194;225;168;248;land;true;plains;1
8195;177;135;197;land;true;desert;7
8196;207;238;151;land;true;hills;1
8197;140;207;216;land;false;plains;8
8198;177;216;119;land;false;hills;8
8199;216;250;162;land;false;plains;7
8200;144;222;199;land;false;plains;3
8201;220;200;112;land;true;plains;7
8202;224;70;231;land;false;mountain;7
8203;231;244;99;land;false;desert;3
8204;151;253;140;land;false;mountain;2
8205;184;214;184;land;false;plains;1
8206;196;232;159;land;false;forest;7
8207;211;237;70;land;false;plains;7
8208;90;248;191;land;false;plains;3
8209;208;254;121;land;false;hills;7
8210;241;244;32;land;false;hills;7
8211;199;201;245;land;false;forest;8
8212;135;177;253;land;false;plains;8
8213;254;173;162;land;false;plains;3
8214;53;240;213;land;false;plains;7
8215;210;152;190;land;false;plains;7
8216;213;181;209;land;false;mountain;3
8217;153;240;116;land;false;plains;7
8218;220;249;250;land;false;plains;10
8219;210;142;160;land;false;plains;5
8220;184;158;183;land;false;plains;3
8221;229;44;245;land;false;forest;3
8222;159;232;254;land;false;forest;8
8223;191;118;234;land;false;mountain;2
8224;179;205;152;land;false;jungle;9
8225;219;253;31;land;false;desert;1
8226;237;53;244;land;false;forest;8
8227;214;185;190;land;false;desert;2
8228;176;204;214;land;false;plains;1
8229;122;237;213;land;false;plains;8
8230;146;126;244;land;false;mountain;7
8231;219;223;242;land;false;forest;7
8232;176;233;208;land;false;hills;7
8233;206;219;142;land;false;plains;7
8234;232;124;247;land;false;hills;1
8235;194;123;188;land;false;plains;10
8236;196;222;102;land;false;mountain;4
8237;134;181;221;land;false;forest;3
8238;240;225;129;land;false;hills;1
8239;228;222;231;land;false;plains;1
8240;249;104;253;land;true;forest;7
8241;246;190;173;land;true;mountain;7
8242;220;253;233;land;true;marsh;1
8243;162;184;219;land;false;forest;7
8244;253;193;61;land;false;desert;2
8245;103;245;166;land;false;plains;1
8246;250;179;172;land;false;jungle;9
8247;215;229;245;land;true;mountain;10
8248;218;82;207;land;false;plains;1
8249;245;196;76;land;true;plains;9
8250;201;130;225;land;false;jungle;7
8251;227;156;245;land;false;forest;2
8252;186;158;209;land;false;hills;7
8253;128;239;214;land;false;plains;7
8254;231;219;109;land;false;jungle;9
8255;130;228;243;land;false;jungle;1
8256;237;205;130;land;false;hills;8
8257;219;254;126;land;false;hills;8
8258;177;212;184;land;false;hills;1
8259;93;162;254;land;false;hills;1
8260;71;235;246;land;true;urban;1
8261;103;236;180;land;true;forest;10
8262;251;240;39;land;false;plains;8
8263;138;247;143;land;false;marsh;2
8264;126;174;237;land;false;hills;8
8265;145;224;134;land;true;plains;7
8266;242;211;173;land;true;desert;8
8267;187;106;253;land;false;forest;3
8268;127;138;246;land;false;plains;1
8269;228;216;170;land;true;urban;1
8270;184;232;229;land;false;forest;7
8271;95;250;251;land;false;mountain;7
8272;132;217;213;land;false;desert;2
8273;202;230;171;land;false;hills;4
8274;158;199;153;land;false;plains;1
8275;55;240;219;land;false;forest;1
8276;200;240;98;land;true;forest;1
8277;224;211;101;land;false;hills;1
8278;134;195;180;land;false;mountain;7
8279;221;160;124;land;false;plains;3
8280;238;36;247;land;true;plains;8
8281;179;109;222;land;false;mountain;2
8282;250;150;234;land;false;plains;2
8283;156;178;243;land;false;forest;4
8284;215;200;117;land;false;desert;2
8285;110;241;199;land;false;desert;1
8286;183;163;253;land;false;mountain;1
8287;46;230;252;land;true;plains;4
8288;247;226;72;land;false;forest;3
8289;230;239;83;land;false;plains;2
8290;223;165;160;land;false;hills;8
8291;206;221;85;land;true;plains;7
8292;238;239;94;land;false;mountain;7
8293;165;233;196;land;false;hills;2
8294;68;254;196;land;false;urban;1
8295;133;147;229;land;true;marsh;5
8296;254;244;58;land;false;plains;7
8297;102;250;190;land;false;hills;7
8298;222;159;177;land;true;urban;2
8299;207;160;143;land;false;hills;8
8300;221;168;208;land;false;plains;8
8301;154;141;230;land;false;hills;1
8302;241;204;142;land;false;mountain;7
8303;233;83;254;land;false;hills;3
8304;176;149;202;land;false;plains;2
8305;249;158;164;land;true;urban;7
8306;254;164;138;land;false;plains;8
8307;225;153;149;land;false;plains;3
8308;113;222;216;land;false;hills;2
8309;93;213;200;land;false;plains;8
8310;227;227;182;land;false;plains;5
8311;153;181;211;land;false;forest;2
8312;221;157;183;land;false;mountain;11
8313;139;232;218;land;true;mountain;1
8314;137;190;246;land;true;forest;4
8315;249;199;180;land;false;plains;8
8316;186;208;206;land;false;hills;8
8317;240;229;158;land;false;forest;7
8318;179;210;243;land;false;plains;1
8319;221;77;248;land;false;hills;1
8320;233;205;156;land;false;plains;2
8321;228;125;157;land;false;plains;5
8322;233;226;195;land;false;plains;1
8323;118;235;173;land;false;hills;5
8324;237;113;225;land;false;hills;7
8325;182;162;236;land;true;desert;1
8326;192;167;166;land;false;plains;10
8327;245;238;208;land;false;hills;1
8328;95;238;196;land;false;hills;1
8329;115;167;223;land;false;plains;5
8330;206;156;173;land;false;plains;3
8331;23;244;237;land;false;hills;1
8332;247;91;236;land;false;plains;3
8333;178;224;118;land;false;forest;5
8334;182;146;236;land;false;hills;1
8335;164;199;188;land;false;plains;7
8336;172;233;247;land;false;plains;8
8337;239;128;155;land;false;mountain;3
8338;145;244;161;land;false;hills;5
8339;197;131;232;land;false;forest;7
8340;195;234;145;land;true;urban;2
8341;157;134;230;land;false;forest;3
8342;210;174;248;land;false;plains;10
8343;171;240;113;land;false;plains;3
8344;44;214;248;land;false;hills;7
8345;211;165;199;land;false;mountain;8
8346;253;107;241;land;false;plains;2
8347;185;64;254;land;false;plains;8
8348;232;246;24;land;false;forest;4
8349;165;117;243;land;false;plains;1
8350;253;195;153;land;false;desert;2
8351;138;182;225;land;true;forest;7
8352;219;217;231;land;true;plains;7
8353;163;215;171;land;false;plains;4
8354;173;245;207;land;false;desert;2
8355;193;222;193;land;false;forest;1
8356;201;202;125;land;false;plains;7
8357;160;169;207;land;true;plains;7
8358;83;246;207;land;true;plains;4
8359;192;215;112;land;true;plains;8
8360;235;239;236;land;false;hills;3
8361;241;133;233;land;true;forest;7
8362;124;220;212;land;true;plains;3
8363;214;189;154;land;true;plains;1
8364;228;210;86;land;false;jungle;7
8365;199;227;192;land;false;plains;8
8366;177;118;218;land;false;desert;2
8367;218;194;245;land;false;plains;3
8368;176;203;168;land;false;hills;4
8369;223;247;99;land;false;marsh;2
8370;170;235;187;land;false;plains;7
8371;176;219;217;land;false;plains;8
8372;188;167;191;land;true;plains;5
8373;186;153;243;land;false;plains;4
8374;230;146;167;land;false;mountain;8
8375;208;140;230;land;false;plains;4
8376;113;192;231;land;true;forest;7
8377;89;211;216;land;false;plains;8
8378;229;185;223;land;false;forest;7
8379;125;213;237;land;false;plains;3
8380;166;152;243;land;false;plains;7
8381;83;218;229;land;false;mountain;10
8382;219;191;107;land;false;plains;3
8383;236;61;215;land;false;jungle;9
8384;206;137;168;land;false;desert;7
8385;229;152;190;land;false;forest;3
8386;233;173;213;land;false;hills;8
8387;104;156;247;land;false;desert;2
8388;252;206;233;land;false;hills;7
8389;215;152;217;land;false;urban;2
8390;167;229;127;land;false;plains;3
8391;185;251;173;land;false;plains;7
8392;222;225;134;land;false;hills;2
8393;183;235;182;land;false;forest;7
8394;97;176;229;land;false;plains;2
8395;213;112;207;land;false;forest;7
8396;237;243;232;land;false;plains;9
8397;163;160;188;land;false;hills;2
8398;250;67;187;land;false;desert;1
8399;171;205;179;land;true;forest;9
8400;222;158;194;land;false;forest;8
8401;81;247;253;land;false;plains;2
8402;107;246;155;land;false;desert;7
8403;243;227;79;land;false;plains;1
8404;181;231;147;land;false;plains;8
8405;108;239;201;land;false;forest;2
8406;239;195;115;land;true;hills;1
8407;239;82;208;land;false;forest;4
8408;120;233;195;land;false;desert;7
8409;117;253;147;land;true;plains;8
8410;199;103;252;land;false;plains;8
8411;222;231;156;land;false;forest;5
8412;156;213;211;land;false;plains;5
8413;247;15;253;land;false;plains;4
8414;251;48;222;land;true;marsh;1
8415;140;211;254;land;false;forest;8
8416;218;202;199;land;true;plains;10
8417;163;213;125;land;false;forest;1
8418;245;155;162;land;true;forest;10
8419;216;158;170;land;false;plains;2
8420;234;199;88;land;false;volcanic;8
8421;233;186;225;land;false;forest;7
8422;160;206;176;land;false;mountain;5
8423;207;110;195;land;false;forest;9
8424;209;252;105;land;false;forest;3
8425;167;208;181;land;false;mountain;3
8426;214;191;199;land;false;plains;7
8427;21;237;252;land;false;plains;4
8428;245;244;250;land;false;plains;3
8429;236;203;233;land;false;hills;3
8430;141;232;140;land;false;desert;3
8431;181;238;235;land;false;plains;2
8432;162;214;223;land;true;plains;7
8433;83;238;246;land;false;marsh;2
8434;205;186;226;land;false;urban;1
8435;113;227;173;land;false;forest;8
8436;199;197;147;land;false;forest;1
8437;220;230;230;land;false;hills;3
8438;235;254;242;land;false;plains;2
8439;167;224;132;land;false;plains;1
8440;194;251;178;land;false;plains;5
8441;242;107;235;land;false;hills;3
8442;240;163;174;land;false;plains;7
8443;195;235;197;land;false;hills;2
8444;248;210;87;land;false;hills;8
8445;236;199;112;land;false;plains;7
8446;200;178;225;land;true;mountain;1
8447;229;66;236;land;true;plains;5
8448;66;248;238;land;false;mountain;1
8449;183;207;182;land;false;desert;8
8450;114;179;244;land;false;desert;3
8451;120;174;219;land;true;marsh;3
8452;246;118;154;land;false;hills;7
8453;132;188;247;land;false;plains;4
8454;201;163;215;land;false;desert;2
8455;109;198;246;land;true;forest;3
8456;219;170;116;land;false;hills;8
8457;196;169;224;land;true;plains;7
8458;153;209;183;land;false;mountain;8
8459;143;222;184;land;false;hills;1
8460;149;236;130;land;true;forest;7
8461;187;75;239;land;false;forest;4
8462;169;178;205;land;true;urban;8
8463;228;174;184;land;false;mountain;7
8464;182;195;143;land;false;desert;1
8465;253;94;178;land;false;mountain;7
8466;203;106;252;land;false;marsh;2
8467;242;93;251;land;false;plains;8
8468;112;201;207;land;false;hills;8
8469;225;166;169;land;false;hills;4
8470;187;253;148;land;false;plains;7
8471;210;239;123;land;false;hills;2
8472;151;221;183;land;true;urban;2
8473;198;173;162;land;false;mountain;3
8474;154;163;228;land;false;forest;3
8475;139;212;172;land;false;desert;2
8476;182;194;176;land;true;mountain;2
8477;206;163;180;land;false;hills;2
8478;205;203;227;land;false;plains;4
8479;251;2;249;land;false;plains;1
8480;68;242;220;land;false;desert;2
8481;250;235;111;land;false;plains;3
8482;137;249;223;land;false;plains;1
8483;228;172;193;land;false;plains;7
8484;150;239;226;land;false;plains;1
8485;79;250;229;land;true;desert;8
8486;151;215;163;land;false;plains;3
8487;240;184;212;land;false;mountain;7
8488;111;212;239;land;false;mountain;3
8489;253;201;179;land;false;mountain;1
8490;153;208;207;land;false;plains;1
8491;153;204;215;land;false;plains;2
8492;247;228;71;land;false;plains;1
8493;181;198;153;land;false;mountain;2
8494;181;160;174;land;true;plains;7
8495;181;241;82;land;true;hills;2
8496;172;229;128;land;false;forest;3
8497;111;233;193;land;false;hills;5
8498;101;205;215;land;false;hills;7
8499;189;157;164;land;false;urban;2
8500;227;220;170;land;false;plains;3
8501;243;215;77;land;false;desert;2
8502;225;101;197;land;false;plains;2
8503;124;236;181;land;false;forest;1
8504;143;210;199;land;false;forest;1
8505;115;221;230;land;false;plains;1
8506;190;252;228;land;false;mountain;1
8507;233;146;191;land;false;marsh;1
8508;124;237;164;land;false;plains;7
8509;250;231;89;land;false;plains;3
8510;119;209;192;land;false;hills;5
8511;79;253;173;land;false;forest;9
8512;231;162;121;land;false;hills;7
8513;135;198;238;land;true;marsh;5
8514;215;185;192;land;false;plains;4
8515;232;119;251;land;true;plains;2
8516;201;123;180;land;false;plains;3
8517;247;253;19;land;false;plains;2
8518;249;112;215;land;true;plains;7
8519;199;75;239;land;true;plains;10
8520;227;245;128;land;false;hills;8
8521;221;222;169;land;false;mountain;2
8522;167;149;223;land;false;marsh;2
8523;223;190;172;land;false;hills;2
8524;252;91;203;land;false;mountain;7
8525;233;90;184;land;false;mountain;2
8526;105;235;170;land;false;mountain;7
8527;194;210;169;land;true;plains;1
8528;202;232;233;land;false;plains;5
8529;132;227;206;land;false;plains;7
8530;151;170;207;land;false;marsh;1
8531;137;139;240;land;false;mountain;2
8532;239;122;217;land;false;plains;3
8533;181;254;234;land;false;hills;3
8534;141;196;192;land;false;hills;7
8535;219;214;139;land;false;salt;2
8536;231;192;249;land;false;marsh;1
8537;244;126;210;land;false;plains;2
8538;109;202;233;land;false;desert;2
8539;131;157;220;land;true;plains;4
8540;205;210;93;land;false;plains;3
8541;253;141;108;land;false;desert;2
8542;143;240;252;land;false;mountain;10
8543;129;174;225;land;true;urban;2
8544;163;237;184;land;false;plains;4
8545;232;209;80;land;true;plains;5
8546;97;219;202;land;false;plains;9
8547;55;253;212;land;true;forest;4
8548;167;225;207;land;false;plains;10
8549;222;217;216;land;false;hills;3
8550;150;246;142;land;false;hills;8
8551;161;218;207;land;false;forest;3
8552;254;81;188;land;false;hills;1
8553;138;203;183;land;false;urban;2
8554;150;150;254;land;false;mountain;7
8555;218;164;194;land;true;plains;7
8556;247;242;49;land;false;plains;7
8557;226;214;181;land;false;desert;2
8558;233;183;137;land;false;forest;7
8559;226;146;189;land;false;plains;1
8560;116;171;215;land;false;forest;2
8561;211;250;252;land;false;urban;7
8562;215;96;239;land;false;forest;7
8563;53;239;233;land;false;forest;8
8564;106;188;226;land;false;plains;3
8565;202;209;161;land;false;forest;10
8566;222;186;224;land;false;mountain;1
8567;221;222;93;land;false;jungle;9
8568;253;204;110;land;false;desert;2
8569;153;195;253;land;false;desert;2
8570;51;222;230;land;true;hills;2
8571;224;142;160;land;false;plains;7
8572;222;67;245;land;false;plains;7
8573;138;192;172;land;false;mountain;11
8574;239;189;94;land;true;plains;1
8575;47;209;249;land;true;marsh;2
8576;152;254;226;land;false;desert;3
8577;146;247;248;land;false;mountain;2
8578;244;177;238;land;false;plains;7
8579;230;191;232;land;true;urban;8
8580;151;252;202;land;false;plains;1
8581;222;150;240;land;false;forest;8
8582;177;134;201;land;false;plains;8
8583;78;194;230;land;false;plains;8
8584;148;252;210;land;false;hills;7
8585;194;181;182;land;false;forest;3
8586;183;101;235;land;false;plains;1
8587;190;226;154;land;true;plains;9
8588;208;223;79;land;false;plains;7
8589;240;113;253;land;false;plains;3
8590;248;167;195;land;true;plains;4
8591;197;154;242;land;false;plains;4
8592;192;226;104;land;false;plains;7
8593;188;220;227;land;false;marsh;2
8594;174;201;155;land;false;jungle;2
8595;250;141;211;land;false;plains;7
8596;230;254;113;land;false;plains;8
8597;101;250;169;land;false;plains;7
8598;231;153;201;land;false;mountain;7
8599;201;229;132;land;false;volcanic;8
8600;185;213;147;land;false;plains;4
8601;173;159;205;land;false;hills;5
8602;182;174;166;land;false;plains;2
8603;233;166;177;land;true;marsh;7
8604;154;160;230;land;false;hills;3
8605;185;120;229;land;true;plains;2
8606;228;204;80;land;false;marsh;2
8607;244;254;93;land;false;plains;4
8608;147;238;118;land;false;forest;1
8609;164;188;220;land;false;desert;1
8610;223;252;93;land;false;desert;8
8611;106;228;244;land;false;hills;1
8612;185;222;134;land;false;plains;7
8613;210;228;125;land;false;mountain;7
8614;200;155;192;land;false;mountain;2
8615;106;246;215;land;false;hills;3
8616;159;252;175;land;false;plains;2
8617;244;77;180;land;false;desert;2
8618;245;183;139;land;false;forest;7
8619;197;74;239;land;false;hills;1
8620;198;207;179;land;false;plains;2
8621;223;136;237;land;false;forest;3
8622;179;159;203;land;false;plains;2
8623;89;227;187;land;false;plains;7
8624;168;217;131;land;true;marsh;2
8625;225;172;171;land;false;hills;2
8626;221;233;116;land;false;urban;1
8627;202;150;199;land;false;hills;3
8628;193;230;199;land;false;hills;7
8629;173;184;196;land;true;plains;7
8630;253;191;113;land;false;mountain;3
8631;235;109;240;land;false;plains;2
8632;251;250;108;land;true;plains;1
8633;88;228;249;land;false;plains;8
8634;158;223;184;land;false;mountain;3
8635;193;168;192;land;false;mountain;7
8636;107;223;204;land;false;plains;2
8637;201;246;212;land;false;mountain;1
8638;230;188;219;land;false;plains;1
8639;210;232;75;land;true;plains;1
8640;158;195;212;land;false;urban;2
8641;118;227;235;land;false;mountain;7
8642;177;198;145;land;false;hills;1
8643;250;137;213;land;false;hills;3
8644;198;212;235;land;false;plains;3
8645;169;208;211;land;false;plains;3
8646;224;38;240;land;false;hills;5
8647;132;154;226;land;false;plains;4
8648;200;156;150;land;false;forest;7
8649;103;195;236;land;true;desert;7
8650;164;246;245;land;false;hills;1
8651;119;226;232;land;false;plains;1
8652;165;233;199;land;false;hills;8
8653;141;112;250;land;false;plains;1
8654;227;205;151;land;true;jungle;2
8655;155;219;244;land;false;forest;1
8656;242;180;186;land;false;forest;8
8657;163;229;252;land;false;hills;1
8658;229;166;241;land;false;plains;2
8659;27;251;234;land;false;mountain;3
8660;167;195;159;land;false;forest;3
8661;178;243;87;land;false;forest;8
8662;184;74;251;land;true;forest;10
8663;19;22;17;sea;true;ocean;0
8664;226;166;225;land;false;plains;3
8665;146;201;215;land;false;plains;3
8666;216;181;212;land;true;plains;7
8667;233;239;65;land;true;desert;8
8668;158;159;191;land;false;plains;1
8669;153;239;235;land;false;plains;1
8670;197;204;205;land;true;plains;4
8671;234;213;103;land;false;plains;3
8672;210;217;105;land;false;plains;1
8673;220;224;195;land;true;plains;7
8674;245;180;77;land;false;desert;3
8675;162;143;233;land;false;mountain;7
8676;212;195;227;land;false;plains;7
8677;175;209;118;land;false;forest;1
8678;251;251;171;land;false;marsh;3
8679;253;226;122;land;false;plains;1
8680;239;216;224;land;false;hills;1
8681;154;247;150;land;false;forest;3
8682;134;252;174;land;true;plains;3
8683;181;234;160;land;false;forest;7
8684;163;239;235;land;false;marsh;1
8685;227;192;98;land;false;desert;2
8686;232;197;178;land;false;plains;1
8687;245;186;205;land;false;plains;3
8688;187;203;174;land;false;forest;7
8689;224;213;110;land;false;mountain;1
8690;169;241;219;land;false;plains;2
8691;242;237;88;land;false;plains;1
8692;146;227;223;land;false;mountain;8
8693;216;212;145;land;false;jungle;1
8694;166;236;128;land;false;hills;7
8695;113;200;221;land;false;mountain;7
8696;233;220;168;land;false;plains;2
8697;62;55;12;sea;false;plains;1
8698;192;185;232;land;false;plains;1
8699;192;241;97;land;false;plains;1
8700;202;199;225;land;false;hills;8
8701;219;236;201;land;false;forest;2
8702;101;238;245;land;false;plains;7
8703;217;111;249;land;false;forest;3
8704;207;98;215;land;false;hills;2
8705;213;181;176;land;false;desert;2
8706;199;236;74;land;true;plains;1
8707;231;65;205;land;false;forest;8
8708;192;122;242;land;false;hills;1
8709;120;211;239;land;false;plains;2
8710;209;152;220;land;false;desert;3
8711;186;253;185;land;true;plains;1
8712;248;167;248;land;false;plains;3
8713;98;174;244;land;false;plains;4
8714;186;227;238;land;false;hills;1
8715;252;129;240;land;true;forest;4
8716;214;216;133;land;false;plains;8
8717;184;151;215;land;false;mountain;7
8718;240;238;114;land;true;plains;7
8719;202;175;252;land;false;plains;7
8720;246;172;117;land;false;mountain;7
8721;220;162;229;land;false;mountain;1
8722;91;249;209;land;false;hills;3
8723;219;242;71;land;true;hills;4
8724;229;193;226;land;false;plains;7
8725;178;196;134;land;false;hills;3
8726;110;227;200;land;false;plains;2
8727;229;233;184;land;false;mountain;7
8728;237;199;81;land;false;salt;2
8729;242;214;172;land;false;urban;5
8730;248;140;203;land;false;desert;7
8731;249;198;70;land;false;mountain;2
8732;229;100;176;land;false;plains;1
8733;175;249;126;land;false;forest;7
8734;191;246;123;land;false;plains;1
8735;250;245;78;land;false;plains;7
8736;176;226;213;land;false;plains;3
8737;132;223;197;land;false;plains;8
8738;132;245;134;land;false;mountain;9
8739;178;186;208;land;false;desert;2
8740;86;250;230;land;true;plains;7
8741;118;233;160;land;false;mountain;8
8742;217;156;243;land;true;forest;10
8743;218;113;170;land;false;plains;8
8744;173;237;100;land;false;plains;1
8745;157;234;163;land;true;forest;7
8746;195;200;132;land;false;plains;9
8747;189;221;99;land;false;mountain;7
8748;246;200;162;land;false;desert;2
8749;153;172;242;land;false;hills;7
8750;216;216;201;land;true;plains;10
8751;147;224;176;land;true;desert;7
8752;235;203;199;land;false;plains;2
8753;207;212;119;land;false;forest;3
8754;219;224;86;land;false;forest;1
8755;190;134;177;land;false;hills;3
8756;188;214;249;land;false;hills;8
8757;224;121;224;land;false;hills;7
8758;191;233;187;land;false;plains;7
8759;152;210;202;land;false;forest;8
8760;254;215;49;land;false;hills;1
8761;173;231;216;land;false;desert;3
8762;203;197;192;land;false;hills;4
8763;234;224;165;land;false;plains;7
8764;236;186;116;land;false;desert;3
8765;146;210;243;land;false;plains;5
8766;246;231;152;land;true;plains;7
8767;220;160;215;land;false;mountain;9
8768;123;246;169;land;false;mountain;1
8769;242;233;246;land;false;desert;8
8770;100;244;184;land;false;desert;7
8771;201;242;134;land;false;desert;2
8772;156;152;195;land;false;hills;2
8773;248;145;244;land;false;plains;3
8774;199;148;251;land;false;forest;2
8775;130;231;212;land;false;forest;7
8776;216;155;156;land;true;jungle;9
8777;159;209;209;land;false;hills;8
8778;78;177;251;land;false;plains;7
8779;212;217;251;land;false;forest;7
8780;174;251;126;land;true;plains;2
8781;61;242;240;land;false;hills;8
8782;179;200;142;land;true;forest;1
8783;218;239;83;land;false;plains;4
8784;236;48;227;land;true;plains;8
8785;176;134;202;land;true;hills;1
8786;239;141;248;land;false;forest;1
8787;251;110;252;land;false;desert;7
8788;202;174;189;land;false;hills;1
8789;122;187;210;land;false;plains;7
8790;204;253;157;land;false;plains;2
8791;218;155;233;land;true;marsh;2
8792;203;191;126;land;false;mountain;1
8793;161;202;207;land;false;forest;1
8794;47;229;253;land;false;urban;7
8795;151;250;138;land;false;desert;3
8796;231;168;231;land;false;forest;8
8797;107;248;186;land;false;plains;1
8798;56;254;252;land;false;plains;5
8799;135;196;188;land;false;mountain;7
8800;235;52;253;land;false;plains;7
8801;110;175;244;land;false;marsh;2
8802;242;248;84;land;false;urban;7
8803;192;181;250;land;false;mountain;8
8804;199;155;183;land;false;plains;2
8805;252;222;217;land;false;plains;1
8806;181;159;242;land;false;plains;7
8807;225;178;203;land;false;hills;1
8808;178;161;190;land;false;hills;1
8809;170;250;81;land;false;hills;7
8810;232;235;192;land;true;mountain;7
8811;120;218;242;land;false;plains;1
8812;210;101;216;land;false;jungle;9
8813;254;221;101;land;false;hills;1
8814;183;245;78;land;true;plains;3
8815;231;198;115;land;false;hills;1
8816;181;189;139;land;false;plains;8
8817;93;186;251;land;false;plains;2
8818;180;242;174;land;false;plains;7
8819;213;244;82;land;false;forest;7
8820;128;230;177;land;true;plains;7
8821;133;173;239;land;false;mountain;1
8822;238;171;249;land;false;hills;1
8823;252;222;160;land;false;plains;7
8824;204;229;230;land;false;mountain;8
8825;170;139;196;land;false;urban;3
8826;126;244;146;land;false;plains;2
8827;203;138;186;land;true;plains;8
8828;182;202;137;land;false;mountain;1
8829;89;209;243;land;false;plains;3
8830;228;205;232;land;false;urban;2
8831;154;127;237;land;false;plains;3
8832;71;234;214;land;false;mountain;2
8833;216;187;235;land;false;mountain;7
8834;199;241;72;land;false;plains;2
8835;198;183;204;land;false;forest;1
8836;234;80;235;land;false;mountain;3
8837;151;122;236;land;true;hills;1
8838;169;253;149;land;false;plains;7
8839;226;200;224;land;false;desert;2
8840;128;209;232;land;false;plains;3
8841;244;241;154;land;false;mountain;2
8842;187;139;243;land;false;jungle;9
8843;169;246;237;land;true;plains;1
8844;230;132;233;land;false;hills;1
8845;72;245;209;land;true;urban;8
8846;185;200;148;land;false;forest;10
8847;232;180;153;land;false;plains;7
8848;185;154;216;land;false;mountain;10
8849;253;185;173;land;false;plains;3
8850;248;207;167;land;false;plains;7
8851;251;227;150;land;true;plains;7
8852;182;232;231;land;false;jungle;1
8853;198;245;136;land;false;desert;1
8854;183;225;128;land;false;plains;3
8855;201;241;99;land;false;plains;5
8856;244;198;170;land;false;urban;2
8857;254;160;166;land;true;hills;9
8858;226;214;194;land;true;plains;10
8859;223;200;238;land;false;plains;7
8860;251;172;182;land;false;forest;4
8861;232;229;221;land;false;urban;1
8862;244;196;243;land;false;mountain;8
8863;240;209;109;land;false;hills;3
8864;200;242;137;land;false;forest;7
8865;248;95;181;land;false;plains;7
8866;96;245;243;land;false;plains;2
8867;253;171;198;land;false;forest;2
8868;253;178;88;land;false;hills;5
8869;113;233;212;land;false;desert;3
8870;221;226;197;land;false;forest;7
8871;221;128;252;land;false;desert;8
8872;92;197;218;land;false;mountain;1
8873;175;228;213;land;false;hills;1
8874;186;207;179;land;false;mountain;8
8875;229;238;233;land;false;plains;8
8876;151;246;219;land;false;desert;3
8877;200;194;108;land;false;plains;7
8878;156;240;183;land;false;plains;3
8879;247;88;211;land;false;mountain;1
8880;137;216;209;land;false;forest;7
8881;182;181;198;land;true;forest;1
8882;250;252;207;land;false;plains;7
8883;171;142;204;land;true;plains;1
8884;222;123;247;land;true;mountain;8
8885;233;164;192;land;false;hills;1
8886;186;197;149;land;false;mountain;1
8887;164;233;166;land;false;hills;8
8888;230;73;222;land;false;plains;1
8889;238;198;206;land;false;hills;4
8890;242;223;142;land;false;forest;3
8891;197;190;250;land;true;plains;7
8892;66;238;220;land;false;mountain;7
8893;209;194;160;land;false;forest;1
8894;196;244;203;land;true;urban;1
8895;137;178;253;land;false;hills;7
8896;243;114;251;land;false;plains;1
8897;157;234;250;land;false;plains;1
8898;188;243;167;land;false;plains;7
8899;245;187;94;land;true;urban;3
8900;212;241;102;land;false;hills;7
8901;222;214;199;land;false;jungle;1
8902;164;190;234;land;false;urban;2
8903;119;242;197;land;false;hills;5
8904;130;252;182;land;false;plains;5
8905;58;247;223;land;false;forest;8
8906;247;165;178;land;false;hills;7
8907;215;247;66;land;false;plains;8
8908;149;234;201;land;false;hills;1
8909;244;229;51;land;false;forest;8
8910;208;233;150;land;false;mountain;7
8911;173;92;237;land;false;desert;8
8912;247;250;235;land;false;hills;4
8913;251;121;142;land;false;plains;1
8914;234;253;228;land;true;plains;5
8915;235;200;145;land;false;plains;2
8916;247;178;79;land;false;plains;1
8917;151;160;239;land;false;marsh;3
8918;180;250;132;land;false;forest;3
8919;252;236;172;land;false;plains;8
8920;210;245;55;land;false;hills;8
8921;247;114;209;land;false;forest;1
8922;112;242;193;land;false;plains;7
8923;50;210;248;land;false;hills;7
8924;149;250;148;land;false;plains;4
8925;139;250;179;land;false;urban;7
8926;224;219;85;land;false;forest;8
8927;210;253;63;land;false;hills;8
8928;207;176;208;land;false;plains;7
8929;203;247;164;land;false;desert;7
8930;252;53;215;land;false;plains;1
8931;238;128;185;land;false;mountain;7
8932;167;190;247;land;false;plains;7
8933;148;185;195;land;true;plains;5
8934;216;240;146;land;false;jungle;9
8935;189;180;186;land;false;plains;7
8936;178;200;163;land;false;forest;3
8937;185;232;111;land;false;mountain;7
8938;240;224;110;land;false;marsh;5
8939;129;254;174;land;true;plains;7
8940;155;234;149;land;true;urban;5
8941;229;228;218;land;true;plains;8
8942;119;230;184;land;false;hills;8
8943;243;240;135;land;false;forest;7
8944;207;149;249;land;false;plains;7
8945;204;173;203;land;false;jungle;9
8946;235;193;143;land;false;plains;3
8947;254;225;71;land;false;urban;1
8948;226;187;157;land;false;plains;8
8949;157;241;229;land;false;hills;8
8950;209;169;179;land;false;plains;3
8951;254;193;195;land;false;mountain;7
8952;242;223;196;land;false;plains;7
8953;242;79;214;land;false;plains;5
8954;130;190;189;land;false;forest;3
8955;248;228;64;land;false;mountain;2
8956;71;239;193;land;false;plains;7
8957;219;252;214;land;false;plains;2
8958;211;105;195;land;false;plains;3
8959;232;123;188;land;true;urban;7
8960;182;152;178;land;true;hills;7
8961;63;215;234;land;false;plains;7
8962;158;246;178;land;false;plains;3
8963;238;248;213;land;false;marsh;9
8964;245;163;146;land;false;hills;1
8965;140;241;124;land;false;plains;7
8966;172;163;254;land;false;jungle;1
8967;251;27;251;land;false;mountain;1
8968;191;140;229;land;false;forest;1
8969;192;217;204;land;false;plains;1
8970;149;165;228;land;false;jungle;7
8971;212;236;135;land;true;urban;5
8972;213;226;84;land;false;hills;1
8973;141;241;168;land;false;desert;1
8974;248;159;233;land;false;marsh;5
8975;242;79;231;land;false;plains;2
8976;213;218;244;land;true;plains;7
8977;240;252;133;land;false;forest;2
8978;233;238;32;land;true;plains;1
8979;225;196;144;land;false;forest;4
8980;248;130;244;land;false;marsh;4
8981;237;49;243;land;true;plains;7
8982;157;219;168;land;false;plains;1
8983;58;243;210;land;true;urban;7
8984;95;237;218;land;false;hills;8
8985;225;251;48;land;false;plains;1
8986;188;101;254;land;false;desert;2
8987;249;163;114;land;false;hills;2
8988;197;179;201;land;false;forest;2
8989;179;185;178;land;false;desert;2
8990;239;249;34;land;false;plains;3
8991;186;221;233;land;false;hills;1
8992;114;219;181;land;false;hills;1
8993;221;206;152;land;false;jungle;7
8994;60;223;230;land;true;hills;2
8995;114;232;251;land;true;forest;5
8996;240;233;143;land;false;mountain;1
8997;165;193;189;land;false;plains;2
8998;229;222;81;land;false;plains;8
8999;158;159;234;land;false;hills;3
9000;236;167;180;land;false;mountain;2
9001;228;244;65;land;true;forest;7
9002;233;230;77;land;false;mountain;1
9003;247;215;151;land;false;plains;7
9004;187;251;184;land;false;plains;1
9005;179;203;133;land;false;plains;4
9006;242;250;202;land;true;hills;1
9007;241;42;236;land;false;plains;8
9008;249;253;199;land;false;mountain;5
9009;251;212;135;land;false;hills;2
9010;198;142;173;land;false;plains;7
9011;67;239;250;land;false;mountain;1
9012;241;178;194;land;false;urban;5
9013;244;108;242;land;false;hills;1
9014;245;250;206;land;false;desert;2
9015;244;208;131;land;false;plains;1
9016;73;209;225;land;true;plains;7
9017;174;158;222;land;false;hills;7
9018;228;129;251;land;false;urban;7
9019;209;159;142;land;false;marsh;2
9020;249;178;142;land;false;plains;2
9021;246;210;206;land;false;hills;2
9022;95;243;246;land;false;marsh;2
9023;240;14;251;land;false;plains;7
9024;242;190;227;land;false;jungle;9
9025;251;179;146;land;false;mountain;1
9026;240;227;211;land;false;urban;10
9027;250;248;39;land;false;mountain;8
9028;196;146;235;land;false;forest;7
9029;229;99;237;land;false;hills;4
9030;153;213;154;land;false;plains;1
9031;218;197;89;land;false;hills;4
9032;190;179;133;land;false;plains;3
9033;252;137;244;land;false;forest;7
9034;183;81;250;land;false;plains;7
9035;217;247;139;land;false;plains;8
9036;95;246;206;land;false;forest;7
9037;201;204;213;land;false;hills;2
9038;189;235;205;land;false;marsh;3
9039;247;201;222;land;false;desert;2
9040;223;167;221;land;false;tunnel;5
9041;237;170;173;land;false;desert;1
9042;50;253;206;land;true;hills;1
9043;230;109;192;land;false;plains;10
9044;55;213;235;land;false;mountain;4
9045;223;204;185;land;false;plains;5
9046;162;229;117;land;false;plains;5
9047;242;174;159;land;false;plains;7
9048;248;199;212;land;true;plains;5
9049;150;223;221;land;false;plains;8
9050;162;116;244;land;false;forest;1
9051;163;103;240;land;false;hills;8
9052;73;197;232;land;false;forest;5
9053;205;224;151;land;false;plains;7
9054;104;240;184;land;false;mountain;8
9055;167;239;132;land;false;mountain;1
9056;226;231;180;land;false;hills;1
9057;201;148;212;land;false;desert;1
9058;110;245;181;land;false;desert;2
9059;138;233;155;land;true;mountain;7
9060;219;252;37;land;false;plains;4
9061;178;252;229;land;false;plains;1
9062;172;112;233;land;false;mountain;7
9063;252;206;46;land;false;forest;7
9064;204;134;194;land;true;plains;8
9065;245;58;202;land;false;plains;3
9066;100;247;199;land;false;forest;2
9067;192;186;190;land;false;hills;4
9068;228;247;32;land;false;jungle;9
9069;250;100;166;land;false;hills;8
9070;231;112;170;land;false;hills;7
9071;79;234;240;land;false;hills;7
9072;161;233;107;land;true;plains;3
9073;175;120;230;land;false;hills;8
9074;252;169;117;land;false;plains;7
9075;201;244;146;land;false;plains;7
9076;245;90;167;land;false;forest;7
9077;245;239;59;land;false;plains;5
9078;236;211;235;land;false;hills;3
9079;73;233;220;land;true;urban;7
9080;136;219;211;land;true;forest;1
9081;159;225;145;land;false;desert;2
9082;93;217;206;land;false;plains;7
9083;250;227;190;land;false;plains;3
9084;166;150;236;land;false;plains;4
9085;160;217;212;land;false;mountain;1
9086;212;57;241;land;false;plains;7
9087;208;46;251;land;false;plains;1
9088;253;145;225;land;false;hills;7
9089;248;203;90;land;false;volcanic;8
9090;250;39;223;land;false;plains;8
9091;208;193;162;land;false;desert;8
9092;175;195;223;land;false;forest;1
9093;180;249;193;land;false;marsh;4
9094;249;187;133;land;false;plains;2
9095;41;73;55;sea;true;ocean;0
9096;129;215;180;land;false;forest;7
9097;228;94;254;land;false;plains;2
9098;216;230;58;land;false;hills;8
9099;244;61;225;land;false;marsh;2
9100;56;245;215;land;false;mountain;1
9101;230;251;56;land;false;forest;7
9102;154;136;217;land;false;desert;7
9103;123;247;228;land;true;forest;10
9104;249;121;243;land;false;plains;8
9105;254;71;190;land;false;marsh;9
9106;237;242;227;land;false;hills;7
9107;141;247;192;land;false;forest;10
9108;219;215;240;land;false;mountain;7
9109;174;236;99;land;false;hills;8
9110;254;252;115;land;false;forest;7
9111;190;80;244;land;true;urban;2
9112;211;85;212;land;false;plains;1
9113;240;229;76;land;false;plains;3
9114;232;109;200;land;false;plains;1
9115;253;233;158;land;false;hills;8
9116;228;244;36;land;false;hills;3
9117;225;135;166;land;false;hills;1
9118;231;213;186;land;true;plains;5
9119;156;246;201;land;false;plains;2
9120;204;233;123;lake;false;lakes;3
9121;135;194;244;land;false;plains;1
9122;139;228;141;land;true;desert;7
9123;190;208;150;land;false;marsh;1
9124;254;197;77;land;false;hills;8
9125;218;142;160;land;false;plains;1
9126;217;248;134;land;false;hills;1
9127;87;227;198;land;false;plains;7
9128;203;206;171;land;false;forest;7
9129;238;101;188;land;false;forest;7
9130;146;203;238;land;false;jungle;9
9131;177;254;197;land;true;plains;5
9132;242;120;158;land;false;plains;7
9133;127;222;213;land;true;plains;7
9134;247;207;149;land;false;mountain;5
9135;237;212;241;land;false;plains;1
9136;167;143;226;land;false;jungle;7
9137;231;130;247;land;false;desert;2
9138;162;138;218;land;false;plains;7
9139;110;186;205;land;false;plains;2
9140;186;246;219;land;true;plains;2
9141;206;234;212;land;false;plains;7
9142;224;205;136;land;false;jungle;1
9143;232;246;229;land;false;hills;1
9144;246;245;115;land;true;forest;8
9145;153;233;123;land;true;hills;1
9146;192;115;236;land;false;hills;1
9147;213;254;88;land;true;urban;8
9148;237;84;248;land;true;plains;1
9149;134;189;243;land;false;mountain;7
9150;247;133;141;land;false;plains;1
9151;137;225;199;land;true;forest;10
9152;200;178;250;land;false;urban;1
9153;115;229;165;land;false;urban;7
9154;124;248;166;land;false;urban;1
9155;229;252;174;land;false;hills;1
9156;147;192;234;land;true;plains;7
9157;221;251;210;land;false;plains;5
9158;163;230;217;land;true;plains;7
9159;210;246;67;land;false;mountain;10
9160;215;236;216;land;true;hills;3
9161;254;225;193;land;false;hills;2
9162;190;198;162;land;false;hills;2
9163;224;214;233;land;true;plains;1
9164;158;182;207;land;false;mountain;7
9165;87;219;243;land;true;urban;7
9166;196;200;144;land;false;jungle;3
9167;156;222;161;land;true;forest;1
9168;246;190;230;land;false;hills;7
9169;243;174;156;land;true;plains;7
9170;145;238;201;land;true;forest;10
9171;169;187;251;land;false;plains;1
9172;130;236;183;land;false;forest;1
9173;146;241;242;land;false;plains;3
9174;152;183;173;land;true;hills;1
9175;105;224;223;land;false;forest;5
9176;137;238;252;land;false;hills;1
9177;160;139;239;land;false;desert;8
9178;238;194;95;land;true;plains;4
9179;131;253;218;land;false;mountain;2
9180;153;193;238;land;false;hills;1
9181;191;72;240;land;false;plains;8
9182;188;246;224;land;true;plains;7
9183;225;231;229;land;false;plains;1
9184;197;244;103;land;false;plains;7
9185;236;105;208;land;true;plains;1
9186;229;213;108;land;false;hills;8
9187;217;65;232;land;false;mountain;1
9188;133;254;181;land;false;marsh;2
9189;235;194;164;land;false;forest;1
9190;130;246;144;land;false;marsh;1
9191;211;216;90;land;false;forest;7
9192;253;203;100;land;false;plains;1
9193;201;251;86;land;true;forest;1
9194;181;128;221;land;false;desert;1
9195;230;234;39;land;false;forest;1
9196;238;185;87;land;false;desert;2
9197;188;216;228;land;false;hills;7
9198;177;165;237;land;false;plains;8
9199;75;246;239;land;false;desert;1
9200;242;125;195;land;false;hills;7
9201;170;100;254;land;false;plains;3
9202;197;225;87;land;false;mountain;3
9203;184;184;222;land;false;plains;10
9204;194;198;235;land;true;hills;7
9205;240;193;87;land;true;hills;5
9206;96;245;224;land;false;hills;7
9207;160;193;251;land;false;mountain;7
9208;235;187;175;land;false;plains;7
9209;15;251;235;land;false;plains;1
9210;236;244;110;land;false;forest;3
9211;221;208;94;land;false;hills;2
9212;242;224;37;land;false;mountain;1
9213;206;214;99;lake;false;lakes;3
9214;218;250;53;land;false;hills;1
9215;143;184;228;land;false;mountain;8
9216;155;200;154;land;false;plains;5
9217;153;235;149;land;false;plains;2
9218;219;130;161;land;false;mountain;1
9219;214;168;189;land;false;forest;3
9220;250;79;205;land;false;mountain;1
9221;217;215;73;land;false;plains;4
9222;171;205;140;land;false;hills;2
9223;70;241;234;land;false;hills;3
9224;114;181;219;land;false;plains;7
9225;191;222;251;land;false;hills;8
9226;247;191;88;land;true;plains;10
9227;150;117;240;land;false;jungle;9
9228;236;211;249;land;false;hills;4
9229;246;93;194;land;false;desert;2
9230;237;149;183;land;false;plains;3
9231;209;88;212;land;true;hills;2
9232;246;161;152;land;false;urban;2
9233;73;230;237;land;false;plains;3
9234;227;62;217;land;true;urban;5
9235;233;140;219;land;false;plains;1
9236;181;112;225;land;false;jungle;7
9237;253;244;65;land;false;forest;8
9238;212;91;234;land;true;desert;1
9239;189;235;246;land;false;jungle;9
9240;129;249;216;land;false;mountain;1
9241;164;251;138;land;true;forest;10
9242;137;232;250;land;false;hills;8
9243;228;196;130;land;false;plains;1
9244;224;136;252;land;false;forest;1
9245;232;82;209;land;false;plains;5
9246;249;132;208;land;false;forest;7
9247;210;254;168;land;false;hills;7
9248;174;150;229;land;false;jungle;9
9249;179;164;233;land;false;plains;10
9250;241;180;165;land;false;desert;1
9251;218;254;200;land;true;frozen;11
9252;244;240;149;land;true;plains;7
9253;191;86;233;land;true;desert;8
9254;236;64;227;land;true;marsh;3
9255;248;225;246;land;false;plains;9
9256;195;91;243;land;false;desert;1
9257;233;126;189;land;false;plains;3
9258;170;191;177;land;true;forest;10
9259;108;240;162;land;false;forest;7
9260;130;186;208;land;false;plains;5
9261;171;209;156;land;false;forest;1
9262;211;252;160;land;false;forest;10
9263;113;174;236;land;false;mountain;1
9264;108;195;247;land;true;plains;1
9265;96;206;231;land;false;mountain;3
9266;230;84;222;land;false;plains;7
9267;203;119;192;land;false;desert;2
9268;228;195;123;land;false;plains;10
9269;172;203;209;land;false;mountain;7
9270;183;172;186;land;false;plains;2
9271;60;246;231;land;true;marsh;4
9272;187;158;249;land;false;plains;1
9273;235;149;128;land;false;jungle;9
9274;170;140;194;land;false;hills;5
9275;148;239;161;land;false;mountain;5
9276;162;189;158;land;false;hills;5
9277;206;249;94;land;false;desert;2
9278;227;220;246;land;false;desert;2
9279;187;135;190;land;false;hills;8
9280;252;187;98;land;false;plains;7
9281;250;180;227;land;false;plains;1
9282;203;195;167;land;true;forest;8
9283;248;191;67;land;false;salt;2
9284;207;64;230;land;false;hills;8
9285;151;234;184;land;true;urban;7
9286;110;202;230;land;false;jungle;4
9287;158;250;111;land;true;urban;5
9288;231;244;108;land;false;mountain;8
9289;206;66;234;land;false;urban;7
9290;122;247;194;land;false;marsh;4
9291;215;208;157;land;true;plains;8
9292;185;183;174;land;false;plains;1
9293;227;174;116;land;false;plains;4
9294;247;178;93;land;false;desert;1
9295;194;234;220;land;false;hills;4
9296;182;123;216;land;false;jungle;9
9297;229;241;107;land;false;plains;3
9298;244;61;207;land;false;forest;3
9299;30;250;246;land;false;plains;7
9300;130;209;237;land;false;plains;3
9301;225;221;77;land;false;mountain;3
9302;204;73;249;land;false;hills;5
9303;199;252;246;land;false;plains;1
9304;126;167;248;land;false;hills;2
9305;91;245;219;land;false;plains;3
9306;210;111;219;land;false;forest;1
9307;231;92;181;land;false;hills;8
9308;192;153;224;land;true;plains;4
9309;145;168;225;land;false;mountain;7
9310;158;182;214;land;false;plains;1
9311;246;219;40;land;false;desert;2
9312;191;191;213;land;false;hills;4
9313;209;142;193;land;true;forest;10
9314;211;241;177;land;false;forest;1
9315;200;126;224;land;false;plains;2
9316;225;252;87;land;false;marsh;2
9317;253;125;150;land;false;plains;3
9318;241;141;253;land;false;plains;1
9319;243;254;6;land;false;plains;8
9320;236;155;117;land;true;plains;8
9321;204;159;182;land;true;mountain;7
9322;196;238;223;land;false;plains;8
9323;215;233;53;land;false;mountain;7
9324;229;239;252;land;false;mountain;3
9325;216;218;67;land;false;urban;7
9326;243;253;46;land;false;mountain;7
9327;182;208;142;land;false;mountain;8
9328;236;175;102;land;true;hills;8
9329;235;234;126;land;false;hills;7
9330;35;51;45;sea;true;water_fjords;0
9331;182;182;163;land;false;plains;1
9332;247;217;74;land;false;forest;7
9333;228;106;248;land;false;plains;5
9334;105;212;240;land;true;plains;9
9335;200;219;140;land;false;marsh;2
9336;234;98;240;land;false;plains;5
9337;222;187;192;land;false;plains;7
9338;248;181;75;land;false;desert;1
9339;159;166;205;land;true;forest;10
9340;208;227;81;land;true;forest;8
9341;129;141;237;land;false;mountain;2
9342;122;147;232;land;false;hills;7
9343;197;166;247;land;false;plains;7
9344;165;209;192;land;false;hills;4
9345;202;193;194;land;false;forest;7
9346;167;116;246;land;true;plains;7
9347;141;197;184;land;false;mountain;3
9348;151;251;132;land;true;plains;1
9349;120;214;248;land;false;plains;7
9350;164;253;229;land;false;plains;8
9351;215;252;223;land;false;mountain;8
9352;179;206;180;land;false;desert;1
9353;180;192;141;land;false;desert;2
9354;202;161;202;land;false;forest;10
9355;117;249;190;land;false;plains;2
9356;222;205;81;land;false;plains;1
9357;221;59;223;land;false;desert;2
9358;196;244;176;land;true;plains;2
9359;217;213;119;land;false;plains;3
9360;101;234;167;land;true;plains;7
9361;247;242;63;land;false;marsh;2
9362;210;159;147;land;false;plains;1
9363;203;245;156;land;false;mountain;1
9364;246;150;199;land;false;forest;7
9365;96;212;237;land;true;hills;9
9366;224;209;206;land;false;desert;2
9367;229;171;189;land;true;hills;7
9368;242;51;224;land;true;plains;7
9369;215;110;215;land;false;hills;8
9370;117;161;226;land;false;plains;8
9371;229;198;81;land;false;urban;3
9372;152;252;105;land;true;plains;1
9373;246;179;95;land;false;jungle;7
9374;206;211;141;land;false;plains;2
9375;159;196;198;land;true;plains;8
9376;144;215;182;land;false;mountain;1
9377;36;232;233;land;true;plains;7
9378;132;164;248;land;true;plains;8
9379;148;193;241;land;true;hills;5
9380;205;81;245;land;true;plains;1
9381;227;223;152;land;false;plains;9
9382;218;230;189;land;false;urban;2
9383;178;233;168;land;false;plains;7
9384;232;250;33;land;false;hills;7
9385;146;240;252;land;false;hills;3
9386;53;218;244;land;false;plains;7
9387;240;183;222;land;false;forest;4
9388;195;219;105;land;true;hills;8
9389;72;253;183;land;false;hills;7
9390;214;219;136;land;false;plains;10
9391;143;222;252;land;false;desert;7
9392;234;224;64;land;false;plains;7
9393;93;232;177;land;false;mountain;7
9394;95;226;185;land;true;forest;8
9395;215;166;247;land;true;plains;9
9396;243;222;216;land;false;mountain;7
9397;122;219;217;land;false;hills;7
9398;177;234;159;land;false;plains;8
9399;220;174;145;land;false;hills;8
9400;242;150;212;land;true;plains;5
9401;242;229;130;land;true;urban;5
9402;205;205;142;land;false;mountain;8
9403;195;143;239;land;false;mountain;4
9404;193;199;211;land;false;plains;1
9405;252;155;236;land;false;forest;7
9406;194;206;127;land;false;forest;1
9407;247;244;174;land;true;plains;9
9408;236;182;219;land;false;desert;2
9409;22;25;17;sea;true;ocean;0
9410;234;70;231;land;true;plains;1
9411;165;176;201;land;true;plains;4
9412;206;116;243;land;false;hills;4
9413;214;214;237;land;false;hills;7
9414;196;222;249;land;false;forest;8
9415;188;153;178;land;true;plains;7
9416;247;91;222;land;true;hills;1
9417;239;243;237;land;false;plains;5
9418;229;244;53;land;false;desert;8
9419;198;107;240;land;false;mountain;1
9420;216;138;248;land;false;plains;7
9421;229;121;253;land;false;plains;1
9422;94;214;252;land;false;hills;8
9423;232;148;169;land;true;jungle;1
9424;120;234;245;land;true;plains;2
9425;31;246;233;land;false;forest;3
9426;211;158;220;land;false;hills;1
9427;226;171;205;land;false;forest;5
9428;148;174;202;land;false;plains;3
9429;210;230;244;land;false;desert;1
9430;254;247;125;land;false;plains;2
9431;200;217;165;land;false;forest;8
9432;235;109;221;land;false;plains;7
9433;245;254;74;land;false;hills;8
9434;211;166;212;land;true;hills;1
9435;173;254;167;land;true;frozen;11
9436;147;201;200;land;false;forest;9
9437;151;137;244;land;false;hills;8
9438;141;148;226;land;true;plains;3
9439;252;146;103;land;false;mountain;3
9440;242;235;157;land;false;plains;2
9441;188;202;208;land;false;plains;8
9442;220;153;181;land;false;plains;7
9443;250;204;125;land;false;hills;7
9444;159;246;217;land;false;hills;7
9445;243;34;243;land;false;plains;3
9446;218;51;233;land;false;marsh;2
9447;127;226;192;land;false;desert;2
9448;208;99;220;land;false;mountain;1
9449;175;153;217;land;true;plains;7
9450;93;217;232;land;false;hills;3
9451;177;253;111;land;false;plains;1
9452;201;178;220;land;false;plains;2
9453;129;160;220;land;false;mountain;7
9454;180;196;241;land;false;forest;7
9455;127;245;132;land;false;plains;1
9456;222;251;100;land;false;plains;7
9457;125;232;230;land;false;plains;5
9458;166;251;103;land;false;plains;2
9459;50;252;218;land;false;desert;2
9460;128;203;229;land;false;mountain;7
9461;197;167;240;land;true;plains;3
9462;136;203;174;land;false;forest;7
9463;250;212;186;land;false;forest;8
9464;246;124;246;land;true;plains;7
9465;95;209;207;land;true;plains;2
9466;42;53;32;sea;true;ocean;0
9467;152;190;219;land;false;forest;1
9468;170;228;243;land;false;plains;8
9469;249;210;157;land;true;plains;5
9470;248;237;99;land;false;plains;5
9471;199;223;112;land;false;forest;7
9472;197;99;253;land;false;desert;7
9473;218;202;90;land;true;plains;7
9474;83;249;199;land;false;plains;5
9475;91;235;251;land;false;mountain;1
9476;250;196;212;land;true;urban;1
9477;245;209;48;land;false;forest;1
9478;240;86;200;land;false;mountain;7
9479;206;232;95;land;false;plains;4
9480;242;237;102;land;false;plains;1
9481;208;114;232;land;true;forest;7
9482;224;239;235;land;false;forest;1
9483;102;212;225;land;false;mountain;2
9484;134;177;247;land;false;plains;8
9485;207;148;212;land;false;hills;7
9486;167;182;214;land;true;plains;8
9487;230;243;124;land;false;forest;8
9488;240;190;105;land;false;hills;1
9489;230;84;198;land;false;plains;3
9490;181;189;152;land;false;hills;7
9491;135;234;230;land;false;forest;8
9492;218;146;181;land;true;mountain;10
9493;250;221;189;land;false;plains;7
9494;188;210;235;land;false;plains;1
9495;236;200;83;land;false;forest;1
9496;108;226;199;land;false;hills;7
9497;254;246;16;land;false;forest;1
9498;221;216;235;land;false;desert;2
9499;197;186;245;land;false;jungle;7
9500;205;210;139;land;false;desert;2
9501;245;188;204;land;false;plains;7
9502;172;188;219;land;false;plains;3
9503;159;235;130;land;true;plains;8
9504;133;206;174;land;false;plains;1
9505;217;160;230;land;false;forest;1
9506;252;139;238;land;false;forest;3
9507;234;216;237;land;false;plains;7
9508;243;204;249;land;false;hills;2
9509;198;217;104;land;false;hills;1
9510;222;228;146;land;false;mountain;1
9511;182;194;184;land;false;mountain;9
9512;228;126;191;land;false;plains;3
9513;89;198;217;land;false;hills;4
9514;162;250;245;land;false;plains;1
9515;105;245;229;land;false;mountain;8
9516;184;217;247;land;false;plains;1
9517;234;213;125;land;false;plains;4
9518;175;249;122;land;false;hills;7
9519;187;229;253;land;false;plains;2
9520;241;157;157;land;false;mountain;1
9521;193;163;157;land;true;plains;8
9522;150;238;118;land;false;plains;2
9523;209;131;188;land;true;plains;1
9524;191;253;160;land;false;mountain;1
9525;206;243;181;land;false;jungle;4
9526;228;199;166;land;false;plains;8
9527;252;209;199;land;false;hills;2
9528;142;240;183;land;false;urban;1
9529;242;144;188;land;false;plains;3
9530;33;239;230;land;false;mountain;1
9531;101;225;201;land;false;marsh;5
9532;162;227;118;land;false;plains;3
9533;77;240;189;land;false;desert;7
9534;241;245;195;land;false;plains;3
9535;234;212;62;land;false;plains;1
9536;142;187;247;land;false;forest;1
9537;247;138;131;land;false;plains;3
9538;56;229;220;land;false;hills;8
9539;187;231;108;land;false;mountain;3
9540;84;248;218;land;false;mountain;2
9541;223;152;186;land;false;mountain;1
9542;251;242;239;land;false;hills;5
9543;175;160;188;land;false;mountain;7
9544;162;184;175;land;false;forest;7
9545;237;126;171;land;true;plains;7
9546;249;128;246;land;false;desert;1
9547;236;229;233;land;false;marsh;3
9548;251;245;225;land;false;forest;7
9549;73;249;247;land;false;hills;3
9550;174;202;243;land;false;plains;4
9551;143;160;210;land;true;forest;10
9552;244;108;188;land;false;hills;1
9553;211;244;196;land;false;plains;8
9554;173;223;113;land;false;mountain;2
9555;177;182;229;land;true;plains;5
9556;203;243;128;land;false;mountain;7
9557;250;139;147;land;false;mountain;1
9558;87;250;190;land;true;urban;1
9559;217;182;142;land;true;plains;7
9560;235;82;204;land;false;plains;1
9561;238;199;214;land;true;plains;7
9562;188;196;218;land;false;hills;1
9563;240;237;170;land;false;plains;3
9564;246;228;98;land;false;plains;8
9565;227;183;200;land;false;plains;7
9566;241;216;57;land;false;hills;2
9567;226;208;234;land;false;hills;8
9568;216;202;140;land;false;plains;1
9569;246;182;230;land;false;plains;2
9570;199;151;182;land;false;plains;7
9571;188;130;192;land;false;marsh;4
9572;127;203;189;land;false;hills;5
9573;220;73;232;land;true;plains;7
9574;183;166;224;land;false;mountain;7
9575;83;238;219;land;false;marsh;10
9576;206;254;240;land;false;desert;7
9577;239;187;133;land;false;hills;2
9578;212;160;202;land;false;jungle;2
9579;228;245;61;land;false;desert;7
9580;248;208;86;land;false;mountain;10
9581;253;234;93;land;false;hills;3
9582;245;246;95;land;false;plains;8
9583;75;250;244;land;false;plains;2
9584;51;43;36;sea;true;water_shallow_sea;0
9585;162;131;245;land;true;plains;8
9586;160;197;184;land;false;urban;1
9587;227;227;234;land;true;forest;10
9588;241;96;196;land;false;mountain;7
9589;244;198;223;land;true;forest;7
9590;253;234;25;land;false;forest;10
9591;101;208;204;land;false;plains;8
9592;234;38;246;land;false;jungle;9
9593;223;205;249;land;false;hills;7
9594;230;228;98;land;false;plains;4
9595;221;175;128;land;true;plains;5
9596;234;127;146;land;false;hills;7
9597;149;166;203;land;false;desert;2
9598;248;230;60;land;false;urban;2
9599;137;171;211;land;false;mountain;9
9600;155;223;230;land;false;plains;7
9601;193;167;161;land;false;plains;4
9602;124;231;157;land;true;plains;3
9603;169;228;204;land;false;desert;8
9604;194;223;241;land;false;mountain;8
9605;246;220;196;land;false;plains;8
9606;199;244;234;land;false;plains;2
9607;204;180;174;land;false;hills;1
9608;201;143;160;land;false;mountain;12
9609;162;243;163;land;false;hills;7
9610;129;142;253;land;false;mountain;5
9611;208;187;145;land;false;plains;10
9612;197;206;133;land;false;mountain;8
9613;181;199;160;land;false;forest;7
9614;221;183;195;land;false;forest;2
9615;187;170;171;land;false;desert;2
9616;235;218;186;land;false;hills;8
9617;203;244;149;land;false;jungle;1
9618;203;233;65;land;false;forest;7
9619;110;210;214;land;false;hills;8
9620;225;232;143;land;false;hills;7
9621;222;138;249;land;true;plains;1
9622;140;164;217;land;true;plains;1
9623;151;160;227;land;false;desert;2
9624;233;168;231;land;true;hills;10
9625;58;245;217;land;true;plains;7
9626;154;180;214;land;false;plains;1
9627;238;175;113;land;false;jungle;1
9628;120;243;209;land;false;forest;4
9629;201;242;180;land;false;mountain;7
9630;219;176;171;land;false;hills;1
9631;233;159;121;land;false;desert;1
9632;146;149;221;land;false;plains;8
9633;241;163;162;land;true;hills;7
9634;205;247;207;land;false;mountain;5
9635;91;186;231;land;false;plains;8
9636;183;189;149;land;false;hills;7
9637;144;237;202;land;true;plains;1
9638;235;130;205;land;false;plains;8
9639;170;236;166;land;false;mountain;1
9640;158;200;168;land;false;plains;1
9641;183;161;239;land;true;jungle;7
9642;213;194;144;land;false;jungle;8
9643;205;164;171;land;false;hills;1
9644;237;123;150;land;false;plains;7
9645;137;230;225;land;false;forest;3
9646;229;103;244;land;false;mountain;1
9647;90;242;228;land;false;mountain;7
9648;239;90;185;land;true;jungle;9
9649;115;186;210;land;false;plains;1
9650;207;113;235;land;false;plains;3
9651;205;192;138;land;false;hills;3
9652;149;206;151;land;false;forest;1
9653;230;222;142;land;false;plains;4
9654;233;109;170;land;false;plains;3
9655;143;163;233;land;false;plains;7
9656;82;251;208;land;false;mountain;1
9657;233;50;228;land;false;mountain;7
9658;99;253;215;land;false;hills;7
9659;199;92;219;land;false;hills;1
9660;236;91;217;land;false;plains;3
9661;136;158;212;land;true;plains;9
9662;199;162;161;land;false;hills;3
9663;245;58;200;land;false;plains;4
9664;178;92;235;land;false;forest;10
9665;219;123;205;land;true;plains;8
9666;146;171;201;land;true;marsh;5
9667;172;237;113;land;false;forest;7
9668;235;190;79;land;true;plains;7
9669;196;242;130;land;false;mountain;3
9670;212;213;148;land;true;mountain;1
9671;234;90;206;land;true;forest;10
9672;144;174;239;land;false;mountain;1
9673;208;246;91;land;false;urban;2
9674;230;182;97;land;true;plains;7
9675;106;215;229;land;false;desert;2
9676;218;231;88;land;false;plains;2
9677;207;201;230;land;true;forest;10
9678;137;192;239;land;false;plains;2
9679;185;153;243;land;false;forest;2
9680;108;250;220;land;false;hills;1
9681;234;194;237;land;true;hills;7
9682;192;240;249;land;false;mountain;10
9683;127;151;225;land;true;hills;8
9684;246;209;181;land;false;plains;1
9685;176;108;220;land;false;plains;2
9686;37;239;243;land;false;plains;5
9687;248;96;207;land;false;hills;4
9688;195;183;172;land;true;hills;8
9689;52;246;238;land;false;forest;2
9690;107;160;254;land;false;plains;7
9691;147;209;212;land;false;plains;3
9692;236;223;195;land;false;mountain;7
9693;57;244;201;land;false;hills;2
9694;228;179;231;land;false;desert;2
9695;246;240;104;land;false;mountain;8
9696;217;110;195;land;false;mountain;3
9697;235;48;230;land;false;forest;1
9698;246;226;248;land;false;desert;2
9699;207;230;250;land;true;plains;7
9700;198;251;91;land;false;plains;3
9701;151;235;143;land;false;hills;1
9702;165;243;139;land;false;plains;2
9703;251;193;150;land;false;hills;1
9704;244;78;187;land;true;mountain;10
9705;198;139;187;land;false;plains;10
9706;231;240;250;land;false;hills;8
9707;175;94;241;land;false;hills;7
9708;214;105;197;land;false;plains;7
9709;104;249;210;land;false;mountain;1
9710;180;245;133;land;false;mountain;7
9711;243;157;227;land;false;mountain;7
9712;154;124;234;land;false;hills;4
9713;130;221;154;land;false;hills;8
9714;224;166;189;land;false;plains;3
9715;229;88;248;land;false;hills;1
9716;189;210;106;land;false;plains;3
9717;21;253;238;land;true;forest;8
9718;194;159;159;land;false;plains;8
9719;200;134;243;land;false;desert;2
9720;160;142;223;land;false;plains;1
9721;217;197;131;land;true;plains;1
9722;222;183;188;land;false;plains;7
9723;218;133;153;land;false;hills;7
9724;245;75;195;land;false;plains;7
9725;160;252;227;land;false;mountain;1
9726;161;115;226;land;false;hills;8
9727;73;239;229;land;true;plains;2
9728;209;240;133;land;false;mountain;7
9729;90;199;232;land;false;plains;4
9730;52;231;240;land;false;plains;2
9731;205;221;209;land;false;forest;7
9732;86;247;242;land;false;hills;1
9733;237;198;241;land;false;mountain;1
9734;40;250;232;land;true;plains;5
9735;204;205;254;land;false;plains;2
9736;128;237;163;land;false;plains;3
9737;173;162;215;land;true;mountain;8
9738;121;228;157;land;false;plains;7
9739;197;82;244;land;true;hills;7
9740;238;115;168;land;true;urban;8
9741;151;225;145;land;false;plains;8
9742;129;162;225;land;false;mountain;2
9743;221;169;254;land;false;mountain;2
9744;137;232;235;land;false;jungle;7
9745;211;156;191;land;false;marsh;2
9746;96;253;200;land;false;plains;8
9747;218;160;136;land;false;hills;8
9748;254;184;225;land;false;plains;9
9749;122;196;225;land;false;plains;3
9750;164;210;203;land;true;urban;7
9751;180;156;242;land;true;forest;1
9752;162;251;135;land;false;hills;4
9753;116;196;204;land;false;mountain;7
9754;210;243;247;land;false;desert;1
9755;251;84;204;land;false;forest;1
9756;133;200;190;land;false;plains;2
9757;252;254;171;land;false;plains;1
9758;229;245;168;land;false;plains;4
9759;244;176;125;land;false;plains;1
9760;239;244;198;land;false;desert;2
9761;231;205;113;land;false;plains;1
9762;135;251;154;land;true;forest;8
9763;115;249;172;land;false;plains;7
9764;180;125;238;land;false;plains;1
9765;241;160;207;land;false;hills;5
9766;199;184;242;land;false;mountain;2
9767;197;196;214;land;true;mountain;7
9768;153;243;114;land;false;plains;3
9769;199;114;251;land;false;forest;5
9770;222;188;132;land;true;plains;7
9771;201;206;171;land;true;plains;7
9772;224;141;228;land;false;marsh;2
9773;223;202;161;land;true;urban;7
9774;230;195;239;land;false;hills;2
9775;94;190;237;land;true;plains;5
9776;233;152;198;land;true;plains;7
9777;88;238;254;land;false;desert;2
9778;171;213;195;land;false;hills;2
9779;248;160;177;land;false;forest;3
9780;133;198;189;land;true;urban;7
9781;233;163;111;land;true;plains;8
9782;163;203;173;land;false;volcanic;2
9783;195;137;208;land;false;plains;2
9784;209;184;182;land;false;plains;2
9785;167;215;209;land;false;mountain;8
9786;148;206;241;land;true;plains;10
9787;169;219;248;land;false;plains;7
9788;105;218;245;land;false;mountain;3
9789;208;169;253;land;true;plains;4
9790;190;183;178;land;false;hills;3
9791;230;229;134;land;true;forest;1
9792;76;224;226;land;false;hills;8
9793;169;241;117;land;false;plains;2
9794;143;232;138;land;false;plains;9
9795;218;250;146;land;false;hills;1
9796;166;226;199;land;false;forest;8
9797;89;253;205;land;false;plains;7
9798;125;248;236;land;false;forest;2
9799;212;220;96;land;false;plains;10
9800;209;223;210;land;true;plains;1
9801;225;213;187;land;false;mountain;8
9802;168;215;153;land;true;plains;1
9803;209;137;211;land;true;plains;3
9804;247;77;177;land;false;hills;3
9805;108;239;212;land;false;jungle;9
9806;170;236;100;land;false;forest;3
9807;140;213;220;land;false;plains;1
9808;219;100;239;land;false;plains;7
9809;54;216;231;land;true;plains;7
9810;113;252;218;land;false;jungle;3
9811;179;155;228;land;false;mountain;7
9812;241;139;174;land;false;plains;5
9813;186;185;237;land;false;plains;4
9814;207;152;237;land;false;plains;1
9815;188;237;167;land;false;desert;8
9816;61;253;243;land;false;mountain;1
9817;120;205;190;land;false;forest;8
9818;200;210;188;land;false;plains;2
9819;141;213;238;land;false;plains;1
9820;251;220;184;land;false;forest;8
9821;163;230;212;land;false;marsh;1
9822;158;227;215;land;false;hills;3
9823;242;199;195;land;false;plains;7
9824;237;229;165;land;false;mountain;2
9825;173;233;210;land;false;desert;2
9826;226;114;221;land;true;plains;7
9827;215;124;189;land;true;plains;7
9828;251;234;189;land;false;forest;8
9829;176;188;170;land;false;forest;8
9830;254;76;189;land;false;jungle;7
9831;171;194;187;land;false;plains;3
9832;241;215;137;land;false;mountain;1
9833;153;161;204;land;true;plains;7
9834;154;116;246;land;true;plains;1
9835;252;234;81;land;false;plains;7
9836;242;219;184;land;false;forest;1
9837;145;229;161;land;true;plains;4
9838;71;254;226;land;false;plains;1
9839;23;233;254;land;false;hills;5
9840;247;191;224;land;false;desert;2
9841;185;86;232;land;true;plains;1
9842;204;173;234;land;false;plains;3
9843;91;229;205;land;false;plains;7
9844;167;136;214;land;false;plains;8
9845;220;195;205;land;false;hills;2
9846;215;219;240;land;false;hills;4
9847;237;168;192;land;false;frozen;11
9848;218;242;252;land;false;hills;7
9849;134;204;244;land;false;mountain;1
9850;226;140;183;land;false;mountain;7
9851;239;215;91;land;true;plains;1
9852;193;240;224;land;true;plains;3
9853;176;254;129;land;false;plains;8
9854;228;120;230;land;false;mountain;7
9855;230;234;122;land;false;forest;9
9856;244;157;192;land;false;plains;7
9857;137;134;233;land;false;forest;1
9858;236;212;170;land;false;plains;3
9859;233;165;104;land;false;forest;1
9860;231;227;143;land;false;mountain;7
9861;135;246;160;land;false;plains;3
9862;248;193;181;land;true;plains;7
9863;146;231;207;land;false;mountain;2
9864;235;242;130;land;false;plains;2
9865;251;127;147;land;false;plains;2
9866;219;57;236;land;false;hills;8
9867;211;235;93;land;false;mountain;2
9868;188;253;248;land;false;urban;10
9869;109;179;244;land;false;hills;7
9870;232;101;168;land;true;plains;1
9871;223;215;205;land;false;forest;5
9872;238;242;55;land;true;mountain;7
9873;148;230;196;land;false;plains;7
9874;252;23;243;land;false;mountain;1
9875;194;143;244;land;true;plains;7
9876;159;178;239;land;false;hills;8
9877;228;216;171;land;true;plains;8
9878;232;237;180;land;false;plains;12
9879;154;226;129;land;false;hills;7
9880;96;247;251;land;false;plains;5
9881;198;185;192;land;false;mountain;2
9882;169;142;216;land;false;hills;2
9883;192;228;161;land;false;plains;3
9884;117;143;248;land;false;marsh;2
9885;196;177;248;land;false;mountain;1
9886;133;223;166;land;true;plains;8
9887;218;30;254;land;true;plains;1
9888;238;238;193;land;false;mountain;1
9889;158;245;135;land;false;desert;2
9890;102;250;213;land;false;mountain;3
9891;164;134;217;land;false;plains;5
9892;233;203;230;land;false;forest;7
9893;236;254;151;land;false;mountain;2
9894;243;136;130;land;false;forest;5
9895;130;242;140;land;false;mountain;8
9896;144;250;110;land;false;forest;7
9897;254;21;250;land;true;desert;7
9898;144;240;182;land;false;plains;2
9899;238;118;250;land;false;urban;1
9900;187;132;203;land;false;salt;7
9901;251;242;190;land;false;plains;3
9902;141;124;254;land;false;plains;2
9903;197;94;211;land;true;mountain;10
9904;203;142;208;land;true;plains;7
9905;243;177;182;land;false;plains;2
9906;245;157;104;land;false;plains;3
9907;230;236;51;land;false;salt;2
9908;116;244;176;land;false;mountain;2
9909;243;136;123;land;false;mountain;7
9910;99;215;206;land;false;plains;2
9911;197;179;225;land;false;plains;4
9912;120;237;213;land;true;desert;8
9913;164;202;245;land;false;plains;7
9914;190;112;252;land;false;desert;1
9915;171;187;147;land;false;hills;1
9916;190;228;248;land;false;plains;1
9917;157;207;201;land;false;plains;7
9918;89;194;223;land;true;plains;10
9919;150;164;187;land;false;plains;4
9920;177;254;182;land;false;mountain;7
9921;240;177;200;land;false;jungle;9
9922;170;128;247;land;false;hills;7
9923;239;175;213;land;false;plains;8
9924;125;199;235;land;false;mountain;7
9925;220;251;170;land;true;forest;3
9926;206;221;244;land;false;hills;1
9927;221;242;47;land;false;jungle;1
9928;201;206;136;land;false;marsh;2
9929;179;248;107;land;false;plains;1
9930;60;213;253;land;false;mountain;1
9931;223;249;168;land;false;hills;4
9932;247;235;157;land;false;plains;5
9933;187;232;146;land;false;jungle;1
9934;210;76;235;land;true;plains;11
9935;249;68;232;land;false;mountain;10
9936;111;245;216;land;false;mountain;1
9937;114;194;249;land;true;plains;8
9938;110;172;223;land;false;plains;7
9939;206;96;207;land;true;mountain;10
9940;123;149;239;land;true;plains;1
9941;223;198;211;land;true;plains;1
9942;219;172;221;land;false;jungle;4
9943;203;201;172;land;true;urban;1
9944;240;196;210;land;false;urban;1
9945;231;223;110;land;false;plains;1
9946;224;208;223;land;false;hills;7
9947;156;107;243;land;true;plains;7
9948;198;248;226;land;false;hills;1
9949;241;251;27;land;false;mountain;2
9950;197;173;160;land;false;jungle;9
9951;254;210;247;land;false;plains;1
9952;213;210;137;land;false;hills;7
9953;171;129;228;land;true;plains;7
9954;203;242;190;land;false;plains;2
9955;230;145;225;land;false;marsh;2
9956;131;180;232;land;true;plains;9
9957;226;122;175;land;false;desert;3
9958;206;245;54;land;false;marsh;3
9959;198;206;216;land;false;plains;3
9960;136;146;221;land;true;hills;7
9961;91;227;225;land;false;urban;2
9962;178;122;237;land;true;plains;7
9963;162;238;228;land;false;hills;4
9964;38;29;35;sea;true;water_fjords;0
9965;172;198;217;land;false;plains;3
9966;221;247;127;land;false;forest;2
9967;152;159;249;land;false;jungle;7
9968;243;97;225;land;false;hills;1
9969;171;148;239;land;true;plains;5
9970;138;200;236;land;true;urban;8
9971;218;190;180;land;false;mountain;8
9972;254;151;111;land;false;plains;7
9973;128;226;224;land;false;mountain;7
9974;213;214;231;land;false;urban;3
9975;236;214;169;land;false;plains;7
9976;151;120;254;land;false;plains;7
9977;231;245;165;land;false;urban;5
9978;219;240;221;land;false;mountain;7
9979;46;218;251;land;false;forest;1
9980;170;196;147;land;true;urban;5
9981;203;100;253;land;false;plains;3
9982;204;115;249;land;false;plains;9
9983;119;223;170;land;false;hills;1
9984;124;186;231;land;false;mountain;1
9985;169;116;218;land;false;mountain;1
9986;250;207;50;land;false;plains;7
9987;82;248;215;land;false;forest;7
9988;232;187;215;land;false;plains;7
9989;185;219;249;land;false;plains;3
9990;56;239;245;land;false;hills;1
9991;206;248;199;land;false;plains;8
9992;66;254;187;land;false;plains;7
9993;215;206;90;land;false;plains;8
9994;185;232;221;land;true;plains;7
9995;36;217;254;land;false;hills;7
9996;191;225;143;land;false;hills;2
9997;254;141;172;land;false;plains;3
9998;231;115;182;land;true;plains;1
9999;155;206;206;land;false;plains;3
10000;132;244;144;land;false;mountain;7
10001;222;168;186;land;false;plains;3
10002;240;210;71;land;false;plains;2
10003;252;178;144;land;false;hills;8
10004;129;162;214;land;true;jungle;7
10005;235;124;232;land;false;forest;4
10006;196;178;130;land;false;plains;2
10007;177;173;234;land;true;hills;1
10008;220;230;171;land;false;plains;3
10009;184;198;223;land;false;plains;7
10010;128;211;233;land;false;forest;4
10011;179;199;207;land;false;desert;2
10012;180;220;235;land;false;mountain;10
10013;250;95;183;land;false;hills;1
10014;226;241;223;land;false;mountain;1
10015;108;211;230;land;false;plains;1
10016;148;107;248;land;true;plains;5
10017;228;99;180;land;true;hills;7
10018;227;226;173;land;false;hills;7
10019;252;142;193;land;true;plains;9
10020;189;251;215;land;false;forest;9
10021;189;168;220;land;true;forest;7
10022;194;246;186;land;false;hills;2
10023;170;241;189;land;false;volcanic;8
10024;212;90;252;land;false;desert;2
10025;174;144;185;land;false;plains;7
10026;160;198;243;land;false;plains;2
10027;212;215;194;land;true;plains;1
10028;237;243;239;land;false;desert;3
10029;71;232;238;land;false;forest;3
10030;241;206;148;land;false;desert;3
10031;65;236;214;land;false;plains;3
10032;251;98;219;land;false;hills;1
10033;145;219;201;land;false;hills;2
10034;185;201;158;land;true;jungle;7
10035;57;216;251;land;false;hills;1
10036;114;242;230;land;false;forest;8
10037;254;222;77;land;false;plains;7
10038;209;249;107;land;false;plains;2
10039;193;189;179;land;false;mountain;1
10040;187;142;200;land;true;plains;1
10041;173;251;239;land;false;plains;3
10042;242;108;252;land;false;plains;1
10043;195;250;220;land;false;plains;8
10044;173;252;81;land;true;plains;1
10045;225;251;81;land;true;hills;1
10046;150;196;177;land;false;plains;1
10047;106;219;239;land;false;hills;4
10048;252;207;182;land;false;hills;8
10049;85;235;231;land;false;plains;2
10050;92;208;230;land;false;marsh;5
10051;182;222;157;land;false;hills;8
10052;181;121;206;land;false;desert;2
10053;175;151;215;land;false;plains;2
10054;191;188;123;land;false;hills;1
10055;104;220;215;land;false;forest;8
10056;244;102;177;land;false;plains;3
10057;187;119;222;land;false;forest;9
10058;162;187;254;land;false;plains;2
10059;252;168;186;land;false;urban;7
10060;166;130;213;land;false;plains;2
10061;243;233;65;land;false;plains;1
10062;239;73;195;land;true;forest;2
10063;224;189;131;land;false;plains;1
10064;172;239;166;land;false;plains;2
10065;139;174;243;land;false;hills;1
10066;219;211;131;land;false;plains;2
10067;184;115;234;land;false;desert;2
10068;233;216;189;land;true;urban;5
10069;231;184;152;land;true;plains;2
10070;193;224;133;land;false;plains;3
10071;247;231;99;land;false;hills;8
10072;185;199;150;land;false;marsh;4
10073;135;229;224;land;false;mountain;7
10074;253;170;146;land;true;mountain;1
10075;134;155;251;land;false;hills;7
10076;239;234;215;land;false;jungle;9
10077;148;246;246;land;false;forest;7
10078;152;232;168;land;false;plains;1
10079;240;138;190;land;false;mountain;4
10080;83;213;235;land;false;plains;8
10081;241;179;160;land;false;plains;4
10082;199;190;117;land;true;mountain;5
10083;237;234;50;land;false;desert;2
10084;253;190;103;land;false;hills;1
10085;251;231;56;land;false;plains;3
10086;215;216;240;land;false;plains;7
10087;175;210;240;land;false;desert;3
10088;230;254;243;land;false;hills;2
10089;156;212;137;land;true;forest;5
10090;186;141;250;land;true;urban;1
10091;196;69;246;land;false;mountain;7
10092;116;236;233;land;false;forest;3
10093;162;178;219;land;false;forest;2
10094;213;193;127;land;false;plains;8
10095;220;207;122;land;false;plains;2
10096;247;216;236;land;false;plains;7
10097;154;155;234;land;false;plains;7
10098;225;218;249;land;false;hills;8
10099;165;246;165;land;true;desert;8
10100;142;226;252;land;true;plains;7
10101;250;99;212;land;false;plains;8
10102;27;242;250;land;true;plains;3
10103;250;213;231;land;false;mountain;7
10104;120;250;148;land;false;hills;7
10105;242;117;155;land;false;plains;8
10106;167;252;253;land;false;forest;7
10107;126;221;166;land;false;volcanic;2
10108;74;184;244;land;false;mountain;8
10109;223;166;231;land;true;forest;1
10110;137;225;166;land;false;hills;5
10111;222;233;107;land;false;plains;2
10112;136;224;209;land;false;desert;8
10113;127;239;183;land;false;desert;8
10114;147;253;192;land;true;hills;5
10115;119;233;234;land;false;desert;2
10116;220;205;229;land;true;forest;1
10117;164;238;194;land;false;forest;8
10118;197;187;216;land;false;forest;2
10119;179;188;215;land;false;plains;1
10120;230;214;173;land;false;plains;1
10121;238;173;117;land;true;plains;8
10122;202;187;204;land;false;forest;7
10123;166;196;213;land;false;plains;3
10124;254;140;160;land;false;plains;4
10125;189;220;135;land;false;forest;7
10126;207;168;144;land;true;forest;8
10127;189;227;94;land;false;forest;3
10128;174;218;177;land;false;mountain;1
10129;245;122;208;land;false;plains;1
10130;244;223;196;land;true;urban;5
10131;174;165;213;land;false;forest;1
10132;210;86;245;land;false;desert;1
10133;132;254;183;land;false;desert;2
10134;200;215;96;land;false;plains;2
10135;173;236;215;land;false;mountain;7
10136;240;249;35;land;false;plains;5
10137;241;80;251;land;false;hills;4
10138;243;186;111;land;true;urban;1
10139;157;249;184;land;true;plains;3
10140;183;197;175;land;true;plains;5
10141;143;247;199;land;true;marsh;5
10142;164;186;251;land;false;marsh;10
10143;176;248;183;land;false;plains;7
10144;244;212;217;land;false;desert;2
10145;225;192;199;land;false;hills;7
10146;74;242;223;land;false;plains;3
10147;252;238;84;land;false;mountain;2
10148;115;226;209;land;false;desert;3
10149;238;229;191;land;false;marsh;10
10150;213;242;126;land;false;mountain;7
10151;200;115;225;land;false;plains;2
10152;84;198;242;land;false;urban;2
10153;226;132;167;land;true;plains;7
10154;52;62;63;sea;true;ocean;0
10155;107;222;247;land;false;desert;2
10156;219;215;115;land;false;mountain;2
10157;218;188;189;land;true;urban;5
10158;124;220;245;land;false;plains;8
10159;46;218;237;land;false;plains;7
10160;219;188;202;land;false;forest;8
10161;167;231;254;land;false;plains;1
10162;53;227;221;land;false;hills;7
10163;225;122;241;land;false;hills;1
10164;163;112;251;land;false;jungle;9
10165;181;111;251;land;true;urban;2
10166;111;241;161;land;true;urban;2
10167;254;69;221;land;false;desert;2
10168;105;161;243;land;false;mountain;2
10169;141;241;124;land;true;plains;4
10170;155;204;245;land;false;mountain;7
10171;146;252;175;land;false;mountain;3
10172;213;208;208;land;false;forest;8
10173;227;187;137;land;false;plains;10
10174;227;150;146;land;false;forest;7
10175;155;245;192;land;false;hills;7
10176;168;199;202;land;false;hills;7
10177;77;231;211;land;false;hills;3
10178;205;199;117;land;false;hills;5
10179;168;161;199;land;false;plains;7
10180;215;218;82;land;false;forest;2
10181;252;156;251;land;false;desert;2
10182;252;232;123;land;false;plains;3
10183;247;246;14;land;false;plains;1
10184;230;238;251;land;false;plains;1
10185;201;176;237;land;false;plains;8
10186;252;228;220;land;true;hills;5
10187;225;193;224;land;true;plains;8
10188;181;144;191;land;true;plains;5
10189;207;240;164;land;false;jungle;7
10190;165;238;204;land;false;plains;1
10191;202;249;148;land;false;tunnel;5
10192;233;212;113;land;false;plains;8
10193;138;153;220;land;false;mountain;1
10194;173;201;201;land;false;plains;8
10195;87;223;237;land;false;plains;9
10196;226;239;197;land;false;mountain;3
10197;167;161;236;land;false;plains;2
10198;117;218;166;land;false;hills;1
10199;231;232;190;land;true;forest;3
10200;205;243;60;land;false;hills;2
10201;131;237;186;land;false;jungle;9
10202;191;222;222;land;false;jungle;1
10203;109;238;182;land;false;forest;8
10204;237;137;169;land;false;desert;2
10205;149;218;245;land;false;plains;7
10206;199;221;130;land;false;forest;5
10207;247;117;220;land;false;desert;1
10208;241;104;177;land;false;hills;7
10209;237;163;213;land;false;marsh;2
10210;249;146;111;land;false;plains;1
10211;191;170;205;land;false;hills;1
10212;125;203;222;land;true;plains;5
10213;138;236;251;land;false;desert;2
10214;251;186;176;land;false;hills;3
10215;69;243;216;land;false;plains;8
10216;38;227;246;land;false;plains;1
10217;231;234;130;land;true;jungle;2
10218;133;150;229;land;false;plains;2
10219;224;212;135;land;false;desert;2
10220;157;243;232;land;true;hills;1
10221;169;197;254;land;false;urban;7
10222;206;253;196;land;true;mountain;2
10223;142;217;253;land;false;mountain;1
10224;128;193;244;land;false;plains;7
10225;215;236;125;land;false;plains;1
10226;98;229;213;land;false;plains;7
10227;227;127;188;land;true;plains;7
10228;150;222;213;land;false;desert;2
10229;85;241;206;land;false;hills;1
10230;167;216;238;land;false;plains;2
10231;209;218;106;land;true;forest;2
10232;252;96;229;land;false;plains;7
10233;222;173;163;land;false;plains;7
10234;168;190;232;land;false;plains;4
10235;252;19;238;land;false;mountain;8
10236;248;98;252;land;false;plains;5
10237;202;239;148;land;false;hills;8
10238;126;248;210;land;false;forest;10
10239;253;175;239;land;false;hills;5
10240;171;215;165;land;false;plains;3
10241;213;197;167;land;false;plains;7
10242;191;177;162;land;false;mountain;1
10243;190;188;133;land;false;plains;7
10244;61;249;253;land;false;jungle;9
10245;171;215;214;land;false;forest;1
10246;235;225;205;land;false;plains;7
10247;249;144;177;land;false;hills;4
10248;153;180;237;land;true;desert;1
10249;116;148;248;land;false;hills;3
10250;102;196;216;land;false;plains;7
10251;253;69;201;land;false;plains;7
10252;254;142;233;land;false;plains;3
10253;201;231;113;land;false;forest;7
10254;224;204;107;land;true;plains;5
10255;183;168;219;land;true;plains;1
10256;190;191;180;land;false;mountain;1
10257;167;154;201;land;false;marsh;2
10258;175;250;85;land;false;marsh;2
10259;94;223;200;land;false;mountain;1
10260;208;174;232;land;false;marsh;1
10261;174;192;160;land;false;plains;8
10262;192;230;236;land;true;plains;2
10263;105;180;254;land;false;plains;5
10264;182;183;155;land;false;desert;1
10265;246;107;218;land;false;hills;8
10266;245;239;178;land;true;hills;4
10267;206;234;127;land;false;mountain;3
10268;182;186;139;land;false;hills;2
10269;50;223;234;land;false;urban;1
10270;145;137;250;land;false;plains;1
10271;91;191;254;land;true;urban;5
10272;215;159;197;land;false;hills;11
10273;244;251;196;land;false;jungle;9
10274;150;202;230;land;false;hills;8
10275;245;123;140;land;false;plains;2
10276;191;243;206;land;false;plains;2
10277;124;146;237;land;false;desert;2
10278;244;27;246;land;true;urban;10
10279;188;172;148;land;false;plains;7
10280;212;211;205;land;false;plains;3
10281;171;213;226;land;true;forest;1
10282;249;100;170;land;false;plains;1
10283;177;156;240;land;false;plains;1
10284;205;253;222;land;false;plains;2
10285;188;231;163;land;false;mountain;3
10286;135;237;228;land;false;hills;4
10287;154;241;250;land;false;hills;1
10288;244;99;237;land;true;hills;8
10289;179;169;230;land;false;plains;5
10290;238;183;226;land;false;plains;3
10291;158;187;229;land;false;forest;3
10292;211;156;179;land;false;hills;5
10293;146;202;194;land;false;hills;5
10294;194;176;222;land;false;urban;7
10295;232;85;239;land;true;hills;1
10296;243;213;162;land;false;desert;2
10297;119;233;210;land;false;plains;8
10298;214;75;219;land;false;plains;8
10299;123;185;200;land;false;urban;7
10300;170;174;245;land;false;plains;7
10301;122;168;246;land;true;plains;1
10302;238;242;234;land;true;forest;10
10303;228;78;209;land;true;plains;1
10304;111;237;242;land;false;plains;3
10305;211;246;66;land;true;forest;1
10306;214;184;143;land;false;plains;3
10307;231;233;87;land;false;plains;3
10308;166;252;205;land;false;plains;3
10309;186;189;236;land;false;plains;8
10310;162;147;243;land;false;plains;3
10311;219;225;118;land;true;plains;7
10312;246;146;239;land;false;plains;3
10313;114;245;171;land;false;mountain;2
10314;196;139;236;land;false;plains;7
10315;199;214;233;land;false;desert;3
10316;251;108;222;land;false;forest;8
10317;226;180;105;land;false;mountain;1
10318;209;222;157;land;true;plains;10
10319;177;126;216;land;false;hills;1
10320;209;108;220;land;false;mountain;2
10321;241;120;156;land;false;plains;1
10322;138;227;155;land;true;forest;10
10323;154;147;215;land;true;plains;7
10324;215;226;62;land;false;desert;2
10325;203;200;230;land;false;hills;2
10326;230;247;147;land;true;plains;1
10327;234;249;79;land;false;forest;3
10328;230;253;238;land;false;forest;7
10329;215;182;109;land;false;mountain;1
10330;151;183;190;land;false;plains;1
10331;208;178;220;land;false;plains;1
10332;199;225;239;land;true;jungle;7
10333;238;184;176;land;true;plains;7
10334;157;225;252;land;false;forest;8
10335;142;182;227;land;false;plains;7
10336;117;238;169;land;false;plains;2
10337;253;148;223;land;true;plains;3
10338;226;35;248;land;false;plains;7
10339;237;107;235;land;false;desert;1
10340;166;241;102;land;false;plains;1
10341;210;239;254;land;false;hills;7
10342;193;210;193;land;false;forest;3
10343;249;145;157;land;false;plains;2
10344;193;213;223;land;false;plains;3
10345;245;224;38;land;true;plains;8
10346;92;239;217;land;false;forest;4
10347;189;234;91;land;false;mountain;7
10348;243;178;251;land;false;desert;2
10349;168;212;126;land;false;plains;8
10350;164;158;193;land;true;plains;1
10351;248;76;182;land;false;mountain;1
10352;248;192;65;land;false;hills;7
10353;245;94;214;land;true;urban;1
10354;131;254;134;land;true;mountain;10
10355;121;167;252;land;false;hills;3
10356;137;166;246;land;false;hills;3
10357;160;248;98;land;false;hills;7
10358;154;169;231;land;false;mountain;8
10359;239;102;233;land;true;forest;4
10360;221;213;225;land;false;mountain;1
10361;222;205;229;land;false;jungle;4
10362;189;160;192;land;false;forest;2
10363;211;106;227;land;false;plains;2
10364;235;160;248;land;false;hills;1
10365;223;226;75;land;false;hills;4
10366;151;168;211;land;false;plains;3
10367;43;222;252;land;true;forest;7
10368;190;207;251;land;false;plains;3
10369;211;236;140;land;false;plains;3
10370;168;130;238;land;false;plains;1
10371;146;227;169;land;false;mountain;2
10372;54;252;247;land;false;mountain;1
10373;229;136;249;land;false;plains;7
10374;197;127;245;land;false;hills;3
10375;195;97;241;land;false;hills;7
10376;225;228;234;land;false;desert;2
10377;178;95;240;land;false;hills;8
10378;210;211;208;land;true;plains;1
10379;190;143;213;land;false;forest;7
10380;96;241;206;land;false;plains;7
10381;152;186;183;land;false;plains;3
10382;211;227;218;land;false;forest;3
10383;218;238;247;land;false;plains;2
10384;220;179;130;land;false;forest;2
10385;189;236;232;land;false;mountain;1
10386;159;183;242;land;false;desert;3
10387;87;241;244;land;false;plains;7
10388;222;211;119;land;false;mountain;7
10389;245;205;211;land;false;mountain;8
10390;232;248;141;land;true;plains;8
10391;53;231;224;land;false;plains;9
10392;75;68;96;sea;true;ocean;0
10393;109;160;252;land;false;plains;8
10394;203;250;108;land;false;plains;1
10395;192;137;177;land;false;forest;7
10396;238;244;26;land;false;hills;2
10397;126;236;142;land;false;mountain;7
10398;232;199;214;land;false;plains;8
10399;155;116;240;land;false;hills;7
10400;187;225;248;land;false;plains;8
10401;99;222;212;land;false;plains;1
10402;202;71;234;land;false;plains;1
10403;236;241;65;land;true;forest;7
10404;177;200;162;land;false;mountain;3
10405;173;162;247;land;false;desert;2
10406;218;146;183;land;false;plains;1
10407;170;87;245;land;false;urban;1
10408;190;174;163;land;false;plains;2
10409;245;254;158;land;true;plains;1
10410;237;216;158;land;false;plains;3
10411;249;237;77;land;false;hills;7
10412;188;239;160;land;false;desert;2
10413;239;251;85;land;false;plains;8
10414;206;192;206;land;false;hills;3
10415;195;106;246;land;false;plains;7
10416;152;225;186;land;false;mountain;3
10417;158;150;237;land;true;plains;1
10418;208;195;108;land;false;forest;2
10419;161;238;162;land;true;hills;4
10420;222;129;179;land;false;hills;1
10421;201;146;239;land;false;plains;1
10422;216;238;153;land;false;plains;7
10423;221;202;176;land;false;plains;2
10424;151;196;246;land;false;plains;1
10425;232;247;142;land;false;hills;2
10426;249;249;22;land;false;mountain;2
10427;200;190;251;land;false;hills;7
10428;199;157;162;land;false;hills;7
10429;87;175;253;land;false;desert;7
10430;247;55;230;land;false;mountain;7
10431;204;229;110;land;false;plains;3
10432;219;173;122;land;false;mountain;2
10433;197;251;222;land;false;hills;1
10434;222;243;237;land;false;desert;2
10435;245;219;128;land;false;forest;1
10436;253;66;225;land;false;mountain;7
10437;219;212;220;land;false;forest;7
10438;210;177;201;land;false;mountain;2
10439;130;237;221;land;true;hills;8
10440;253;150;117;land;false;plains;3
10441;117;237;228;land;false;urban;10
10442;220;63;254;land;false;hills;1
10443;133;251;179;land;false;mountain;12
10444;230;128;239;land;false;hills;2
10445;243;187;111;land;false;desert;1
10446;81;248;227;land;false;plains;2
10447;241;123;145;land;false;mountain;7
10448;171;143;244;land;false;mountain;2
10449;172;167;248;land;false;forest;9
10450;249;56;213;land;true;mountain;7
10451;173;220;207;land;false;hills;3
10452;251;198;134;land;false;desert;2
10453;243;128;205;land;false;forest;7
10454;250;123;150;land;false;hills;7
10455;253;114;162;land;false;plains;7
10456;223;104;183;land;false;forest;8
10457;241;92;223;land;true;plains;7
10458;246;68;248;land;false;desert;2
10459;65;196;243;land;true;plains;9
10460;236;105;249;land;false;hills;1
10461;59;244;211;land;false;plains;7
10462;205;166;165;land;false;plains;4
10463;185;177;154;land;false;marsh;2
10464;195;110;201;land;false;plains;3
10465;162;180;250;land;false;plains;3
10466;226;187;191;land;false;marsh;2
10467;222;163;147;land;false;plains;1
10468;207;226;191;land;true;jungle;7
10469;184;245;223;land;false;forest;2
10470;254;251;55;land;true;mountain;7
10471;103;225;230;land;false;forest;3
10472;107;198;203;land;true;plains;1
10473;242;124;145;land;false;hills;4
10474;185;221;248;land;false;forest;7
10475;204;144;192;land;false;hills;4
10476;194;226;237;land;false;plains;9
10477;149;152;253;land;false;mountain;1
10478;160;237;186;land;false;mountain;3
10479;231;218;171;land;true;urban;7
10480;217;164;162;land;false;jungle;9
10481;248;56;248;land;false;desert;2
10482;87;172;254;land;false;forest;2
10483;216;105;197;land;false;desert;2
10484;184;202;218;land;false;plains;1
10485;117;212;235;land;true;desert;7
10486;216;242;94;land;false;forest;10
10487;247;151;176;land;false;plains;3
10488;53;246;208;land;false;plains;7
10489;194;187;157;land;false;plains;7
10490;136;226;193;land;false;plains;5
10491;142;156;230;land;false;plains;3
10492;104;211;212;land;true;plains;7
10493;54;203;246;land;false;desert;8
10494;232;238;187;land;false;desert;1
10495;211;238;153;land;true;plains;7
10496;231;230;181;land;false;plains;7
10497;227;189;179;land;true;plains;3
10498;250;197;128;land;true;plains;2
10499;154;232;122;land;false;hills;4
10500;111;220;229;land;false;forest;2
10501;208;147;158;land;true;hills;1
10502;253;133;213;land;false;hills;1
10503;219;47;240;land;true;plains;2
10504;169;113;239;land;false;mountain;2
10505;224;194;213;land;true;plains;8
10506;143;194;250;land;false;mountain;7
10507;240;76;251;land;false;forest;2
10508;195;154;214;land;false;forest;1
10509;166;194;194;land;false;plains;8
10510;247;169;146;land;false;mountain;8
10511;171;137;221;land;false;hills;7
10512;244;212;126;land;false;forest;7
10513;236;203;234;land;false;mountain;7
10514;156;252;235;land;false;mountain;4
10515;82;242;226;land;false;mountain;9
10516;199;199;131;land;false;hills;7
10517;207;201;174;land;false;plains;2
10518;203;157;157;land;true;plains;1
10519;201;213;128;land;false;hills;1
10520;222;99;233;land;false;plains;2
10521;225;154;160;land;false;plains;1
10522;139;157;254;land;false;desert;2
10523;220;95;206;land;false;forest;8
10524;203;248;96;land;true;urban;7
10525;183;231;155;land;false;hills;1
10526;234;254;128;land;false;plains;3
10527;128;232;209;land;false;desert;2
10528;231;238;219;land;false;mountain;7
10529;218;156;240;land;false;plains;4
10530;227;112;252;land;false;plains;1
10531;178;202;147;land;false;mountain;4
10532;208;231;242;land;false;mountain;1
10533;253;208;88;land;false;plains;1
10534;175;238;239;land;true;plains;8
10535;246;247;152;land;false;hills;7
10536;128;236;184;land;true;hills;8
10537;201;119;188;land;false;plains;3
10538;250;226;66;land;false;desert;2
10539;211;250;210;land;false;hills;7
10540;236;170;250;land;false;hills;3
10541;252;109;252;land;false;jungle;1
10542;62;249;221;land;false;mountain;1
10543;239;158;148;land;true;hills;1
10544;135;237;184;land;false;plains;3
10545;221;214;163;land;false;mountain;7
10546;244;242;52;land;false;plains;3
10547;175;204;123;land;false;plains;3
10548;144;245;242;land;false;marsh;7
10549;202;84;223;land;true;hills;7
10550;199;138;185;land;false;plains;8
10551;152;154;207;land;false;mountain;1
10552;222;116;211;land;true;hills;1
10553;170;207;153;land;false;plains;7
10554;175;232;230;land;false;forest;2
10555;157;193;244;land;true;mountain;10
10556;214;195;229;land;false;plains;2
10557;252;216;154;land;true;plains;9
10558;219;151;199;land;false;hills;1
10559;220;251;41;land;false;plains;1
10560;211;218;106;land;false;desert;1
10561;251;251;233;land;true;forest;1
10562;216;210;90;land;false;forest;3
10563;243;156;206;land;true;plains;2
10564;79;249;252;land;false;plains;7
10565;236;168;100;land;true;forest;10
10566;208;200;157;land;false;mountain;1
10567;188;236;215;land;false;plains;1
10568;88;251;180;land;false;desert;2
10569;146;201;225;land;false;plains;7
10570;149;181;246;land;false;mountain;8
10571;234;152;194;land;true;plains;7
10572;164;233;212;land;true;jungle;8
10573;210;142;224;land;false;marsh;2
10574;47;223;233;land;true;plains;7
10575;187;212;204;land;false;volcanic;2
10576;134;234;236;land;false;jungle;9
10577;254;193;55;land;false;desert;2
10578;230;176;106;land;false;hills;1
10579;228;85;193;land;false;plains;3
10580;202;208;115;land;false;plains;3
10581;43;233;225;land;false;plains;3
10582;162;237;118;land;false;desert;2
10583;192;198;194;land;false;hills;1
10584;253;183;84;land;true;hills;9
10585;221;69;212;land;false;plains;1
10586;225;144;231;land;false;hills;1
10587;239;203;231;land;false;hills;3
10588;230;227;44;land;false;plains;7
10589;192;208;248;land;false;plains;8
10590;198;224;89;land;false;mountain;7
10591;191;136;190;land;false;hills;8
10592;251;206;106;land;false;mountain;3
10593;247;191;135;land;false;mountain;7
10594;236;205;81;land;false;plains;9
10595;138;240;247;land;false;hills;8
10596;147;108;249;land;false;plains;1
10597;250;162;205;land;false;mountain;1
10598;250;160;244;land;false;urban;1
10599;94;222;201;land;true;urban;2
10600;252;246;81;land;false;plains;4
10601;56;215;253;land;false;plains;3
10602;132;252;210;land;false;hills;8
10603;159;167;186;land;false;hills;1
10604;252;76;239;land;true;plains;7
10605;171;204;171;land;false;mountain;7
10606;233;163;145;land;true;plains;2
10607;166;237;111;land;false;hills;1
10608;226;254;131;land;false;mountain;2
10609;159;253;112;land;false;jungle;9
10610;31;252;239;land;true;plains;4
10611;191;238;104;land;false;plains;4
10612;155;243;225;land;false;hills;7
10613;222;179;226;land;false;plains;3
10614;226;210;181;land;false;mountain;4
10615;183;224;202;land;false;forest;4
10616;205;178;173;land;true;plains;8
10617;131;232;197;land;false;desert;2
10618;207;105;251;land;false;hills;4
10619;206;247;138;land;true;forest;1
10620;247;83;188;land;false;mountain;1
10621;243;126;188;land;false;plains;2
10622;205;80;233;land;false;hills;2
10623;248;215;170;land;false;desert;2
10624;199;71;238;land;false;mountain;8
10625;121;248;232;land;false;plains;8
10626;170;224;205;land;false;hills;2
10627;109;190;239;land;true;plains;1
10628;234;252;49;land;false;desert;2
10629;245;223;233;land;false;forest;7
10630;168;220;155;land;false;hills;8
10631;145;212;221;land;true;forest;10
10632;150;162;202;land;false;desert;2
10633;178;242;198;land;true;hills;2
10634;224;184;150;land;false;plains;8
10635;173;198;154;land;false;forest;3
10636;104;184;249;land;false;forest;3
10637;240;223;197;land;false;desert;2
10638;183;129;213;land;true;desert;7
10639;186;167;176;land;true;plains;7
10640;251;231;90;land;false;urban;2
10641;231;223;148;land;false;forest;8
10642;135;243;232;land;false;volcanic;2
10643;199;230;162;land;false;plains;2
10644;245;56;223;land;false;plains;1
10645;164;194;143;land;false;desert;2
10646;174;191;140;land;false;plains;1
10647;209;143;237;land;false;plains;1
10648;199;248;120;land;false;plains;8
10649;250;224;101;land;true;plains;8
10650;230;226;253;land;true;hills;1
10651;212;198;197;land;false;plains;7
10652;72;236;242;land;false;mountain;1
10653;209;208;89;land;false;hills;7
10654;243;248;244;land;false;plains;3
10655;246;142;233;land;true;urban;1
10656;172;209;131;land;false;hills;4
10657;154;139;212;land;true;hills;2
10658;198;86;232;land;true;urban;1
10659;245;213;77;land;false;hills;8
10660;239;178;146;land;false;plains;5
10661;212;236;155;land;false;plains;1
10662;125;199;247;land;false;plains;8
10663;221;223;135;land;true;mountain;10
10664;177;251;169;land;false;marsh;2
10665;239;157;199;land;false;mountain;7
10666;225;237;211;land;false;urban;7
10667;216;88;202;land;false;jungle;1
10668;87;232;236;land;false;mountain;7
10669;196;235;184;land;true;plains;7
10670;164;223;166;land;false;plains;3
10671;161;107;250;land;true;plains;8
10672;241;182;81;land;false;plains;2
10673;108;160;233;land;false;jungle;1
10674;214;191;160;land;true;plains;1
10675;105;207;225;land;false;hills;8
10676;199;217;251;land;false;mountain;1
10677;207;197;127;land;false;plains;2
10678;50;225;240;land;false;plains;2
10679;145;174;182;land;false;desert;8
10680;193;178;228;land;false;urban;1
10681;243;193;81;land;false;plains;8
10682;93;245;229;land;false;desert;2
10683;244;110;160;land;false;hills;5
10684;239;175;253;land;true;desert;7
10685;165;219;165;land;false;desert;2
10686;151;188;246;land;false;plains;10
10687;212;207;236;land;false;hills;1
10688;163;238;253;land;false;plains;2
10689;142;201;206;land;false;plains;1
10690;161;239;253;land;true;desert;7
10691;241;207;213;land;true;hills;5
10692;32;241;231;land;true;desert;2
10693;225;151;213;land;false;hills;5
10694;203;240;146;land;false;forest;2
10695;250;114;142;land;false;desert;8
10696;221;129;226;land;false;plains;4
10697;216;168;217;land;true;hills;7
10698;238;159;205;land;false;hills;1
10699;230;146;179;land;false;hills;9
10700;242;191;81;land;true;plains;2
10701;205;228;159;land;true;mountain;7
10702;96;182;223;land;false;plains;8
10703;202;91;243;land;false;forest;8
10704;214;189;207;land;false;forest;3
10705;246;251;179;land;false;mountain;4
10706;242;240;200;land;false;mountain;2
10707;208;112;188;land;false;hills;3
10708;127;176;236;land;false;plains;2
10709;211;239;140;land;false;jungle;9
10710;181;226;165;land;false;plains;2
10711;115;253;141;land;false;hills;8
10712;245;171;123;land;false;marsh;2
10713;205;190;114;land;false;plains;4
10714;185;137;195;land;false;hills;8
10715;97;251;158;land;false;jungle;9
10716;234;115;196;land;false;marsh;2
10717;108;198;253;land;true;plains;1
10718;196;142;222;land;true;urban;8
10719;185;245;112;land;false;volcanic;8
10720;207;240;208;land;false;plains;3
10721;251;222;203;land;false;hills;8
10722;160;245;235;land;true;plains;7
10723;248;252;56;land;false;plains;3
10724;168;237;154;land;false;plains;3
10725;192;254;243;land;true;desert;8
10726;203;197;143;land;false;jungle;1
10727;239;183;224;land;false;forest;7
10728;158;186;238;land;false;plains;1
10729;57;252;216;land;false;plains;5
10730;174;180;161;land;false;hills;3
10731;199;196;223;land;true;plains;1
10732;166;241;221;land;false;hills;1
10733;132;230;193;land;true;plains;1
10734;118;141;247;land;false;jungle;1
10735;226;224;247;land;false;mountain;2
10736;200;208;100;land;false;forest;7
10737;248;129;210;land;false;forest;7
10738;185;215;245;land;false;hills;3
10739;158;238;244;land;true;jungle;4
10740;151;241;172;land;false;forest;7
10741;190;251;242;land;false;desert;7
10742;134;246;182;land;false;plains;2
10743;163;172;205;land;false;plains;8
10744;239;170;114;land;false;hills;8
10745;228;213;251;land;false;plains;7
10746;149;244;247;land;false;plains;3
10747;124;203;244;land;false;forest;7
10748;240;59;229;land;true;forest;10
10749;200;253;199;land;true;plains;7
10750;223;244;73;land;true;forest;1
10751;194;152;226;land;false;plains;1
10752;249;149;203;land;false;desert;2
10753;232;221;190;land;false;forest;8
10754;226;148;133;land;true;plains;3
10755;152;230;251;land;false;desert;2
10756;222;125;174;land;true;plains;7
10757;179;163;188;land;false;forest;7
10758;130;127;254;land;false;plains;3
10759;98;213;205;land;true;forest;8
10760;202;170;130;land;false;forest;2
10761;209;193;186;land;false;hills;8
10762;214;200;100;land;true;forest;10
10763;52;251;223;land;false;hills;3
10764;236;70;235;land;false;desert;2
10765;35;248;230;land;false;hills;5
10766;202;229;252;land;false;plains;3
10767;248;201;94;land;false;volcanic;2
10768;183;183;168;land;true;urban;10
10769;200;109;202;land;false;plains;1
10770;217;224;192;land;false;hills;9
10771;128;251;197;land;false;plains;3
10772;214;125;175;land;false;mountain;3
10773;170;217;121;land;false;plains;2
10774;187;150;175;land;false;plains;7
10775;230;75;248;land;false;forest;7
10776;210;194;123;land;false;mountain;2
10777;239;60;229;land;false;mountain;2
10778;219;170;130;land;true;plains;7
10779;102;209;227;land;false;plains;8
10780;203;162;208;land;false;hills;7
10781;239;245;44;land;false;plains;7
10782;184;199;128;land;false;plains;7
10783;197;233;167;land;false;hills;5
10784;213;219;123;land;false;marsh;2
10785;247;216;174;land;false;plains;8
10786;181;246;196;land;false;plains;4
10787;130;199;226;land;false;plains;1
10788;85;239;216;land;false;plains;3
10789;165;185;222;land;false;hills;7
10790;241;45;246;land;true;plains;10
10791;173;243;181;land;false;mountain;8
10792;176;203;203;land;false;hills;2
10793;211;125;172;land;false;urban;7
10794;169;193;140;land;false;forest;5
10795;131;231;183;land;false;hills;7
10796;242;230;74;land;false;plains;1
10797;173;163;173;land;false;mountain;7
10798;159;241;175;land;false;marsh;3
10799;5;244;254;land;false;plains;4
10800;102;163;236;land;false;hills;8
10801;251;195;244;land;false;hills;7
10802;120;215;247;land;true;plains;1
10803;248;152;245;land;true;desert;8
10804;188;216;136;land;false;hills;8
10805;234;155;162;land;false;plains;8
10806;179;241;128;land;false;marsh;4
10807;211;113;209;land;false;forest;7
10808;172;191;200;land;false;hills;9
10809;222;137;219;land;false;mountain;3
10810;149;139;242;land;false;hills;5
10811;57;218;236;land;false;plains;7
10812;165;229;241;land;false;marsh;1
10813;239;149;194;land;false;plains;1
10814;217;178;145;land;true;plains;4
10815;81;252;195;land;true;plains;8
10816;89;219;245;land;false;plains;1
10817;226;238;191;land;true;mountain;7
10818;228;143;236;land;false;desert;3
10819;212;154;198;land;false;hills;7
10820;112;192;234;land;false;plains;8
10821;88;172;244;land;false;plains;7
10822;211;233;162;land;false;plains;7
10823;215;92;237;land;false;hills;5
10824;215;231;107;land;false;forest;7
10825;140;231;239;land;false;forest;3
10826;183;213;110;land;false;hills;7
10827;124;222;172;land;false;plains;1
10828;188;151;253;land;false;plains;3
10829;193;181;191;land;false;mountain;11
10830;218;223;159;land;false;plains;3
10831;109;254;172;land;false;plains;1
10832;215;226;185;land;true;plains;1
10833;226;206;164;land;false;plains;7
10834;165;218;213;land;false;plains;5
10835;154;246;145;land;false;urban;3
10836;224;215;140;land;false;urban;7
10837;147;169;232;land;false;plains;4
10838;247;241;202;land;false;desert;5
10839;191;134;234;land;false;hills;7
10840;169;179;251;land;true;jungle;7
10841;232;240;165;land;false;urban;7
10842;225;129;160;land;false;forest;4
10843;214;183;239;land;false;plains;1
10844;98;254;170;land;false;mountain;7
10845;234;218;204;land;false;plains;3
10846;238;180;215;land;true;plains;7
10847;86;174;250;land;false;desert;2
10848;235;235;219;land;false;mountain;1
10849;209;185;118;land;true;plains;1
10850;201;110;213;land;false;hills;2
10851;172;214;240;land;false;plains;4
10852;208;250;73;land;true;plains;3
10853;172;245;253;land;false;plains;7
10854;194;165;142;land;false;plains;7
10855;181;235;152;land;true;forest;10
10856;245;234;42;land;false;mountain;10
10857;188;232;93;land;false;plains;1
10858;114;208;243;land;true;urban;8
10859;231;186;111;land;false;marsh;2
10860;247;234;121;land;true;plains;7
10861;187;196;123;land;false;plains;3
10862;123;231;236;land;false;jungle;1
10863;157;119;253;land;false;forest;4
10864;226;157;226;land;false;jungle;7
10865;250;132;221;land;false;mountain;7
10866;248;230;76;land;true;plains;1
10867;232;91;217;land;false;plains;8
10868;135;252;185;land;true;jungle;4
10869;73;205;229;land;false;plains;3
10870;233;171;217;land;false;marsh;3
10871;200;224;156;land;false;plains;1
10872;212;121;254;land;false;frozen;12
10873;159;225;169;land;false;hills;1
10874;247;143;164;land;false;hills;1
10875;227;197;176;land;false;plains;2
10876;248;64;209;land;false;plains;4
10877;246;232;172;land;false;mountain;1
10878;137;252;237;land;false;hills;4
10879;174;245;242;land;false;hills;1
10880;211;157;192;land;false;mountain;3
10881;150;250;199;land;false;plains;1
10882;65;223;215;land;false;plains;7
10883;169;95;237;land;false;hills;7
10884;228;131;254;land;false;plains;5
10885;104;231;170;land;false;plains;2
10886;249;156;151;land;false;plains;7
10887;106;165;241;land;true;plains;7
10888;134;250;160;land;false;hills;8
10889;105;175;247;land;false;plains;1
10890;253;214;72;land;false;hills;8
10891;213;97;235;land;false;hills;2
10892;240;62;245;land;false;mountain;10
10893;251;190;145;land;false;hills;5
10894;212;230;129;land;false;hills;8
10895;252;187;107;land;false;plains;4
10896;173;225;254;land;false;plains;2
10897;198;131;247;land;false;plains;10
10898;129;250;182;land;false;hills;1
10899;78;193;234;land;false;hills;7
10900;175;178;197;land;false;forest;1
10901;179;249;194;land;false;hills;7
10902;192;91;225;land;false;plains;3
10903;65;252;231;land;true;plains;7
10904;164;165;215;land;false;forest;1
10905;245;132;153;land;false;forest;7
10906;179;214;178;land;true;plains;7
10907;209;163;131;land;false;plains;3
10908;229;199;239;land;false;plains;8
10909;155;230;249;land;false;mountain;3
10910;166;138;252;land;false;plains;7
10911;209;251;135;land;false;desert;1
10912;175;211;147;land;false;plains;2
10913;219;194;222;land;true;plains;7
10914;108;185;218;land;false;hills;7
10915;239;212;173;land;false;hills;7
10916;178;226;107;land;false;plains;1
10917;212;104;230;land;false;mountain;7
10918;203;238;230;land;false;plains;3
10919;225;244;35;land;true;plains;7
10920;220;222;144;land;false;hills;5
10921;173;219;207;land;false;plains;8
10922;222;144;218;land;false;plains;2
10923;175;245;208;land;false;jungle;7
10924;252;235;37;land;false;mountain;2
10925;184;200;216;land;false;plains;3
10926;100;174;253;land;true;urban;1
10927;228;232;140;land;false;plains;2
10928;149;154;254;land;false;jungle;9
10929;184;193;197;land;false;mountain;2
10930;174;166;214;land;false;plains;7
10931;114;251;163;land;false;plains;1
10932;210;116;184;land;false;jungle;2
10933;176;161;188;land;false;plains;4
10934;104;217;224;land;true;plains;7
10935;220;172;227;land;true;forest;5
10936;165;215;159;land;true;urban;7
10937;175;249;240;land;false;hills;1
10938;89;213;199;land;false;plains;2
10939;208;214;174;land;false;mountain;2
10940;35;38;26;sea;true;ocean;0
10941;221;229;94;land;false;hills;3
10942;216;251;46;land;true;plains;7
10943;201;243;113;land;true;forest;5
10944;238;197;67;land;false;hills;3
10945;152;203;233;land;false;plains;3
10946;223;151;186;land;false;hills;4
10947;227;212;79;land;true;desert;1
10948;225;177;247;land;true;urban;7
10949;218;118;187;land;false;mountain;1
10950;248;241;210;land;false;hills;5
10951;249;201;225;land;false;forest;1
10952;82;248;205;land;false;forest;7
10953;139;204;191;land;false;plains;3
10954;240;27;242;land;false;plains;1
10955;61;39;44;sea;true;water_fjords;0
10956;130;164;209;land;true;forest;1
10957;249;252;193;land;true;hills;1
10958;227;170;106;land;false;mountain;2
10959;68;43;55;sea;true;water_fjords;0
10960;197;60;245;land;true;forest;2
10961;232;179;134;land;false;hills;4
10962;121;209;201;land;false;plains;2
10963;158;225;242;land;false;plains;1
10964;164;198;203;land;true;desert;7
10965;215;176;126;land;false;hills;3
10966;178;202;126;land;false;hills;2
10967;233;128;192;land;false;forest;1
10968;241;194;105;land;false;hills;4
10969;217;169;205;land;false;plains;2
10970;121;201;239;land;true;desert;2
10971;250;105;159;land;false;marsh;2
10972;254;229;146;land;false;desert;1
10973;243;236;75;land;false;plains;1
10974;230;242;68;land;false;desert;2
10975;194;243;201;land;false;plains;8
10976;208;126;191;land;false;plains;4
10977;202;112;199;land;false;plains;3
10978;193;158;196;land;false;plains;1
10979;252;108;198;land;false;desert;2
10980;220;165;161;land;true;forest;1
10981;247;245;14;land;false;marsh;2
10982;214;87;204;land;false;plains;2
10983;144;170;198;land;false;mountain;5
10984;107;208;241;land;false;jungle;4
10985;192;82;227;land;false;plains;5
10986;211;204;199;land;true;plains;8
10987;176;231;214;land;false;plains;2
10988;202;253;144;land;false;mountain;8
10989;203;92;209;land;false;forest;8
10990;111;239;239;land;false;mountain;2
10991;225;228;114;land;false;forest;7
10992;214;249;208;land;false;forest;7
10993;238;228;43;land;false;hills;1
10994;218;231;243;land;true;mountain;10
10995;234;137;156;land;false;plains;1
10996;147;226;143;land;false;mountain;3
10997;134;224;228;land;true;marsh;1
10998;103;188;216;land;false;plains;8
10999;198;136;221;land;true;forest;10
11000;168;233;149;land;false;mountain;7
11001;253;48;221;land;false;plains;2
11002;205;236;135;land;false;plains;1
11003;203;211;233;land;false;forest;3
11004;242;178;120;land;false;desert;2
11005;160;182;189;land;false;plains;3
11006;151;206;250;land;false;plains;7
11007;99;193;224;land;true;plains;1
11008;146;201;182;land;false;plains;1
11009;251;107;245;land;false;hills;8
11010;191;151;169;land;false;plains;3
11011;233;173;138;land;false;plains;7
11012;229;197;228;land;false;plains;2
11013;236;162;177;land;true;plains;1
11014;158;181;185;land;true;plains;7
11015;109;172;225;land;false;forest;5
11016;231;223;77;land;false;desert;2
11017;168;130;214;land;false;mountain;7
11018;193;117;216;land;false;hills;3
11019;104;232;228;land;false;plains;7
11020;192;128;215;land;false;plains;1
11021;182;213;179;land;false;forest;10
11022;217;82;248;land;false;plains;8
11023;248;173;174;land;false;plains;3
11024;228;154;153;land;false;marsh;1
11025;50;230;230;land;true;plains;4
11026;207;107;207;land;true;plains;8
11027;77;216;242;land;true;desert;2
11028;238;240;196;land;false;jungle;7
11029;48;232;221;land;false;plains;2
11030;99;175;249;land;true;urban;1
11031;242;152;112;land;false;plains;5
11032;219;194;241;land;false;forest;7
11033;176;226;186;land;true;hills;8
11034;103;250;183;land;false;volcanic;2
11035;214;220;92;land;true;bridge;4
11036;159;236;128;land;false;hills;5
11037;223;182;234;land;false;plains;2
11038;243;229;146;land;false;plains;1
11039;199;159;162;land;false;plains;1
11040;212;98;215;land;false;hills;1
11041;208;134;170;land;true;desert;8
11042;236;207;134;land;false;hills;1
11043;216;246;97;land;false;hills;3
11044;170;222;247;land;false;desert;2
11045;169;132;254;land;false;mountain;1
11046;237;216;94;land;false;hills;1
11047;240;126;220;land;true;hills;5
11048;176;247;242;land;false;hills;7
11049;243;150;229;land;false;mountain;2
11050;231;252;48;land;false;plains;7
11051;89;247;208;land;false;desert;1
11052;139;227;194;land;false;hills;1
11053;229;174;139;land;false;plains;1
11054;238;212;73;land;true;plains;7
11055;179;205;157;land;false;mountain;1
11056;185;252;232;land;false;plains;3
11057;198;241;228;land;false;plains;2
11058;212;205;156;land;false;plains;1
11059;211;254;67;land;false;hills;7
11060;156;145;219;land;false;forest;7
11061;238;84;220;land;false;jungle;7
11062;254;141;181;land;false;mountain;7
11063;215;247;74;land;false;forest;7
11064;252;218;47;land;true;plains;4
11065;160;202;152;land;false;hills;1
11066;145;196;202;land;false;plains;4
11067;241;174;129;land;false;mountain;9
11068;172;107;239;land;false;desert;2
11069;240;225;45;land;false;plains;1
11070;239;194;222;land;false;plains;10
11071;81;243;211;land;false;hills;4
11072;222;148;164;land;true;mountain;1
11073;250;208;197;land;true;plains;7
11074;210;242;200;land;false;mountain;7
11075;247;248;78;land;false;hills;5
11076;72;198;236;land;false;hills;1
11077;117;242;185;land;true;meogartha;15
11078;163;201;206;land;true;plains;1
11079;238;126;178;land;false;hills;7
11080;163;195;240;land;false;desert;3
11081;240;171;166;land;false;hills;7
11082;158;161;215;land;false;plains;3
11083;229;251;37;land;false;hills;2
11084;63;51;54;sea;true;ocean;0
11085;185;115;239;land;false;hills;2
11086;118;220;193;land;false;plains;2
11087;149;171;220;land;true;plains;3
11088;215;189;129;land;false;forest;7
11089;96;215;196;land;false;marsh;4
11090;229;229;112;land;false;plains;1
11091;230;147;188;land;false;plains;7
11092;207;168;152;land;false;marsh;2
11093;233;223;85;land;false;desert;2
11094;214;205;122;land;false;mountain;1
11095;238;121;254;land;false;marsh;1
11096;146;237;158;land;false;urban;8
11097;191;188;155;land;false;jungle;1
11098;171;235;228;land;false;hills;4
11099;201;69;254;land;false;hills;8
11100;172;190;188;land;false;jungle;3
11101;223;141;219;land;false;mountain;7
11102;246;149;234;land;false;forest;1
11103;196;124;228;land;false;plains;7
11104;233;251;60;land;false;forest;3
11105;172;181;168;land;false;jungle;8
11106;198;238;136;land;false;plains;1
11107;182;195;184;land;true;plains;2
11108;179;94;242;land;false;plains;4
11109;136;215;220;land;false;mountain;1
11110;201;253;135;land;false;plains;7
11111;190;200;193;land;false;plains;3
11112;120;153;251;land;false;mountain;4
11113;193;237;94;land;false;forest;8
11114;196;134;195;land;true;plains;3
11115;139;148;225;land;false;hills;1
11116;185;223;210;land;true;plains;1
11117;214;252;157;land;true;mountain;1
11118;201;132;201;land;false;mountain;9
11119;185;233;180;land;false;plains;2
11120;220;171;113;land;true;plains;5
11121;37;252;220;land;false;urban;7
11122;162;242;211;land;false;plains;3
11123;168;182;152;land;false;plains;3
11124;168;200;170;land;false;hills;8
11125;198;202;177;land;false;forest;8
11126;217;173;237;land;false;forest;1
11127;211;210;91;land;true;urban;1
11128;179;231;207;land;false;hills;2
11129;248;145;130;land;false;plains;10
11130;227;43;244;land;true;marsh;5
11131;206;179;178;land;true;forest;7
11132;252;39;252;land;false;hills;7
11133;214;206;243;land;false;hills;8
11134;243;231;192;land;false;marsh;2
11135;245;209;47;land;false;hills;1
11136;119;213;216;land;false;plains;3
11137;240;151;210;land;false;mountain;1
11138;136;242;201;land;false;plains;1
11139;224;200;179;land;false;plains;1
11140;211;227;225;land;false;mountain;3
11141;243;150;158;land;false;hills;5
11142;193;173;238;land;false;plains;3
11143;243;123;250;land;false;mountain;1
11144;253;64;242;land;false;hills;4
11145;214;219;218;land;false;plains;7
11146;245;220;48;land;true;frozen;12
11147;205;202;177;land;true;plains;7
11148;208;158;136;land;false;forest;1
11149;234;80;219;land;false;forest;3
11150;227;37;245;land;true;plains;10
11151;209;193;106;land;false;hills;7
11152;234;211;187;land;false;hills;5
11153;207;232;68;land;true;plains;8
11154;228;207;89;land;true;plains;8
11155;202;233;132;land;false;urban;7
11156;241;146;122;land;false;forest;4
11157;172;237;179;land;false;mountain;8
11158;210;185;181;land;false;desert;2
11159;241;206;74;land;true;forest;1
11160;162;198;155;land;false;mountain;2
11161;225;250;105;land;false;desert;2
11162;233;190;163;land;false;desert;7
11163;220;138;241;land;false;plains;5
11164;238;88;254;land;false;plains;1
11165;206;242;105;land;false;marsh;9
11166;236;238;135;land;false;plains;1
11167;138;175;193;land;false;plains;2
11168;180;98;249;land;false;hills;8
11169;161;160;240;land;true;plains;8
11170;244;141;239;land;false;forest;4
11171;230;225;221;land;false;mountain;10
11172;64;230;212;land;false;mountain;1
11173;208;244;179;land;false;mountain;7
11174;157;197;198;land;false;desert;2
11175;127;190;199;land;true;plains;7
11176;163;201;232;land;false;desert;8
11177;60;47;63;sea;true;water_fjords;0
11178;246;188;218;land;false;plains;5
11179;237;253;200;land;false;plains;7
11180;254;218;121;land;false;desert;2
11181;198;115;211;land;false;plains;7
11182;129;215;226;land;false;jungle;7
11183;231;226;59;land;false;jungle;9
11184;195;163;211;land;false;hills;8
11185;246;88;192;land;false;urban;7
11186;218;198;120;land;false;plains;7
11187;229;53;221;land;false;plains;2
11188;110;245;215;land;false;plains;7
11189;212;118;211;land;false;forest;2
11190;216;222;157;land;false;plains;3
11191;94;205;232;land;true;plains;1
11192;205;199;177;land;false;desert;2
11193;213;127;214;land;false;marsh;1
11194;158;196;183;land;false;hills;7
11195;22;242;248;land;false;forest;1
11196;200;199;200;land;false;plains;8
11197;171;158;239;land;false;plains;1
11198;240;209;84;land;false;mountain;5
11199;239;233;91;land;false;mountain;1
11200;136;202;235;land;false;hills;7
11201;86;248;202;land;false;mountain;7
11202;233;197;163;land;false;jungle;7
11203;128;182;239;land;false;desert;1
11204;246;119;158;land;false;plains;7
11205;143;219;252;land;false;marsh;2
11206;228;147;231;land;false;plains;4
11207;155;112;252;land;false;mountain;8
11208;217;236;167;land;false;desert;8
11209;131;246;170;land;false;hills;7
11210;249;106;247;land;false;hills;8
11211;250;136;244;land;false;hills;7
11212;236;239;77;land;false;plains;2
11213;79;228;201;land;false;jungle;1
11214;216;101;220;land;false;plains;1
11215;233;235;33;land;false;hills;7
11216;233;107;249;land;false;jungle;1
11217;211;172;219;land;false;forest;9
11218;223;163;247;land;false;plains;2
11219;254;106;254;land;false;hills;8
11220;82;246;226;land;false;hills;3
11221;243;136;233;land;false;desert;1
11222;219;231;90;land;false;hills;1
11223;187;189;227;land;false;mountain;1
11224;169;84;248;land;true;plains;7
11225;161;228;174;land;false;hills;1
11226;166;197;217;land;false;plains;3
11227;124;241;161;land;false;forest;3
11228;236;150;172;land;false;plains;3
11229;173;161;170;land;false;hills;8
11230;141;222;246;land;false;forest;7
11231;228;221;220;land;true;marsh;7
11232;146;211;241;land;true;plains;1
11233;159;196;241;land;false;jungle;7
11234;131;128;247;land;false;hills;3
11235;225;198;182;land;false;forest;1
11236;169;200;186;land;false;plains;3
11237;218;96;252;land;false;plains;3
11238;178;214;203;land;false;plains;1
11239;125;189;194;land;false;hills;1
11240;207;179;150;land;false;desert;1
11241;251;103;230;land;false;hills;3
11242;226;208;179;land;false;desert;1
11243;241;90;174;land;false;plains;7
11244;248;165;244;land;true;plains;1
11245;82;246;201;land;false;plains;8
11246;249;45;219;land;false;hills;3
11247;247;153;172;land;false;forest;7
11248;188;219;210;land;false;plains;5
11249;154;237;206;land;true;plains;8
11250;254;226;143;land;false;hills;3
11251;149;154;220;land;false;desert;2
11252;81;230;214;land;false;plains;5
11253;215;183;132;land;true;plains;7
11254;195;197;171;land;false;plains;8
11255;134;182;222;land;false;plains;7
11256;90;210;214;land;false;plains;8
11257;110;181;235;land;false;mountain;1
11258;208;164;173;land;true;plains;4
11259;160;147;228;land;false;plains;2
11260;198;202;111;land;false;mountain;7
11261;182;172;233;land;false;hills;2
11262;178;127;216;land;true;desert;7
11263;230;225;52;land;false;mountain;1
11264;162;242;208;land;false;plains;5
11265;142;150;214;land;false;mountain;4
11266;140;228;174;land;false;urban;1
11267;195;222;143;land;true;plains;7
11268;226;227;106;land;false;plains;7
11269;172;131;224;land;false;forest;8
11270;204;51;247;land;true;plains;2
11271;199;237;129;land;false;plains;5
11272;187;254;94;land;false;plains;7
11273;161;197;227;land;false;hills;7
11274;232;80;226;land;true;forest;1
11275;242;192;247;land;true;plains;7
11276;150;250;200;land;true;urban;3
11277;253;179;144;land;false;plains;7
11278;186;196;209;land;false;desert;1
11279;248;94;235;land;false;desert;1
11280;219;168;205;land;false;plains;2
11281;214;178;220;land;false;hills;1
11282;234;241;144;land;false;hills;8
11283;246;207;202;land;false;desert;1
11284;49;241;253;land;false;plains;7
11285;202;124;196;land;false;mountain;8
11286;140;228;184;land;false;desert;1
11287;243;33;225;land;false;forest;8
11288;254;238;31;land;false;mountain;2
11289;104;214;192;land;false;jungle;7
11290;247;140;169;land;false;forest;2
11291;228;173;124;land;false;plains;2
11292;179;232;152;land;false;hills;1
11293;242;38;221;land;true;urban;5
11294;165;194;191;land;false;desert;2
11295;228;149;206;land;false;forest;8
11296;35;228;254;land;false;plains;2
11297;145;168;201;land;false;hills;1
11298;214;125;210;land;false;hills;7
11299;206;171;150;land;true;forest;10
11300;237;70;201;land;false;mountain;2
11301;82;232;230;land;false;forest;8
11302;225;165;208;land;false;hills;8
11303;169;210;147;land;false;plains;3
11304;74;252;200;land;false;hills;2
11305;215;231;123;land;true;marsh;7
11306;235;93;185;land;false;jungle;1
11307;129;167;226;land;false;plains;2
11308;169;169;165;land;false;urban;1
11309;209;216;170;land;false;urban;7
11310;154;208;163;land;true;plains;3
11311;245;155;240;land;false;plains;7
11312;191;234;223;land;false;jungle;2
11313;232;138;159;land;false;marsh;2
11314;235;253;188;land;false;plains;7
11315;108;185;210;land;false;plains;5
11316;211;240;204;land;false;mountain;2
11317;244;58;231;land;false;hills;8
11318;210;79;214;land;false;hills;2
11319;245;137;198;land;false;plains;5
11320;223;250;154;land;true;jungle;4
11321;254;88;253;land;false;mountain;10
11322;181;246;127;land;false;plains;8
11323;246;105;223;land;false;plains;1
11324;191;88;246;land;false;urban;1
11325;215;159;206;land;false;hills;4
11326;191;142;238;land;false;plains;3
11327;248;184;108;land;false;plains;7
11328;228;143;154;land;false;plains;2
11329;162;121;245;land;false;plains;4
11330;216;249;147;land;false;forest;3
11331;230;149;136;land;false;plains;2
11332;167;211;162;land;false;hills;7
11333;115;240;152;land;false;plains;5
11334;187;227;227;land;false;urban;2
11335;166;233;140;land;false;jungle;7
11336;242;180;97;land;true;hills;1
11337;249;191;225;land;false;hills;7
11338;112;180;227;land;true;plains;7
11339;45;212;249;land;false;plains;3
11340;239;238;228;land;false;forest;2
11341;251;73;216;land;false;hills;2
11342;214;58;253;land;false;plains;7
11343;176;222;199;land;false;plains;4
11344;188;151;202;land;false;plains;4
11345;143;211;198;land;false;plains;5
11346;210;236;228;land;false;desert;2
11347;116;245;225;land;false;jungle;1
11348;155;208;203;land;false;plains;5
11349;52;254;200;land;false;urban;7
11350;231;217;195;land;false;plains;3
11351;199;237;186;land;false;marsh;2
11352;253;237;110;land;false;desert;1
11353;249;182;102;land;false;plains;8
11354;184;141;234;land;false;hills;8
11355;254;167;221;land;false;jungle;1
11356;241;97;171;land;false;plains;8
11357;169;248;249;land;false;plains;2
11358;254;214;51;land;false;plains;1
11359;25;28;33;sea;true;water_shallow_sea;0
11360;249;229;152;land;true;plains;7
11361;215;146;153;land;false;salt;2
11362;210;238;102;land;false;desert;3
11363;226;67;242;land;false;plains;1
11364;158;220;189;land;false;plains;4
11365;230;139;225;land;false;plains;2
11366;167;225;215;land;true;urban;1
11367;189;161;218;land;false;plains;1
11368;220;125;193;land;false;plains;7
11369;254;203;60;land;false;forest;5
11370;27;44;45;sea;true;ocean;0
11371;151;171;180;land;false;marsh;1
11372;159;187;177;land;false;plains;2
11373;196;213;175;land;true;forest;7
11374;119;241;251;land;false;forest;9
11375;235;132;234;land;false;mountain;1
11376;159;228;224;land;true;urban;7
11377;169;218;156;land;false;mountain;1
11378;194;107;200;land;true;forest;7
11379;200;196;138;land;false;plains;7
11380;121;187;239;land;false;hills;4
11381;251;194;146;land;false;hills;3
11382;117;243;170;land;true;plains;8
11383;239;47;236;land;false;forest;10
11384;201;226;120;land;false;plains;3
11385;186;244;109;land;true;forest;5
11386;235;195;85;land;false;desert;7
11387;243;85;249;land;false;mountain;1
11388;217;210;167;land;false;jungle;4
11389;236;243;210;land;false;mountain;8
11390;72;238;199;land;false;mountain;7
11391;213;222;196;land;false;mountain;5
11392;179;99;242;land;false;jungle;1
11393;93;201;249;land;false;mountain;1
11394;242;91;193;land;true;plains;7
11395;221;244;215;land;false;hills;7
11396;183;253;201;land;false;urban;1
11397;206;245;227;land;false;hills;1
11398;136;243;223;land;true;hills;5
11399;155;251;185;land;false;plains;1
11400;178;225;195;land;false;hills;5
11401;233;87;250;land;true;mountain;1
11402;244;249;240;land;false;forest;3
11403;111;176;222;land;true;urban;5
11404;199;151;199;land;false;forest;2
11405;243;183;236;land;false;jungle;9
11406;71;250;221;land;true;plains;7
11407;115;253;145;land;false;plains;10
11408;135;198;175;land;true;urban;7
11409;185;253;178;land;false;hills;1
11410;247;225;186;land;true;plains;5
11411;127;174;237;land;false;plains;1
11412;132;218;215;land;false;plains;1
11413;240;131;181;land;false;hills;1
11414;245;164;198;land;true;mountain;7
11415;243;64;212;land;false;forest;7
11416;51;245;237;land;true;hills;8
11417;239;225;92;land;false;plains;3
11418;253;249;54;land;false;jungle;9
11419;126;185;192;land;false;plains;8
11420;142;253;119;land;false;hills;2
11421;200;179;222;land;false;urban;8
11422;147;227;219;land;false;forest;3
11423;128;247;219;land;false;forest;8
11424;215;190;210;land;false;plains;1
11425;197;234;99;land;false;jungle;9
11426;208;182;156;land;false;mountain;7
11427;97;254;169;land;false;plains;7
11428;161;210;208;land;false;hills;4
11429;197;177;226;land;false;desert;1
11430;253;135;235;land;false;hills;1
11431;225;168;203;land;false;forest;7
11432;244;214;123;land;false;marsh;1
11433;149;216;233;land;false;mountain;9
11434;225;220;197;land;false;hills;5
11435;166;251;240;land;true;urban;5
11436;217;44;246;land;true;hills;5
11437;191;147;175;land;true;hills;7
11438;143;209;213;land;false;plains;7
11439;159;247;187;land;false;plains;1
11440;171;133;253;land;false;plains;1
11441;251;188;248;land;false;plains;4
11442;243;111;205;land;false;plains;7
11443;242;178;89;land;false;forest;3
11444;164;218;127;land;false;marsh;1
11445;246;250;106;land;true;plains;10
11446;255;0;0;land;true;merries;1
11447;96;203;209;land;true;plains;1
11448;247;144;134;land;false;hills;4
11449;139;186;248;land;false;hills;4
11450;235;73;225;land;false;mountain;2
11451;254;178;92;land;false;jungle;9
11452;106;254;212;land;false;desert;7
11453;184;147;236;land;false;jungle;9
11454;245;218;62;land;false;plains;1
11455;182;194;208;land;false;desert;1
11456;164;156;251;land;true;forest;5
11457;242;192;124;land;false;hills;7
11458;204;241;225;land;true;plains;7
11459;143;214;174;land;false;plains;7
11460;175;126;201;land;false;desert;2
11461;211;236;178;land;false;mountain;1
11462;206;232;65;land;false;desert;2
11463;147;217;190;land;false;plains;10
11464;141;213;161;land;false;forest;7
11465;166;228;193;land;false;plains;3
11466;139;137;243;land;false;hills;7
11467;248;139;157;land;false;plains;4
11468;207;254;99;land;false;forest;3
11469;143;200;219;land;false;hills;7
11470;181;159;163;land;false;jungle;8
11471;199;195;223;land;false;urban;7
11472;207;237;141;land;false;mountain;3
11473;172;203;192;land;false;plains;1
11474;161;151;240;land;true;plains;7
11475;199;83;235;land;false;plains;3
11476;216;115;179;land;false;jungle;7
11477;63;245;244;land;false;hills;1
11478;228;178;242;land;true;plains;7
11479;205;175;167;land;false;plains;2
11480;243;117;206;land;true;plains;2
11481;232;199;223;land;false;hills;1
11482;245;160;220;land;false;hills;8
11483;251;187;129;land;false;desert;2
11484;118;182;207;land;false;desert;7
11485;109;189;229;land;false;desert;7
11486;236;185;132;land;false;hills;4
11487;172;235;226;land;false;forest;7
11488;212;197;116;land;true;desert;2
11489;210;206;107;land;true;forest;8
11490;202;173;235;land;false;forest;3
11491;195;248;102;land;true;hills;1
11492;238;192;98;land;false;hills;5
11493;245;153;127;land;false;hills;1
11494;228;246;139;land;false;plains;10
11495;182;219;118;land;false;plains;4
11496;244;248;55;land;false;mountain;1
11497;216;204;220;land;false;plains;2
11498;198;94;251;land;false;forest;8
11499;180;182;243;land;true;plains;7
11500;164;220;192;land;false;plains;3
11501;254;161;238;land;false;plains;3
11502;181;134;233;land;false;mountain;2
11503;140;226;208;land;false;plains;8
11504;158;184;171;land;true;plains;4
11505;119;214;248;land;true;plains;1
11506;212;145;205;land;true;plains;1
11507;205;162;178;land;false;hills;1
11508;250;213;140;land;true;jungle;9
11509;246;192;251;land;false;forest;7
11510;246;222;48;land;false;hills;3
11511;200;228;200;land;true;plains;1
11512;43;220;241;land;false;urban;10
11513;223;216;83;land;false;hills;8
11514;251;110;219;land;false;mountain;2
11515;197;147;216;land;true;forest;5
11516;250;109;177;land;false;hills;1
11517;219;205;172;land;false;hills;1
11518;218;250;83;land;false;urban;1
11519;170;147;253;land;false;hills;4
11520;101;225;193;land;false;plains;3
11521;213;192;191;land;false;mountain;10
11522;208;212;92;land;false;plains;7
11523;253;33;243;land;false;forest;2
11524;223;79;235;land;true;meogartha;15
11525;158;111;239;land;false;plains;2
11526;205;240;146;land;false;mountain;1
11527;136;187;196;land;false;mountain;9
11528;216;207;111;land;false;plains;8
11529;115;169;253;land;false;forest;1
11530;121;216;225;land;false;hills;3
11531;190;136;216;land;true;plains;3
11532;187;202;129;land;false;urban;1
11533;252;220;162;land;true;plains;1
11534;162;216;210;land;false;desert;7
11535;208;239;73;land;true;urban;10
11536;245;214;159;land;false;forest;2
11537;227;254;109;land;false;hills;7
11538;158;131;241;land;false;mountain;1
11539;197;190;161;land;true;forest;9
11540;151;170;239;land;false;urban;1
11541;227;186;168;land;false;hills;7
11542;239;202;83;land;false;plains;3
11543;176;177;240;land;false;hills;7
11544;83;232;223;land;false;plains;5
11545;224;232;170;land;true;desert;7
11546;229;234;95;land;false;hills;7
11547;212;202;120;land;true;forest;1
11548;234;127;149;land;false;hills;7
11549;233;249;75;land;false;plains;7
11550;163;189;197;land;false;jungle;4
11551;171;195;202;land;false;mountain;3
11552;121;139;242;land;false;plains;2
11553;213;64;249;land;false;plains;4
11554;205;205;126;land;true;urban;1
11555;185;227;112;land;false;plains;3
11556;91;237;182;land;false;marsh;2
11557;221;202;227;land;false;plains;4
11558;247;74;251;land;false;forest;5
11559;167;173;213;land;false;plains;1
11560;80;246;187;land;false;hills;1
11561;254;207;183;land;false;mountain;7
11562;229;125;188;land;false;plains;1
11563;79;243;198;land;false;forest;8
11564;254;247;60;land;true;plains;2
11565;58;246;229;land;false;desert;8
11566;201;191;174;land;false;forest;10
11567;146;145;236;land;false;hills;7
11568;227;112;218;land;false;hills;2
11569;158;157;224;land;true;plains;7
11570;192;152;160;land;true;hills;2
11571;223;142;205;land;false;hills;5
11572;148;177;230;land;false;hills;1
11573;232;134;217;land;true;plains;4
11574;233;157;241;land;false;urban;2
11575;157;149;223;land;true;plains;1
11576;207;188;239;land;true;marsh;7
11577;143;230;176;land;false;forest;8
11578;180;246;143;land;false;plains;7
11579;178;141;218;land;false;plains;7
11580;238;253;188;land;false;plains;2
11581;249;199;59;land;false;plains;1
11582;166;186;181;land;false;mountain;1
11583;253;251;179;land;false;desert;2
11584;205;252;181;land;false;forest;7
11585;189;216;139;land;false;plains;5
11586;170;205;222;land;false;forest;7
11587;93;225;223;land;false;hills;7
11588;163;95;245;land;false;mountain;7
11589;132;253;165;land;true;plains;7
11590;106;244;244;land;false;plains;3
11591;253;229;62;land;false;forest;8
11592;101;219;234;land;false;desert;2
11593;139;188;241;land;false;desert;2
11594;159;192;190;land;false;mountain;3
11595;247;127;159;land;false;mountain;2
11596;137;240;217;land;true;forest;7
11597;249;248;122;land;false;plains;7
11598;80;254;220;land;false;forest;7
11599;242;183;86;land;false;jungle;9
11600;232;191;233;land;false;plains;8
11601;162;174;203;land;true;forest;10
11602;141;178;190;land;false;hills;1
11603;250;240;81;land;false;plains;3
11604;136;239;148;land;false;plains;1
11605;95;172;246;land;false;jungle;1
11606;76;252;200;land;false;forest;7
11607;203;184;171;land;false;forest;3
11608;204;178;152;land;false;plains;3
11609;247;226;216;land;false;plains;3
11610;211;110;196;land;false;forest;10
11611;251;232;210;land;false;plains;2
11612;237;154;192;land;false;mountain;8
11613;247;242;44;land;false;desert;2
11614;230;190;137;land;false;plains;8
11615;179;173;178;land;false;plains;7
11616;183;246;113;land;false;plains;1
11617;239;223;84;land;false;plains;8
11618;232;188;226;land;false;forest;3
11619;249;155;195;land;false;forest;2
11620;172;226;139;land;false;plains;3
11621;251;188;133;land;false;forest;1
11622;103;217;251;land;false;mountain;2
11623;213;195;151;land;false;desert;8
11624;209;135;158;land;false;hills;7
11625;235;202;197;land;false;plains;7
11626;251;74;242;land;false;jungle;9
11627;224;243;155;land;false;forest;2
11628;219;215;150;land;false;plains;7
11629;208;148;223;land;false;plains;1
11630;105;237;173;land;false;plains;7
11631;225;36;248;land;false;hills;8
11632;165;239;196;land;false;plains;5
11633;167;248;102;land;false;mountain;1
11634;169;254;185;land;true;plains;5
11635;219;66;244;land;false;plains;3
11636;175;223;171;land;false;urban;7
11637;169;204;219;land;false;plains;3
11638;227;149;156;land;false;forest;8
11639;218;79;218;land;false;hills;8
11640;182;213;153;land;false;forest;7
11641;229;172;165;land;false;hills;5
11642;222;218;114;land;false;mountain;3
11643;254;93;221;land;false;plains;4
11644;31;248;243;land;true;plains;2
11645;201;166;168;land;false;plains;7
11646;226;50;252;land;false;mountain;1
11647;253;110;244;land;false;mountain;11
11648;239;132;140;land;false;mountain;11
11649;120;209;183;land;false;mountain;11
11650;97;207;237;land;false;mountain;11
11651;248;251;218;land;false;mountain;11
11652;188;182;196;land;false;mountain;11
11653;215;215;145;land;true;frozen;11
11654;246;172;141;land;false;frozen;11
11655;245;172;215;land;true;frozen;11
11656;127;254;199;land;true;hills;11
11657;165;180;251;land;false;frozen;11
11658;248;92;200;land;true;frozen;11
11659;225;101;219;land;true;frozen;11
11660;200;234;189;land;true;frozen;11
11661;233;228;60;land;true;frozen;11
11662;245;254;80;land;true;plains;11
11663;219;155;132;land;true;plains;11
11664;124;180;202;land;true;plains;11
11665;244;215;146;land;true;plains;11
11666;138;198;224;land;true;plains;4
11667;164;143;210;land;true;plains;4
11668;175;216;183;land;true;mountain;10
11669;154;198;238;land;false;mountain;10
11670;247;183;222;land;true;mountain;10
11671;245;180;163;land;false;plains;4
11672;139;158;244;land;false;mountain;10
11673;150;253;250;land;true;mountain;10
11674;170;252;200;land;false;mountain;10
11675;205;123;212;land;true;mountain;10
11676;162;252;202;land;false;mountain;10
11677;229;117;168;land;false;mountain;10
11678;229;192;113;land;false;mountain;10
11679;216;233;155;land;false;mountain;10
11680;193;197;117;land;true;plains;4
11681;243;235;178;land;true;plains;4
11682;232;63;249;land;true;mountain;10
11683;132;252;129;land;false;mountain;10
11684;166;251;222;land;false;mountain;10
11685;224;225;172;land;true;plains;4
11686;250;217;110;land;false;mountain;10
11687;236;119;252;land;false;mountain;10
11688;80;235;251;land;false;mountain;10
11689;246;119;239;land;false;mountain;10
11690;190;232;189;land;false;mountain;10
11691;247;178;210;land;true;mountain;10
11692;235;187;180;land;true;mountain;10
11693;196;187;212;land;false;mountain;10
11694;250;183;209;land;false;mountain;10
11695;179;195;189;land;false;mountain;10
11696;141;244;174;land;false;mountain;10
11697;201;215;98;land;false;mountain;10
11698;204;252;223;land;false;mountain;10
11699;202;174;196;land;false;mountain;10
11700;122;243;241;land;false;mountain;10
11701;180;207;116;land;true;mountain;10
11702;180;130;215;land;false;mountain;10
11703;199;182;205;land;true;mountain;10
11704;213;240;187;land;true;mountain;10
11705;206;241;212;land;false;mountain;10
11706;241;224;218;land;false;mountain;10
11707;208;119;237;land;true;mountain;10
11708;114;208;241;land;false;mountain;10
11709;106;146;250;land;false;forest;10
11710;207;244;251;land;false;forest;10
11711;106;217;252;land;true;mountain;10
11712;241;151;236;land;true;mountain;10
11713;208;209;155;land;false;mountain;10
11714;250;116;151;land;false;forest;10
11715;234;143;243;land;false;mountain;10
11716;234;42;254;land;false;mountain;10
11717;252;142;129;land;false;forest;10
11718;175;226;229;land;false;forest;10
11719;228;245;59;land;false;forest;10
11720;214;254;129;land;true;forest;10
11721;197;249;72;land;false;forest;10
11722;138;191;194;land;false;mountain;10
11723;196;251;73;land;false;forest;10
11724;242;210;213;land;false;forest;10
11725;243;177;225;land;false;mountain;10
11726;239;248;254;land;false;forest;10
11727;197;234;206;land;false;mountain;10
11728;157;144;235;land;true;forest;10
11729;240;179;201;land;false;forest;10
11730;111;232;208;land;false;forest;10
11731;194;202;215;land;true;mountain;10
11732;202;76;245;land;false;plains;10
11733;239;96;222;land;false;mountain;10
11734;228;187;199;land;false;forest;10
11735;228;116;235;land;false;mountain;10
11736;182;249;209;land;false;forest;10
11737;152;172;223;land;false;plains;10
11738;252;37;230;land;false;mountain;10
11739;181;203;197;land;false;forest;10
11740;247;97;186;land;false;forest;10
11741;222;221;173;land;false;forest;10
11742;202;155;144;land;false;forest;10
11743;189;157;172;land;true;hills;1
11744;244;222;230;land;false;mountain;1
11745;210;254;53;land;true;forest;10
11746;252;240;90;land;false;mountain;10
11747;192;159;239;land;true;plains;10
11748;187;230;203;land;false;plains;10
11749;249;234;205;land;false;mountain;10
11750;187;118;214;land;false;forest;10
11751;207;85;218;land;false;forest;10
11752;171;181;203;land;false;forest;10
11753;147;222;145;land;false;forest;10
11754;244;87;206;land;true;hills;1
11755;51;222;251;land;true;plains;10
11756;147;217;156;land;false;forest;10
11757;144;230;151;land;true;urban;1
11758;207;83;212;land;false;urban;10
11759;231;196;159;land;false;forest;10
11760;195;194;181;land;false;plains;10
11761;253;127;159;land;false;forest;10
11762;183;111;246;land;true;plains;4
11763;69;221;236;land;true;hills;1
11764;190;231;245;land;true;mountain;4
11765;216;163;178;land;false;forest;10
11766;226;192;185;land;false;mountain;4
11767;230;253;114;land;true;plains;4
11768;240;240;167;land;false;mountain;10
11769;235;163;124;land;false;forest;10
11770;203;152;151;land;false;plains;4
11771;249;214;241;land;false;mountain;4
11772;133;160;228;land;false;hills;4
11773;234;179;153;land;false;forest;10
11774;192;241;180;land;false;forest;10
11775;180;212;225;land;false;forest;10
11776;198;128;176;land;true;forest;10
11777;211;145;211;land;false;forest;10
11778;170;249;204;land;false;forest;10
11779;139;253;238;land;false;mountain;4
11780;107;234;251;land;true;hills;1
11781;141;240;254;land;false;hills;4
11782;96;209;217;land;false;mountain;1
11783;251;99;173;land;false;hills;4
11784;169;209;188;land;false;plains;4
11785;225;193;113;land;true;plains;4
11786;180;143;223;land;false;forest;10
11787;164;177;174;land;false;mountain;4
11788;236;214;201;land;false;plains;4
11789;159;237;145;land;false;forest;10
11790;233;221;177;land;false;mountain;1
11791;154;245;147;land;false;hills;1
11792;142;250;160;land;true;hills;1
11793;247;183;133;land;true;hills;1
11794;179;233;145;land;false;mountain;4
11795;190;114;198;land;false;forest;10
11796;229;182;234;land;false;forest;10
11797;253;140;179;land;true;forest;10
11798;111;244;212;land;true;forest;1
11799;51;245;209;land;false;forest;10
11800;208;206;144;land;false;forest;10
11801;179;210;209;land;false;hills;1
11802;190;243;227;land;false;hills;4
11803;219;173;171;land;false;hills;1
11804;120;230;238;land;false;mountain;1
11805;115;230;247;land;false;forest;10
11806;229;89;215;land;false;salt;2
11807;225;237;204;land;false;forest;10
11808;252;190;112;land;true;urban;1
11809;216;185;125;land;true;forest;1
11810;124;237;191;land;false;hills;4
11811;124;208;184;land;false;hills;4
11812;201;124;225;land;false;plains;4
11813;212;142;219;land;false;hills;4
11814;237;240;113;land;true;hills;1
11815;237;86;203;land;false;hills;4
11816;211;252;245;land;true;plains;1
11817;161;117;223;land;false;forest;10
11818;148;178;244;land;false;mountain;1
11819;221;132;205;land;false;mountain;4
11820;207;158;239;land;false;mountain;1
11821;250;166;91;land;false;hills;4
11822;170;171;199;land;false;hills;4
11823;191;215;103;land;false;hills;1
11824;171;247;115;land;true;plains;1
11825;206;200;146;land;false;hills;4
11826;186;165;171;land;false;forest;10
11827;248;86;172;land;false;hills;1
11828;245;85;202;land;false;hills;1
11829;242;213;158;land;true;plains;1
11830;245;208;155;land;false;plains;4
11831;96;195;245;land;false;forest;10
11832;227;200;205;land;false;plains;1
11833;204;83;234;land;false;plains;4
11834;196;249;164;land;false;hills;4
11835;210;215;138;land;false;mountain;4
11836;110;241;184;land;false;forest;10
11837;197;246;152;land;false;forest;10
11838;116;206;191;land;false;forest;10
11839;200;191;246;land;false;forest;10
11840;67;235;225;land;true;hills;1
11841;177;134;216;land;true;forest;1
11842;200;149;204;land;false;plains;4
11843;240;132;152;sea;true;ocean;0
11844;229;162;138;land;false;plains;4
11845;231;202;248;sea;true;ocean;0
11846;239;171;222;land;false;plains;4
11847;254;121;128;land;false;mountain;1
11848;119;185;245;land;true;forest;1
11849;193;247;116;land;false;plains;4
11850;228;159;202;land;false;hills;4
11851;241;124;154;land;true;plains;4
11852;252;62;205;land;false;forest;10
11853;221;166;158;land;false;forest;10
11854;241;56;232;land;false;forest;10
11855;182;238;220;land;false;plains;4
11856;103;247;167;land;false;mountain;1
11857;130;242;147;land;false;plains;4
11858;17;251;252;land;false;hills;4
11859;119;225;177;land;false;forest;10
11860;89;231;229;land;false;forest;10
11861;228;236;186;land;true;hills;1
11862;172;241;216;land;true;meogartha;15
11863;221;178;126;land;false;hills;4
11864;214;253;128;land;false;forest;10
11865;185;155;166;land;false;hills;1
11866;247;210;193;land;false;hills;4
11867;203;188;229;land;false;plains;10
11868;161;176;225;land;false;forest;10
11869;175;215;201;land;false;forest;10
11870;252;205;129;land;false;hills;4
11871;218;238;132;land;false;plains;10
11872;140;235;167;land;false;forest;10
11873;52;240;219;land;true;hills;1
11874;224;191;97;sea;true;ocean;0
11875;240;30;253;land;false;hills;4
11876;90;252;178;land;true;hills;4
11877;219;245;37;land;false;plains;10
11878;139;240;168;land;false;forest;1
11879;214;221;77;land;false;plains;4
11880;132;221;214;land;false;plains;4
11881;167;114;231;land;false;hills;1
11882;143;242;248;land;false;mountain;4
11883;210;248;241;land;false;hills;4
11884;207;198;166;land;true;forest;10
11885;195;234;146;land;false;plains;10
11886;216;124;252;land;false;hills;1
11887;79;222;212;land;false;hills;4
11888;146;211;250;land;false;plains;10
11889;79;241;202;land;false;plains;4
11890;182;244;237;land;false;plains;10
11891;193;204;166;land;false;mountain;1
11892;169;200;169;land;false;mountain;1
11893;254;79;233;land;false;forest;1
11894;229;55;226;land;true;meogartha;15
11895;73;202;252;land;false;urban;1
11896;234;220;177;land;false;hills;1
11897;81;206;214;land;true;mountain;1
11898;148;127;226;land;false;plains;4
11899;216;112;240;land;false;mountain;4
11900;221;95;194;land;true;hills;1
11901;174;132;230;land;false;plains;4
11902;251;164;169;land;false;plains;10
11903;225;206;74;land;true;forest;10
11904;74;253;238;land;true;hills;1
11905;229;187;107;land;false;hills;4
11906;42;247;233;land;true;plains;10
11907;96;202;220;land;false;plains;4
11908;242;89;235;land;false;forest;1
11909;165;145;253;land;false;hills;1
11910;236;199;191;land;false;salt;2
11911;196;241;138;land;false;plains;4
11912;171;221;188;land;false;mountain;4
11913;226;158;130;land;false;mountain;4
11914;171;241;177;land;true;plains;4
11915;231;140;161;land;true;plains;4
11916;133;134;246;land;false;forest;10
11917;199;168;154;land;false;forest;1
11918;63;73;22;sea;false;water_shallow_sea;0
11919;208;217;105;land;false;plains;10
11920;251;196;148;land;false;mountain;4
11921;108;251;251;land;true;hills;1
11922;193;200;214;land;false;mountain;1
11923;152;250;107;land;true;meogartha;15
11924;254;134;153;land;false;mountain;4
11925;132;223;195;land;false;mountain;4
11926;164;114;249;land;false;plains;10
11927;214;109;254;land;false;hills;1
11928;214;177;174;land;false;hills;4
11929;166;234;120;land;false;forest;1
11930;60;237;212;land;false;mountain;1
11931;148;241;141;land;false;hills;1
11932;84;229;214;land;false;plains;1
11933;235;195;243;land;true;hills;1
11934;229;155;137;land;false;forest;1
11935;183;197;131;land;true;hills;1
11936;246;244;31;land;false;hills;4
11937;226;119;223;land;false;plains;10
11938;141;229;214;land;false;forest;1
11939;188;215;158;land;false;hills;1
11940;141;185;188;land;false;hills;1
11941;200;161;190;land;false;mountain;4
11942;243;127;147;land;false;hills;4
11943;76;249;207;land;false;urban;10
11944;159;178;204;land;false;forest;10
11945;236;253;238;land;false;mountain;1
11946;254;65;245;land;true;plains;1
11947;143;218;188;land;false;hills;4
11948;248;53;233;land;false;mountain;4
11949;226;242;127;land;false;hills;1
11950;239;243;174;land;false;hills;4
11951;190;245;91;land;false;hills;4
11952;174;125;209;land;false;plains;10
11953;221;104;214;land;false;hills;4
11954;209;140;152;land;false;plains;10
11955;228;133;194;land;false;forest;1
11956;197;176;156;land;false;forest;1
11957;238;223;163;land;false;plains;4
11958;240;117;197;land;false;hills;1
11959;158;227;181;land;false;forest;1
11960;242;58;247;land;false;hills;1
11961;220;244;146;land;true;plains;4
11962;241;161;140;land;true;urban;10
11963;252;118;209;land;false;forest;1
11964;159;236;214;land;false;forest;1
11965;236;161;129;land;false;hills;1
11966;230;219;242;land;false;hills;1
11967;34;229;243;land;false;hills;1
11968;200;161;175;land;false;hills;4
11969;123;223;240;land;false;hills;4
11970;221;129;153;land;false;forest;10
11971;226;168;112;land;false;hills;1
11972;81;212;231;land;false;plains;4
11973;227;200;80;land;false;plains;4
11974;158;200;236;land;false;hills;4
11975;193;106;241;land;false;plains;10
11976;125;237;200;land;false;hills;1
11977;169;238;144;land;false;plains;1
11978;217;182;110;land;false;hills;4
11979;115;207;212;land;false;forest;1
11980;243;215;234;land;true;plains;4
11981;233;149;245;land;true;plains;1
11982;251;157;220;land;false;plains;10
11983;248;114;181;land;false;plains;10
11984;206;192;207;land;false;mountain;1
11985;246;194;82;land;true;plains;4
11986;140;180;184;land;false;plains;10
11987;254;246;106;land;false;plains;1
11988;131;180;254;land;false;hills;1
11989;206;173;232;land;false;plains;1
11990;218;166;135;land;true;hills;1
11991;238;85;194;land;false;plains;1
11992;190;199;122;land;false;hills;1
11993;188;168;174;land;true;plains;4
11994;185;145;247;land;false;plains;4
11995;177;159;176;land;false;hills;4
11996;181;214;140;land;false;hills;1
11997;135;198;202;land;false;plains;1
11998;243;214;210;land;false;hills;1
11999;197;230;188;land;false;plains;4
12000;220;243;192;land;true;hills;1
12001;176;236;124;land;false;hills;1
12002;184;241;134;land;false;plains;10
12003;141;206;162;land;false;mountain;1
12004;73;242;195;land;false;hills;1
12005;211;180;226;land;true;plains;4
12006;167;112;234;land;false;mountain;1
12007;233;65;220;land;true;plains;10
12008;247;192;172;land;false;forest;1
12009;190;171;176;land;false;plains;1
12010;205;219;120;land;false;plains;4
12011;245;218;75;land;false;hills;4
12012;238;180;192;land;false;plains;10
12013;184;216;209;land;false;hills;10
12014;219;206;96;land;false;plains;4
12015;244;237;62;land;false;plains;4
12016;243;207;90;land;false;plains;10
12017;140;183;242;land;false;forest;10
12018;228;107;188;land;false;plains;10
12019;75;209;223;land;false;forest;1
12020;246;199;191;land;true;forest;1
12021;208;133;191;land;false;mountain;1
12022;192;186;172;land;false;plains;1
12023;240;63;229;land;false;hills;1
12024;67;233;228;land;false;hills;4
12025;226;161;127;land;true;plains;4
12026;230;245;39;land;false;plains;1
12027;217;163;158;land;false;mountain;1
12028;218;181;162;land;false;hills;1
12029;229;186;131;land;false;hills;1
12030;155;173;196;land;false;plains;4
12031;120;186;226;land;false;plains;10
12032;117;252;190;land;false;plains;1
12033;124;167;238;land;false;mountain;1
12034;108;209;211;land;false;marsh;1
12035;226;185;224;land;false;marsh;1
12036;251;243;55;land;false;plains;1
12037;208;93;224;land;false;plains;1
12038;237;76;208;land;false;hills;4
12039;254;154;187;land;false;plains;1
12040;240;145;189;land;true;forest;1
12041;211;157;138;land;true;forest;1
12042;236;141;245;land;false;mountain;1
12043;251;54;227;land;false;plains;4
12044;218;236;246;land;false;forest;1
12045;139;169;239;land;false;plains;4
12046;181;190;177;land;false;plains;4
12047;55;249;225;land;false;plains;10
12048;57;240;225;land;false;mountain;1
12049;246;246;184;land;false;mountain;1
12050;142;111;251;land;false;hills;1
12051;254;68;197;land;false;hills;1
12052;233;24;246;land;false;plains;4
12053;212;214;203;land;true;urban;1
12054;241;133;227;land;false;forest;10
12055;186;199;228;land;false;hills;10
12056;109;198;236;land;false;plains;1
12057;107;236;245;land;false;hills;1
12058;182;138;249;land;false;plains;4
12059;195;205;196;land;false;plains;10
12060;216;189;162;land;false;plains;1
12061;145;143;232;land;false;mountain;1
12062;248;242;136;land;false;plains;4
12063;129;225;197;land;false;plains;10
12064;175;150;206;land;false;forest;10
12065;143;105;253;land;false;forest;1
12066;232;163;150;land;false;plains;4
12067;226;203;169;land;false;plains;4
12068;252;246;8;land;false;forest;10
12069;213;178;134;land;false;plains;10
12070;235;185;120;land;true;forest;1
12071;226;249;166;land;true;hills;1
12072;227;234;125;land;false;marsh;1
12073;221;239;60;land;false;plains;4
12074;126;174;245;land;false;forest;4
12075;158;252;188;land;false;plains;4
12076;184;236;248;land;true;urban;10
12077;230;232;99;land;true;hills;1
12078;160;195;203;land;false;forest;1
12079;231;207;192;land;false;plains;1
12080;248;175;93;land;false;plains;4
12081;241;142;179;land;false;plains;1
12082;134;206;208;land;false;mountain;1
12083;214;157;176;land;false;plains;1
12084;141;153;248;land;false;hills;1
12085;195;238;81;land;false;plains;4
12086;216;179;144;land;false;plains;1
12087;225;230;156;land;false;forest;1
12088;164;196;241;land;false;forest;1
12089;190;209;246;land;false;plains;4
12090;69;240;223;land;true;plains;4
12091;236;154;159;land;false;plains;4
12092;203;237;158;land;false;forest;10
12093;91;214;231;land;false;forest;10
12094;176;207;245;land;false;plains;1
12095;193;124;189;land;false;mountain;1
12096;201;214;151;land;false;mountain;1
12097;175;214;153;land;false;plains;4
12098;200;209;217;land;false;plains;4
12099;221;203;200;land;false;plains;4
12100;199;217;217;land;false;plains;4
12101;196;217;155;land;false;plains;4
12102;144;254;182;land;false;hills;4
12103;222;231;74;land;true;plains;10
12104;186;238;174;land;false;plains;1
12105;180;219;233;land;false;mountain;1
12106;155;208;232;land;false;marsh;1
12107;170;250;234;land;false;marsh;1
12108;117;225;195;land;false;plains;10
12109;237;84;243;land;false;forest;10
12110;213;212;175;land;true;urban;1
12111;109;225;194;land;false;plains;4
12112;138;210;154;land;false;plains;4
12113;201;193;168;land;false;forest;10
12114;160;187;248;land;false;plains;10
12115;210;190;135;land;true;hills;1
12116;123;226;217;land;false;plains;1
12117;218;248;38;land;false;plains;4
12118;130;173;240;land;false;plains;4
12119;199;172;218;land;false;forest;4
12120;134;197;218;land;false;hills;4
12121;223;215;194;land;false;hills;4
12122;214;101;190;land;true;plains;10
12123;252;135;220;land;false;plains;10
12124;220;213;194;land;false;plains;10
12125;129;254;175;land;false;mountain;1
12126;123;179;215;land;false;plains;1
12127;142;246;141;land;false;mountain;1
12128;219;236;119;land;false;plains;4
12129;151;222;161;land;false;plains;4
12130;218;120;213;land;false;forest;4
12131;126;229;215;land;false;urban;1
12132;250;47;218;land;false;plains;1
12133;240;87;247;land;false;plains;1
12134;18;249;234;land;false;hills;1
12135;156;181;213;land;false;forest;1
12136;254;157;202;land;false;plains;1
12137;213;212;247;land;false;plains;4
12138;52;242;211;land;false;plains;4
12139;129;134;241;land;false;forest;10
12140;227;94;202;land;false;plains;1
12141;213;157;180;land;false;plains;1
12142;251;197;190;land;false;mountain;1
12143;223;110;226;land;false;marsh;1
12144;138;140;232;land;false;plains;1
12145;123;241;197;land;true;plains;10
12146;181;190;164;land;true;hills;1
12147;131;238;211;land;true;urban;1
12148;96;226;224;land;false;mountain;1
12149;248;191;184;land;false;plains;4
12150;229;175;177;land;false;plains;4
12151;210;251;125;land;false;hills;4
12152;200;231;247;land;false;plains;10
12153;235;185;230;land;false;plains;1
12154;251;244;124;land;true;mountain;1
12155;231;241;243;land;false;marsh;1
12156;248;206;64;land;false;plains;1
12157;165;148;211;land;false;mountain;1
12158;223;207;172;land;false;mountain;1
12159;208;132;206;land;true;mountain;1
12160;187;216;165;land;false;mountain;1
12161;182;175;164;land;false;mountain;1
12162;148;252;124;land;false;forest;4
12163;187;218;232;land;false;plains;1
12164;24;254;226;land;false;urban;1
12165;235;97;219;land;false;hills;1
12166;150;246;191;land;true;plains;1
12167;147;228;144;land;false;marsh;1
12168;113;241;192;land;false;plains;4
12169;252;73;179;land;false;hills;4
12170;239;242;250;land;true;plains;10
12171;211;206;124;land;false;hills;1
12172;158;168;185;land;false;forest;1
12173;227;243;140;land;false;plains;4
12174;195;225;106;land;false;hills;4
12175;236;232;111;land;false;hills;4
12176;192;184;206;land;false;hills;4
12177;237;180;210;land;false;hills;1
12178;180;231;226;land;false;plains;1
12179;124;203;251;land;false;plains;4
12180;229;189;166;land;true;hills;4
12181;164;254;166;land;true;plains;10
12182;237;252;173;land;false;forest;10
12183;196;101;224;land;false;forest;10
12184;221;131;203;land;false;plains;10
12185;229;195;133;land;false;forest;1
12186;246;244;32;land;false;plains;1
12187;219;250;201;land;true;plains;4
12188;239;172;200;land;false;plains;1
12189;70;182;249;land;false;marsh;1
12190;181;254;109;land;false;marsh;1
12191;250;236;112;land;false;plains;4
12192;187;207;252;land;false;mountain;4
12193;240;120;144;land;true;hills;1
12194;246;73;228;land;true;hills;1
12195;191;177;243;land;false;plains;1
12196;198;145;237;land;false;hills;4
12197;108;231;221;land;false;plains;10
12198;224;116;199;land;false;plains;1
12199;131;246;244;land;false;hills;1
12200;166;234;174;land;false;marsh;1
12201;215;234;218;land;false;plains;4
12202;248;221;207;land;false;plains;4
12203;195;240;126;land;false;plains;4
12204;194;81;240;land;false;hills;1
12205;163;120;232;land;false;hills;4
12206;184;131;218;land;false;plains;10
12207;169;104;238;land;false;plains;1
12208;216;229;243;land;true;plains;1
12209;234;130;250;land;false;mountain;1
12210;213;155;151;land;false;mountain;1
12211;242;233;226;land;true;hills;1
12212;146;231;205;land;false;mountain;4
12213;234;216;111;land;false;plains;1
12214;199;160;180;land;false;hills;1
12215;170;216;170;land;false;hills;1
12216;205;79;218;land;true;plains;1
12217;146;206;199;land;false;hills;4
12218;228;215;236;land;true;hills;1
12219;251;247;193;land;false;plains;1
12220;223;121;200;land;true;plains;1
12221;233;121;173;land;false;mountain;1
12222;82;243;186;land;true;hills;1
12223;234;251;221;land;false;plains;4
12224;194;150;254;land;false;plains;10
12225;144;203;161;land;true;hills;1
12226;214;247;91;land;false;hills;1
12227;233;225;243;land;false;mountain;1
12228;184;217;106;land;false;mountain;4
12229;148;197;253;land;false;forest;1
12230;149;207;196;land;false;forest;1
12231;222;208;145;land;false;plains;1
12232;223;129;169;land;false;jungle;4
12233;189;148;206;land;false;mountain;4
12234;238;252;228;land;true;plains;10
12235;87;226;216;land;false;marsh;1
12236;126;197;253;land;false;plains;1
12237;247;219;55;land;true;hills;1
12238;178;208;141;land;false;plains;4
12239;123;141;246;land;false;hills;1
12240;224;238;81;land;false;urban;1
12241;230;228;47;land;false;plains;1
12242;248;220;137;land;false;plains;1
12243;229;92;216;land;true;plains;4
12244;235;54;234;land;false;plains;4
12245;143;234;229;land;false;hills;4
12246;230;188;129;land;false;mountain;4
12247;245;120;172;land;false;urban;1
12248;57;218;254;land;false;plains;1
12249;202;244;181;land;false;marsh;1
12250;201;168;135;land;false;plains;4
12251;220;162;139;land;false;mountain;4
12252;195;113;214;land;false;plains;10
12253;254;157;161;land;false;hills;1
12254;169;247;246;land;false;plains;1
12255;197;165;194;land;false;plains;1
12256;231;54;235;land;false;hills;4
12257;212;175;225;land;false;hills;1
12258;239;126;244;land;false;plains;1
12259;248;81;253;land;true;bridge;4
12260;106;221;246;land;false;mountain;4
12261;154;217;237;land;false;plains;1
12262;115;217;224;land;false;plains;1
12263;156;186;224;land;false;plains;1
12264;209;236;81;land;false;hills;4
12265;198;245;145;land;false;plains;4
12266;120;227;226;land;true;plains;1
12267;239;190;170;land;false;plains;1
12268;152;185;228;land;false;plains;1
12269;247;231;176;land;false;plains;1
12270;181;150;217;land;false;forest;4
12271;143;137;249;land;false;hills;1
12272;216;161;221;land;false;forest;1
12273;210;173;119;land;false;mountain;4
12274;218;169;156;land;false;plains;1
12275;241;141;182;land;true;urban;1
12276;217;157;236;land;false;plains;4
12277;183;207;204;land;false;plains;4
12278;166;148;233;land;false;plains;1
12279;223;193;122;land;false;plains;1
12280;183;231;198;land;false;forest;4
12281;193;101;245;land;false;urban;1
12282;219;146;226;land;false;urban;1
12283;219;69;241;land;true;mountain;1
12284;186;230;251;land;false;mountain;1
12285;207;252;226;land;false;plains;1
12286;137;226;165;land;false;plains;1
12287;211;69;224;land;false;plains;4
12288;5;254;246;land;false;plains;1
12289;209;214;233;land;false;urban;1
12290;107;241;196;land;false;plains;1
12291;253;232;168;land;false;hills;4
12292;207;195;237;land;false;plains;10
12293;254;144;126;land;false;urban;1
12294;207;191;139;land;false;plains;1
12295;211;144;171;land;false;plains;1
12296;195;196;219;land;false;plains;1
12297;138;205;179;land;false;plains;4
12298;99;157;254;land;false;mountain;4
12299;254;176;245;land;true;plains;1
12300;244;176;219;land;false;hills;1
12301;253;211;178;land;true;plains;1
12302;123;186;245;land;false;plains;4
12303;252;137;204;land;false;hills;1
12304;210;153;215;land;false;plains;1
12305;182;157;188;land;false;plains;1
12306;85;246;227;land;false;hills;4
12307;219;137;230;land;false;hills;4
12308;182;203;150;land;false;hills;1
12309;148;239;166;land;true;hills;1
12310;205;189;123;land;false;hills;4
12311;208;194;190;land;false;plains;4
12312;193;205;123;land;false;forest;1
12313;172;238;145;land;false;marsh;4
12314;202;206;222;land;false;mountain;1
12315;223;245;184;land;true;hills;1
12316;206;244;162;land;false;plains;1
12317;220;173;220;land;false;plains;4
12318;107;248;240;land;false;plains;1
12319;166;215;160;land;false;mountain;4
12320;250;156;139;land;false;plains;10
12321;223;110;216;land;false;plains;1
12322;206;87;219;land;true;plains;1
12323;210;202;89;land;false;plains;4
12324;221;120;175;land;false;plains;4
12325;210;73;231;land;false;forest;4
12326;213;97;224;land;false;mountain;1
12327;159;202;219;land;false;mountain;1
12328;122;240;169;land;false;plains;1
12329;169;171;221;land;false;plains;4
12330;220;199;230;land;false;urban;1
12331;61;243;240;land;false;plains;1
12332;252;62;189;land;false;plains;1
12333;224;109;220;land;false;forest;1
12334;178;177;194;land;true;plains;1
12335;213;226;168;land;false;plains;4
12336;236;203;92;land;false;mountain;1
12337;228;200;161;land;false;plains;1
12338;190;161;219;land;false;plains;1
12339;159;194;225;land;false;plains;1
12340;64;242;232;land;true;forest;1
12341;232;216;245;land;false;plains;4
12342;108;229;184;land;false;hills;1
12343;161;193;192;land;false;plains;1
12344;225;163;133;land;false;forest;1
12345;185;241;254;land;true;plains;1
12346;227;206;123;land;false;forest;1
12347;187;150;171;land;false;plains;1
12348;160;234;153;land;false;plains;1
12349;231;167;249;land;false;mountain;1
12350;213;229;182;land;true;forest;1
12351;244;215;219;land;false;plains;4
12352;251;102;179;land;true;plains;1
12353;207;174;218;land;true;plains;1
12354;125;205;228;land;false;hills;4
12355;62;227;253;land;false;hills;4
12356;213;206;209;land;true;forest;4
12357;253;126;139;land;false;hills;1
12358;196;202;251;land;false;plains;1
12359;151;238;164;land;false;forest;1
12360;138;223;172;land;false;plains;4
12361;173;254;130;land;false;forest;1
12362;148;248;144;land;false;marsh;4
12363;186;211;149;land;false;hills;4
12364;238;66;215;land;false;forest;1
12365;140;243;148;land;false;plains;1
12366;109;191;242;land;false;plains;1
12367;249;220;254;land;false;forest;1
12368;250;67;248;land;false;plains;4
12369;107;253;186;land;false;hills;4
12370;158;243;201;land;true;forest;10
12371;198;185;166;land;true;plains;1
12372;248;107;176;land;false;plains;1
12373;145;244;179;land;false;plains;1
12374;169;106;235;land;false;plains;4
12375;242;198;70;land;false;plains;4
12376;65;253;234;land;true;forest;10
12377;185;182;142;land;false;plains;1
12378;225;193;191;land;false;forest;1
12379;208;217;253;land;false;plains;1
12380;186;194;210;land;false;mountain;1
12381;216;139;170;land;true;forest;1
12382;233;165;240;land;false;plains;4
12383;241;239;119;land;false;hills;4
12384;175;233;106;land;false;hills;4
12385;166;250;214;land;false;forest;4
12386;240;229;135;land;true;forest;10
12387;206;166;200;land;true;forest;10
12388;168;231;251;land;false;urban;1
12389;85;191;253;land;false;plains;1
12390;84;205;213;land;false;plains;1
12391;143;229;173;land;false;plains;1
12392;253;163;104;land;false;mountain;1
12393;241;85;237;land;false;plains;1
12394;254;97;211;land;true;plains;1
12395;78;212;211;land;false;forest;1
12396;175;80;247;land;true;plains;4
12397;253;208;109;land;true;forest;1
12398;190;208;105;land;false;plains;4
12399;201;102;234;land;false;marsh;4
12400;176;216;207;land;false;marsh;4
12401;200;243;150;land;true;forest;10
12402;217;206;107;land;false;plains;4
12403;204;87;240;land;true;plains;1
12404;90;214;249;land;false;urban;1
12405;223;251;49;land;false;forest;4
12406;212;242;245;land;false;plains;4
12407;175;166;182;land;false;plains;4
12408;90;232;225;land;false;mountain;1
12409;135;238;149;land;true;forest;1
12410;254;141;165;land;true;forest;1
12411;231;179;166;land;true;plains;1
12412;245;231;164;land;false;plains;4
12413;174;131;203;land;false;forest;4
12414;221;87;200;land;false;plains;1
12415;216;201;107;land;true;forest;1
12416;209;169;149;land;false;mountain;1
12417;229;182;137;land;false;plains;1
12418;246;246;176;land;false;plains;4
12419;126;205;202;land;false;plains;4
12420;229;134;214;land;false;plains;1
12421;152;252;240;land;false;plains;1
12422;140;254;154;land;false;mountain;1
12423;197;246;164;land;false;plains;1
12424;168;140;228;land;false;plains;1
12425;229;239;248;land;true;forest;1
12426;253;170;111;land;false;plains;4
12427;245;27;242;land;false;plains;4
12428;237;229;183;land;false;marsh;4
12429;210;132;218;land;false;plains;1
12430;247;228;237;land;false;plains;4
12431;228;180;173;land;false;plains;4
12432;224;188;162;land;false;marsh;4
12433;130;225;242;land;false;hills;1
12434;221;228;195;land;false;mountain;1
12435;190;82;247;land;false;plains;1
12436;216;192;222;land;false;plains;1
12437;228;161;116;land;false;hills;1
12438;199;216;216;land;false;forest;1
12439;191;166;147;land;false;plains;1
12440;183;178;248;land;false;plains;1
12441;247;122;220;land;false;plains;4
12442;217;78;208;land;false;plains;4
12443;155;168;227;land;false;marsh;4
12444;128;233;181;land;false;urban;1
12445;160;216;209;land;false;forest;1
12446;191;225;183;land;false;forest;4
12447;91;235;215;land;false;marsh;4
12448;250;155;117;land;false;plains;4
12449;199;177;215;land;false;forest;4
12450;197;198;155;land;false;mountain;1
12451;223;196;229;land;false;hills;1
12452;225;157;214;land;false;plains;1
12453;185;238;175;land;false;forest;1
12454;120;206;189;land;false;forest;1
12455;225;179;192;land;false;forest;1
12456;178;213;172;land;false;plains;4
12457;229;249;192;land;false;plains;4
12458;236;213;228;land;true;hills;1
12459;199;207;230;land;false;hills;1
12460;223;196;182;land;false;plains;1
12461;239;214;161;land;false;plains;1
12462;197;97;237;land;false;plains;4
12463;196;179;169;land;false;hills;4
12464;232;37;235;land;false;hills;1
12465;246;136;175;land;false;urban;1
12466;229;198;233;land;false;hills;1
12467;99;224;230;land;false;plains;1
12468;242;222;192;land;false;mountain;1
12469;190;180;246;land;false;plains;1
12470;246;223;251;land;false;marsh;4
12471;164;183;177;land;false;hills;4
12472;74;201;250;land;true;hills;1
12473;225;143;220;land;false;plains;4
12474;182;191;173;land;false;marsh;4
12475;178;124;238;land;false;forest;4
12476;139;247;190;land;false;plains;1
12477;135;146;243;land;false;hills;1
12478;208;50;243;land;false;plains;1
12479;245;226;140;land;false;plains;1
12480;194;218;211;land;true;hills;1
12481;173;248;208;land;false;plains;4
12482;145;228;155;land;false;plains;1
12483;245;194;159;land;true;plains;4
12484;160;116;226;land;false;plains;4
12485;215;166;235;land;false;marsh;4
12486;236;183;119;land;false;marsh;4
12487;89;211;225;land;false;plains;4
12488;245;156;234;land;false;forest;4
12489;231;220;204;land;true;plains;1
12490;188;234;94;land;false;plains;4
12491;236;166;156;land;false;forest;1
12492;243;224;196;land;false;plains;1
12493;129;185;233;land;false;plains;4
12494;227;154;154;land;false;plains;4
12495;240;194;192;land;false;plains;1
12496;124;243;200;land;false;plains;1
12497;175;192;136;land;false;plains;1
12498;239;199;148;land;false;plains;1
12499;214;155;253;land;true;plains;1
12500;210;234;125;land;false;plains;4
12501;232;251;70;land;false;forest;4
12502;224;103;220;land;false;hills;4
12503;204;66;243;land;true;hills;1
12504;115;165;223;land;false;hills;1
12505;93;214;203;land;false;plains;1
12506;169;249;172;land;false;plains;1
12507;235;142;163;land;false;plains;1
12508;64;237;223;land;true;plains;1
12509;254;231;36;land;false;plains;4
12510;144;145;252;land;false;mountain;4
12511;234;214;226;land;false;hills;1
12512;220;94;247;land;false;marsh;4
12513;244;224;72;land;false;hills;4
12514;159;224;195;land;true;plains;1
12515;211;168;200;land;false;plains;1
12516;254;76;246;land;false;plains;1
12517;173;243;248;land;false;plains;1
12518;217;91;245;land;true;hills;1
12519;196;175;214;land;false;marsh;4
12520;240;209;92;land;false;plains;4
12521;126;179;244;land;true;forest;1
12522;211;168;148;land;false;plains;4
12523;182;212;196;land;false;marsh;4
12524;213;136;239;land;false;marsh;4
12525;232;171;221;land;false;mountain;1
12526;130;188;203;land;false;hills;1
12527;209;208;199;land;true;hills;1
12528;100;240;238;land;false;plains;1
12529;146;133;234;land;false;plains;4
12530;222;237;131;land;false;marsh;4
12531;244;44;239;land;false;plains;1
12532;233;204;175;land;false;plains;1
12533;187;227;204;land;false;plains;1
12534;167;254;114;land;false;plains;2
12535;177;86;246;land;false;plains;1
12536;172;141;251;land;false;plains;1
12537;186;236;148;land;false;plains;1
12538;156;242;235;land;false;plains;4
12539;241;52;249;land;true;plains;1
12540;246;215;81;land;true;plains;1
12541;224;247;149;land;false;plains;1
12542;185;196;181;land;false;plains;1
12543;52;225;226;land;false;mountain;1
12544;211;179;142;land;true;plains;4
12545;178;82;252;land;true;forest;10
12546;73;227;221;land;true;urban;1
12547;85;201;217;land;false;hills;1
12548;123;190;231;land;false;plains;1
12549;174;242;119;land;false;plains;1
12550;230;153;232;land;false;plains;1
12551;163;239;130;land;false;plains;1
12552;223;166;192;land;true;plains;4
12553;218;114;235;land;false;mountain;4
12554;151;131;221;land;true;mountain;1
12555;128;216;157;land;false;forest;1
12556;61;204;241;land;false;plains;1
12557;226;150;134;land;false;plains;1
12558;242;33;251;land;false;plains;4
12559;58;247;211;land;false;forest;4
12560;232;221;232;land;false;plains;4
12561;220;148;181;land;false;hills;4
12562;250;236;115;land;true;forest;10
12563;122;219;202;land;false;hills;1
12564;175;222;135;land;false;hills;1
12565;248;245;140;land;false;plains;1
12566;220;190;125;land;false;mountain;1
12567;219;167;249;land;true;plains;1
12568;68;245;201;land;false;mountain;1
12569;192;177;161;land;false;plains;4
12570;94;241;177;land;false;plains;4
12571;127;185;202;land;true;plains;1
12572;218;183;106;land;false;marsh;4
12573;165;253;156;land;false;forest;4
12574;172;222;120;land;false;plains;4
12575;165;82;254;land;true;forest;10
12576;212;183;147;land;false;forest;4
12577;135;252;193;land;false;hills;1
12578;245;213;142;land;false;forest;1
12579;245;48;217;land;false;plains;1
12580;190;215;254;land;false;hills;1
12581;166;251;217;land;false;hills;1
12582;227;230;158;land;false;plains;1
12583;212;119;174;land;false;plains;4
12584;194;217;166;land;false;forest;10
12585;112;211;192;land;false;plains;1
12586;173;201;198;land;true;plains;1
12587;148;185;194;land;false;forest;1
12588;102;205;200;land;false;hills;4
12589;240;206;115;land;false;mountain;4
12590;109;220;221;land;false;mountain;1
12591;148;214;216;land;false;forest;1
12592;155;184;214;land;true;forest;1
12593;84;223;207;land;false;mountain;1
12594;218;158;174;land;false;hills;4
12595;246;231;239;land;false;marsh;4
12596;165;235;201;land;false;plains;4
12597;117;168;254;land;false;hills;4
12598;174;135;199;land;true;plains;1
12599;178;127;241;land;false;mountain;1
12600;203;212;129;land;true;plains;4
12601;99;208;204;land;false;plains;4
12602;182;235;241;land;false;plains;4
12603;226;111;173;land;false;hills;1
12604;243;244;252;land;false;plains;1
12605;244;120;182;land;false;plains;4
12606;228;244;174;land;false;marsh;4
12607;190;221;224;land;false;plains;4
12608;226;91;210;land;false;plains;4
12609;147;200;218;land;false;mountain;4
12610;234;254;31;land;true;mountain;1
12611;109;248;234;land;false;plains;1
12612;230;141;230;land;false;plains;1
12613;244;33;232;land;false;plains;4
12614;250;176;76;land;false;forest;4
12615;253;158;133;land;false;mountain;4
12616;230;166;218;land;false;plains;1
12617;207;222;219;land;false;plains;1
12618;186;176;145;land;false;plains;1
12619;232;242;117;land;false;mountain;1
12620;137;233;159;land;false;plains;4
12621;246;116;220;land;false;marsh;4
12622;239;119;235;land;false;mountain;1
12623;235;164;245;land;false;mountain;4
12624;90;193;229;land;false;hills;1
12625;229;60;225;land;false;hills;1
12626;185;221;237;land;false;forest;1
12627;165;241;242;land;false;forest;1
12628;196;142;240;land;false;plains;4
12629;202;238;105;land;false;urban;1
12630;250;223;62;land;true;plains;4
12631;165;199;231;land;false;forest;4
12632;249;72;254;land;false;plains;1
12633;246;81;203;land;false;plains;1
12634;117;250;205;land;false;mountain;1
12635;218;101;188;land;false;plains;4
12636;210;92;228;land;false;hills;4
12637;162;207;135;land;false;plains;1
12638;139;234;238;land;false;plains;1
12639;246;145;194;land;true;forest;1
12640;120;161;231;land;false;forest;4
12641;214;237;79;land;false;hills;4
12642;208;181;241;land;false;hills;4
12643;71;242;216;land;false;mountain;4
12644;222;253;154;land;false;plains;1
12645;211;173;234;land;false;hills;4
12646;37;248;232;land;false;plains;1
12647;118;227;238;land;false;plains;1
12648;230;254;214;land;false;urban;1
12649;163;231;117;land;false;plains;1
12650;214;194;125;land;false;plains;1
12651;186;224;180;land;true;urban;1
12652;241;122;147;land;true;plains;4
12653;189;232;157;land;false;plains;1
12654;173;142;205;land;false;plains;1
12655;184;133;229;land;false;plains;1
12656;172;230;246;land;false;mountain;1
12657;230;96;200;land;false;hills;1
12658;208;163;252;land;false;forest;1
12659;252;106;229;land;false;plains;4
12660;193;210;200;land;false;forest;4
12661;188;232;221;land;true;plains;1
12662;134;252;155;land;true;mountain;1
12663;163;214;198;land;false;plains;4
12664;60;225;223;land;false;urban;1
12665;133;204;215;land;false;mountain;1
12666;202;239;132;land;false;plains;1
12667;175;204;205;land;false;plains;1
12668;249;31;244;land;false;mountain;1
12669;144;252;228;land;true;plains;1
12670;248;47;215;land;true;plains;1
12671;197;97;242;land;true;plains;1
12672;159;155;199;land;false;mountain;1
12673;123;219;252;land;true;hills;1
12674;95;236;212;land;false;plains;4
12675;194;213;205;land;true;plains;1
12676;238;204;243;land;false;plains;1
12677;219;243;182;land;false;plains;1
12678;149;111;253;land;false;plains;1
12679;222;214;219;land;false;plains;4
12680;226;118;233;land;false;hills;4
12681;199;254;242;land;true;forest;10
12682;165;245;240;land;false;mountain;10
12683;214;127;174;land;false;forest;1
12684;86;232;217;land;false;plains;1
12685;246;65;224;land;false;plains;1
12686;215;236;104;land;false;mountain;1
12687;147;126;245;land;true;plains;4
12688;178;217;152;land;false;forest;4
12689;225;215;241;land;false;hills;4
12690;157;183;187;land;false;mountain;4
12691;225;237;119;land;true;forest;4
12692;154;246;219;land;false;urban;1
12693;179;228;120;land;false;plains;4
12694;244;106;206;land;false;mountain;1
12695;176;244;220;land;false;plains;1
12696;61;254;233;land;false;mountain;1
12697;250;244;195;land;true;plains;10
12698;250;136;152;land;false;hills;1
12699;95;240;197;land;false;plains;1
12700;200;158;155;land;false;forest;1
12701;162;246;186;land;false;mountain;1
12702;153;209;170;land;false;marsh;4
12703;243;158;223;land;false;plains;1
12704;235;58;252;land;false;mountain;1
12705;196;160;182;land;true;urban;1
12706;190;151;247;land;false;hills;4
12707;214;144;167;land;false;plains;1
12708;162;251;163;land;false;forest;4
12709;247;216;107;land;false;plains;4
12710;241;20;246;land;false;plains;4
12711;125;245;217;land;false;plains;4
12712;228;157;139;land;false;hills;4
12713;131;248;247;land;false;plains;1
12714;253;60;233;land;false;plains;1
12715;114;228;233;land;false;hills;1
12716;220;231;161;land;true;plains;1
12717;150;216;216;land;false;hills;4
12718;242;184;192;land;false;hills;1
12719;244;225;121;land;false;plains;1
12720;224;150;142;land;false;mountain;1
12721;249;111;149;land;false;mountain;1
12722;206;193;196;land;false;plains;4
12723;209;170;174;land;true;plains;1
12724;167;245;117;land;false;plains;1
12725;245;171;97;land;true;forest;1
12726;153;177;243;land;true;forest;1
12727;218;210;215;land;false;forest;1
12728;106;220;243;land;false;urban;1
12729;189;140;240;land;false;plains;1
12730;68;228;219;land;false;plains;1
12731;214;198;129;land;false;forest;4
12732;248;171;104;land;false;hills;4
12733;140;230;175;land;false;urban;1
12734;132;150;247;land;false;forest;1
12735;137;209;185;land;false;plains;1
12736;209;181;153;land;false;plains;4
12737;162;242;233;land;false;forest;10
12738;241;84;208;land;false;mountain;10
12739;153;169;223;land;false;plains;4
12740;190;210;172;land;false;hills;1
12741;205;142;154;land;false;plains;1
12742;153;195;190;land;true;plains;1
12743;245;196;250;land;false;marsh;4
12744;188;157;196;land;false;plains;1
12745;134;178;214;land;false;plains;1
12746;146;224;214;land;false;plains;1
12747;234;218;220;land;false;mountain;1
12748;226;218;208;land;true;forest;1
12749;225;192;193;land;false;marsh;4
12750;223;88;199;land;false;plains;4
12751;162;210;139;land;false;plains;4
12752;224;127;165;land;false;plains;4
12753;221;243;136;land;false;mountain;4
12754;216;222;183;land;false;plains;1
12755;179;220;157;land;false;hills;1
12756;212;195;218;land;false;plains;1
12757;179;170;244;land;false;mountain;1
12758;242;200;130;land;false;hills;1
12759;170;206;229;land;false;plains;1
12760;213;131;239;land;false;hills;4
12761;238;128;192;land;false;plains;4
12762;241;231;157;land;false;hills;1
12763;254;165;197;land;false;forest;1
12764;196;226;143;land;false;plains;1
12765;213;99;203;land;false;mountain;1
12766;237;124;140;land;false;plains;1
12767;216;104;212;land;true;forest;1
12768;160;175;235;land;false;mountain;1
12769;252;48;204;land;true;mountain;1
12770;214;239;76;land;false;plains;1
12771;239;212;187;land;false;marsh;4
12772;253;209;186;land;false;forest;4
12773;254;106;243;land;false;plains;4
12774;204;142;242;land;false;plains;1
12775;172;104;231;land;false;hills;4
12776;153;232;227;land;true;forest;4
12777;218;252;236;land;false;plains;1
12778;228;142;200;land;false;hills;1
12779;161;244;96;land;false;plains;1
12780;105;253;175;land;false;forest;1
12781;163;208;160;land;false;plains;4
12782;72;226;227;land;true;mountain;10
12783;119;225;197;land;true;mountain;10
12784;239;74;200;land;false;plains;1
12785;230;52;250;land;false;mountain;1
12786;157;216;150;land;true;plains;1
12787;236;104;179;land;false;mountain;1
12788;164;135;252;land;false;plains;1
12789;239;166;156;land;false;hills;1
12790;171;143;212;land;false;plains;2
12791;217;252;108;land;false;marsh;4
12792;129;217;169;land;false;marsh;4
12793;204;230;164;land;false;hills;4
12794;167;215;141;land;false;marsh;4
12795;211;170;240;land;false;plains;1
12796;196;169;236;land;false;plains;4
12797;179;210;113;land;false;plains;1
12798;246;74;238;land;false;plains;1
12799;249;180;229;land;false;forest;1
12800;133;183;204;land;true;urban;1
12801;239;138;198;land;false;plains;4
12802;206;135;213;land;false;plains;4
12803;178;239;239;land;false;plains;4
12804;167;188;152;land;false;hills;4
12805;193;245;178;land;false;hills;1
12806;230;125;162;land;false;plains;1
12807;46;238;248;land;false;plains;1
12808;200;205;176;land;false;mountain;1
12809;195;203;214;land;false;plains;4
12810;216;235;208;land;false;forest;4
12811;248;206;97;land;true;plains;10
12812;102;169;238;land;true;hills;1
12813;167;248;225;land;false;plains;1
12814;247;235;151;land;false;urban;1
12815;164;207;217;land;false;plains;1
12816;159;231;192;land;false;mountain;1
12817;201;225;176;land;false;plains;4
12818;161;231;176;land;false;hills;4
12819;164;187;254;land;false;plains;1
12820;122;245;247;land;true;plains;1
12821;172;147;249;land;false;forest;1
12822;160;218;161;land;false;forest;4
12823;244;229;232;land;true;urban;1
12824;215;252;225;land;false;plains;1
12825;245;137;217;land;true;plains;2
12826;199;172;140;land;false;plains;4
12827;157;153;195;land;false;forest;1
12828;119;201;233;land;false;plains;1
12829;158;242;138;land;false;plains;1
12830;168;133;204;land;false;hills;4
12831;231;162;169;land;false;plains;1
12832;221;167;143;land;false;mountain;1
12833;247;182;187;land;false;forest;4
12834;186;129;235;land;true;plains;10
12835;195;237;217;land;true;forest;1
12836;95;222;221;land;false;marsh;4
12837;247;158;199;land;false;plains;1
12838;210;167;155;land;false;plains;1
12839;166;203;217;land;false;mountain;1
12840;118;212;202;land;false;mountain;1
12841;217;184;151;land;true;hills;2
12842;30;243;233;land;true;forest;4
12843;143;235;167;land;false;forest;4
12844;99;235;169;land;false;plains;4
12845;225;170;134;land;false;plains;4
12846;169;204;253;land;false;plains;1
12847;226;196;165;land;false;plains;1
12848;139;190;217;land;false;forest;1
12849;64;244;228;land;false;plains;1
12850;237;154;238;land;false;forest;4
12851;220;228;57;land;false;hills;4
12852;231;214;240;land;false;mountain;4
12853;185;218;197;land;true;plains;10
12854;147;234;247;land;false;forest;1
12855;104;252;216;land;false;plains;1
12856;177;160;192;land;false;plains;1
12857;241;251;36;land;false;forest;1
12858;148;179;192;land;false;hills;4
12859;146;112;246;land;true;plains;1
12860;250;122;191;land;false;plains;1
12861;198;233;230;land;false;plains;1
12862;232;193;129;land;true;forest;4
12863;139;192;190;land;false;plains;1
12864;249;143;185;land;false;plains;1
12865;96;232;175;land;false;forest;4
12866;87;221;251;land;false;plains;1
12867;201;244;224;land;false;plains;1
12868;206;205;146;land;false;hills;1
12869;248;186;146;land;false;plains;4
12870;49;224;228;land;false;marsh;4
12871;205;193;249;land;false;marsh;4
12872;137;221;182;land;true;plains;1
12873;243;142;217;land;true;forest;1
12874;251;243;14;land;false;forest;4
12875;190;203;178;land;false;hills;4
12876;250;198;137;land;false;plains;4
12877;210;223;238;land;false;plains;1
12878;233;90;246;land;true;plains;1
12879;175;184;254;land;false;mountain;1
12880;252;63;247;land;true;plains;1
12881;221;185;138;land;false;jungle;4
12882;238;112;183;land;false;hills;4
12883;150;240;112;land;false;hills;1
12884;219;171;111;land;false;mountain;1
12885;173;190;210;land;true;plains;1
12886;219;201;206;land;false;mountain;2
12887;226;222;250;land;false;forest;4
12888;250;231;96;land;false;marsh;4
12889;181;210;221;land;false;hills;1
12890;135;170;239;land;false;hills;4
12891;245;152;179;land;false;forest;1
12892;193;199;233;land;false;plains;1
12893;113;246;202;land;false;jungle;4
12894;253;202;56;land;false;hills;1
12895;251;192;135;land;true;plains;1
12896;90;251;214;land;false;forest;1
12897;244;99;236;land;true;forest;1
12898;155;183;179;land;false;mountain;1
12899;191;156;216;land;true;forest;1
12900;52;229;225;land;false;forest;1
12901;222;224;70;land;false;forest;4
12902;66;223;234;land;false;hills;4
12903;225;97;196;land;false;hills;1
12904;189;221;198;land;true;plains;1
12905;207;152;202;land;true;forest;1
12906;212;123;238;land;false;plains;1
12907;197;196;179;land;false;marsh;2
12908;164;127;226;land;false;marsh;4
12909;250;198;84;land;true;forest;4
12910;115;250;154;land;false;mountain;1
12911;201;242;254;land;true;plains;1
12912;213;163;160;land;false;forest;1
12913;184;199;162;land;false;mountain;1
12914;145;161;241;land;false;hills;4
12915;216;112;222;land;false;plains;1
12916;227;206;243;land;false;plains;1
12917;230;226;57;land;false;hills;1
12918;198;242;112;land;true;plains;2
12919;185;222;122;land;true;forest;4
12920;175;130;235;land;false;hills;4
12921;200;128;211;land;false;hills;1
12922;140;231;172;land;false;plains;1
12923;191;154;174;land;false;forest;4
12924;145;247;181;land;false;plains;1
12925;139;232;239;land;false;hills;1
12926;215;238;152;land;false;forest;1
12927;186;107;245;land;true;marsh;4
12928;230;247;101;land;false;jungle;4
12929;235;158;220;land;false;plains;1
12930;232;197;93;land;true;hills;1
12931;170;170;189;land;false;forest;4
12932;227;137;213;land;false;forest;4
12933;243;200;216;land;false;hills;4
12934;183;191;221;land;true;urban;1
12935;238;202;184;land;false;hills;1
12936;224;70;219;land;false;plains;1
12937;211;229;149;land;true;urban;1
12938;158;164;187;land;true;plains;2
12939;153;212;194;land;false;hills;4
12940;151;238;140;land;false;plains;4
12941;212;190;228;land;false;plains;4
12942;215;224;176;land;true;hills;1
12943;249;187;231;land;false;mountain;1
12944;212;249;76;land;false;plains;1
12945;166;232;168;land;false;hills;1
12946;180;248;95;land;false;hills;1
12947;110;221;239;land;false;hills;1
12948;118;170;245;land;true;forest;1
12949;229;147;152;land;false;forest;4
12950;171;210;162;land;false;hills;4
12951;242;193;79;land;false;salt;7
12952;230;243;60;land;false;marsh;4
12953;226;165;238;land;false;hills;1
12954;126;224;162;land;false;hills;4
12955;203;163;146;land;false;mountain;10
12956;215;174;236;land;false;plains;1
12957;243;182;223;land;false;plains;1
12958;195;141;196;land;false;forest;1
12959;215;205;149;land;false;mountain;4
12960;163;210;212;land;true;plains;1
12961;242;49;246;land;true;urban;1
12962;166;146;198;land;false;hills;1
12963;111;190;213;land;false;marsh;4
12964;128;180;209;land;false;hills;4
12965;202;111;203;land;false;plains;1
12966;244;231;231;land;false;plains;1
12967;133;156;243;land;true;plains;1
12968;142;226;179;land;true;forest;1
12969;140;189;181;land;false;mountain;2
12970;119;250;166;land;false;marsh;4
12971;179;233;174;land;true;plains;1
12972;209;232;109;land;true;plains;10
12973;243;148;130;land;false;forest;1
12974;231;236;144;land;false;hills;1
12975;184;224;173;land;true;forest;1
12976;213;216;230;land;true;plains;2
12977;144;204;177;land;false;hills;4
12978;187;216;183;land;false;plains;4
12979;138;219;242;land;false;mountain;2
12980;182;217;140;land;false;plains;1
12981;75;238;224;land;false;mountain;2
12982;161;211;156;land;false;plains;1
12983;242;220;39;land;false;marsh;4
12984;237;185;182;land;true;hills;4
12985;182;101;230;land;false;mountain;10
12986;199;186;194;land;false;plains;1
12987;237;234;137;land;false;plains;1
12988;254;218;202;land;false;marsh;4
12989;126;249;217;land;false;mountain;4
12990;224;158;131;land;false;jungle;4
12991;127;185;189;land;false;hills;1
12992;248;218;183;land;true;forest;1
12993;102;231;241;land;true;hills;4
12994;203;143;246;land;true;plains;10
12995;236;251;221;land;false;plains;1
12996;171;138;202;land;true;plains;1
12997;195;198;192;land;false;mountain;4
12998;207;140;239;land;true;jungle;4
12999;196;172;146;land;true;forest;4
13000;170;218;124;land;true;urban;1
13001;248;56;210;land;false;plains;1
13002;252;60;249;land;false;hills;1
13003;161;197;242;land;true;plains;1
13004;208;224;222;land;true;forest;1
13005;161;196;157;land;false;plains;4
13006;253;110;209;land;false;mountain;2
13007;200;224;115;land;false;mountain;2
13008;232;249;183;land;false;hills;4
13009;238;101;247;land;false;hills;1
13010;181;169;180;land;true;forest;1
13011;165;219;120;land;false;mountain;2
13012;237;64;253;land;false;plains;2
13013;192;215;110;land;true;urban;1
13014;249;247;82;land;false;hills;4
13015;233;182;105;land;false;mountain;4
13016;237;153;127;land;false;hills;4
13017;100;173;247;land;true;plains;2
13018;252;232;161;land;false;plains;3
13019;194;115;194;land;false;mountain;3
13020;108;245;217;land;false;marsh;4
13021;229;129;221;land;false;hills;4
13022;237;94;243;land;false;plains;1
13023;169;232;239;land;false;plains;1
13024;174;165;212;land;true;forest;1
13025;231;111;254;land;true;urban;2
13026;192;168;183;land;false;plains;3
13027;238;189;85;land;true;jungle;4
13028;248;149;155;land;false;hills;1
13029;219;107;188;land;false;plains;1
13030;249;228;222;land;false;plains;1
13031;131;238;165;land;false;mountain;1
13032;159;254;179;land;false;hills;4
13033;115;218;251;land;true;plains;3
13034;247;22;238;land;true;plains;3
13035;248;127;220;land;true;plains;10
13036;146;147;254;land;false;mountain;1
13037;253;196;240;land;false;salt;7
13038;251;65;185;land;false;hills;4
13039;202;171;250;land;false;hills;1
13040;187;132;187;land;false;hills;1
13041;226;83;229;land;true;forest;10
13042;224;238;209;land;false;hills;1
13043;139;229;184;land;false;mountain;2
13044;118;194;239;land;false;plains;1
13045;192;211;217;land;false;forest;1
13046;206;186;206;land;false;hills;2
13047;215;221;210;land;false;hills;4
13048;51;224;248;land;false;hills;4
13049;160;221;131;land;true;plains;4
13050;139;194;226;land;false;hills;1
13051;162;254;90;land;true;forest;3
13052;213;136;230;land;false;forest;4
13053;210;182;229;land;false;mountain;4
13054;206;226;153;land;false;salt;7
13055;254;156;223;land;true;forest;10
13056;118;206;234;land;false;mountain;1
13057;209;252;96;land;false;marsh;2
13058;211;246;200;land;false;plains;3
13059;237;179;167;land;false;hills;4
13060;252;160;159;land;false;plains;1
13061;226;198;143;land;false;jungle;4
13062;198;216;125;land;true;hills;1
13063;214;243;69;land;false;forest;1
13064;181;253;102;land;false;plains;1
13065;152;131;253;land;false;hills;1
13066;39;246;218;land;false;plains;1
13067;198;91;218;land;false;mountain;1
13068;178;117;219;land;false;mountain;2
13069;138;235;243;land;false;plains;3
13070;133;254;129;land;false;plains;3
13071;177;219;124;land;true;bridge;4
13072;248;251;179;land;true;marsh;2
13073;164;230;215;land;false;forest;3
13074;249;133;133;land;true;plains;1
13075;234;205;66;land;false;plains;1
13076;246;222;239;land;false;mountain;1
13077;215;250;70;land;true;forest;1
13078;103;203;232;land;false;plains;1
13079;206;208;203;land;false;plains;1
13080;149;154;206;land;false;hills;1
13081;163;238;118;land;false;mountain;1
13082;222;193;205;land;true;urban;1
13083;107;243;206;land;false;plains;4
13084;174;254;183;land;false;plains;1
13085;91;245;191;land;false;hills;1
13086;210;190;248;land;false;jungle;4
13087;251;87;218;land;false;hills;1
13088;92;222;237;land;false;mountain;2
13089;214;209;240;land;true;plains;2
13090;137;166;250;land;false;forest;3
13091;163;211;246;land;false;plains;1
13092;91;245;236;land;false;mountain;1
13093;239;210;74;land;false;marsh;2
13094;231;171;162;land;false;mountain;3
13095;148;236;206;land;false;hills;4
13096;194;186;208;land;false;plains;1
13097;135;146;221;land;true;urban;1
13098;232;72;253;land;false;marsh;2
13099;31;247;253;land;false;mountain;4
13100;148;144;234;land;false;plains;4
13101;240;112;158;land;false;plains;1
13102;146;215;154;land;false;mountain;3
13103;79;239;254;land;false;jungle;4
13104;202;222;86;land;false;plains;1
13105;103;194;228;land;false;hills;1
13106;144;226;228;land;false;mountain;1
13107;213;184;219;land;false;hills;4
13108;170;225;135;land;false;hills;4
13109;136;215;221;land;false;mountain;4
13110;112;244;209;land;false;plains;4
13111;159;214;151;land;false;plains;1
13112;239;95;230;land;false;hills;1
13113;244;204;169;land;false;forest;1
13114;181;232;91;land;false;mountain;2
13115;116;211;223;land;false;mountain;3
13116;142;142;220;land;true;forest;4
13117;94;231;217;land;true;plains;1
13118;61;237;249;land;false;mountain;1
13119;251;225;63;land;false;mountain;3
13120;165;190;235;land;false;forest;3
13121;225;221;139;land;false;forest;3
13122;134;245;165;land;false;plains;1
13123;228;191;234;land;false;hills;1
13124;241;215;73;land;false;hills;1
13125;194;125;215;land;false;plains;1
13126;217;217;209;land;false;plains;3
13127;210;213;238;land;true;plains;1
13128;216;100;192;land;false;mountain;2
13129;150;221;139;land;false;marsh;2
13130;144;217;189;land;false;marsh;2
13131;107;164;236;land;false;plains;3
13132;207;103;240;land;false;plains;3
13133;183;249;114;land;false;forest;3
13134;106;231;200;land;true;jungle;4
13135;179;237;146;land;false;salt;7
13136;199;101;240;land;false;forest;1
13137;106;218;202;land;true;hills;2
13138;190;112;222;land;false;plains;3
13139;195;191;248;land;false;mountain;1
13140;108;245;174;land;false;hills;4
13141;241;215;219;land;false;plains;1
13142;254;245;81;land;false;mountain;1
13143;186;254;223;land;false;plains;2
13144;214;144;223;land;false;plains;4
13145;222;211;215;land;false;mountain;1
13146;237;187;202;land;false;hills;1
13147;222;189;146;land;false;plains;3
13148;157;229;220;land;false;plains;1
13149;175;232;135;land;false;forest;1
13150;245;72;194;land;false;forest;1
13151;154;214;182;land;false;plains;1
13152;234;241;137;land;false;mountain;1
13153;226;90;203;land;false;mountain;2
13154;253;156;243;land;false;salt;7
13155;103;218;220;land;true;forest;1
13156;232;124;246;land;true;forest;1
13157;172;192;180;land;false;plains;3
13158;235;253;21;land;false;plains;3
13159;228;47;246;land;false;mountain;4
13160;239;166;96;land;false;hills;4
13161;117;165;227;land;false;plains;1
13162;188;156;211;land;false;hills;1
13163;248;242;183;land;false;hills;1
13164;245;223;222;land;false;plains;3
13165;212;101;196;land;false;plains;3
13166;125;215;226;land;false;hills;4
13167;238;48;227;land;false;plains;1
13168;54;235;221;land;false;mountain;3
13169;252;170;138;land;false;plains;3
13170;119;247;164;land;false;hills;1
13171;222;47;251;land;false;mountain;2
13172;211;180;193;land;false;mountain;2
13173;235;191;175;land;false;plains;2
13174;181;166;248;land;false;plains;2
13175;199;171;217;land;true;plains;10
13176;250;141;160;land;false;plains;1
13177;204;190;112;land;false;plains;1
13178;218;151;174;land;false;urban;1
13179;205;206;153;land;false;plains;2
13180;107;190;244;land;false;plains;3
13181;170;98;237;land;false;marsh;4
13182;222;154;225;land;true;jungle;4
13183;115;209;249;land;true;forest;4
13184;219;131;185;land;true;plains;10
13185;100;198;232;land;false;hills;1
13186;183;175;149;land;true;plains;1
13187;242;237;47;land;false;hills;1
13188;199;196;250;land;false;mountain;1
13189;253;97;178;land;false;hills;4
13190;181;246;194;land;false;plains;1
13191;90;210;201;land;false;urban;1
13192;233;243;200;land;false;forest;1
13193;218;70;233;land;false;plains;4
13194;234;241;161;land;false;plains;1
13195;203;131;230;land;false;forest;1
13196;227;221;57;land;false;mountain;1
13197;243;196;236;land;true;forest;1
13198;237;112;214;land;false;hills;2
13199;194;241;170;land;false;plains;2
13200;239;150;214;land;false;plains;3
13201;227;160;229;land;false;forest;4
13202;108;248;183;land;false;forest;4
13203;232;138;203;land;false;hills;1
13204;222;176;232;land;false;mountain;1
13205;240;125;208;land;false;plains;3
13206;203;89;227;land;true;hills;4
13207;170;211;254;land;true;jungle;4
13208;245;196;249;land;false;hills;1
13209;222;212;192;land;false;hills;1
13210;146;212;198;land;true;forest;1
13211;216;229;61;land;false;plains;1
13212;241;243;156;land;false;mountain;2
13213;180;170;243;land;false;plains;3
13214;54;221;245;land;false;plains;3
13215;181;98;244;land;false;mountain;4
13216;126;227;251;land;false;salt;7
13217;184;121;244;land;false;hills;1
13218;220;142;205;land;false;plains;2
13219;141;232;228;land;false;plains;3
13220;224;246;51;land;false;forest;1
13221;63;217;252;land;false;forest;1
13222;153;158;232;land;false;hills;1
13223;224;167;172;land;false;plains;2
13224;188;196;219;land;false;plains;3
13225;234;206;122;land;false;plains;3
13226;163;220;172;land;false;hills;4
13227;143;187;171;land;false;marsh;4
13228;188;138;227;land;true;forest;4
13229;236;60;212;land;true;plains;10
13230;229;139;158;land;false;plains;1
13231;220;110;175;land;false;urban;1
13232;139;227;191;land;false;hills;1
13233;218;171;231;land;false;hills;1
13234;170;248;135;land;false;hills;1
13235;224;117;177;land;false;plains;3
13236;49;229;240;land;false;plains;3
13237;174;206;158;land;true;plains;3
13238;245;79;212;land;false;marsh;4
13239;167;254;158;land;false;marsh;4
13240;242;173;130;land;false;plains;1
13241;222;215;144;land;false;mountain;1
13242;218;137;208;land;false;plains;3
13243;159;249;136;land;false;hills;3
13244;152;191;175;land;false;plains;1
13245;226;142;180;land;false;mountain;2
13246;177;109;220;land;false;plains;2
13247;207;250;216;land;false;plains;3
13248;225;178;155;land;false;salt;7
13249;210;180;208;land;false;forest;1
13250;176;211;192;land;false;plains;1
13251;178;127;214;land;false;hills;2
13252;157;254;201;land;false;plains;3
13253;233;223;69;land;false;plains;3
13254;223;113;187;land;true;hills;1
13255;228;164;215;land;false;plains;1
13256;77;177;252;land;false;hills;1
13257;171;178;178;land;false;mountain;1
13258;53;202;249;land;false;hills;1
13259;212;123;196;land;false;plains;3
13260;241;224;62;land;false;plains;2
13261;116;229;217;land;false;plains;3
13262;246;182;200;land;false;plains;2
13263;246;168;102;land;true;plains;3
13264;224;253;106;land;false;plains;3
13265;52;239;234;land;false;mountain;4
13266;232;225;140;land;false;hills;1
13267;151;242;236;land;false;hills;1
13268;241;239;36;land;false;hills;1
13269;201;76;236;land;false;mountain;1
13270;151;198;160;land;false;plains;1
13271;143;181;252;land;false;plains;1
13272;230;216;252;land;true;plains;1
13273;179;212;213;land;false;plains;2
13274;216;79;254;land;false;plains;3
13275;247;74;239;land;true;jungle;4
13276;183;199;165;land;false;hills;1
13277;191;92;241;land;false;plains;2
13278;195;90;239;land;false;plains;3
13279;244;234;82;land;true;plains;1
13280;203;112;206;land;false;plains;1
13281;226;192;107;land;false;plains;3
13282;250;178;242;land;false;mountain;4
13283;240;203;122;land;true;plains;10
13284;204;188;222;land;false;hills;1
13285;227;99;184;land;false;marsh;4
13286;216;242;228;land;false;forest;1
13287;245;218;188;land;false;mountain;2
13288;165;199;230;land;false;marsh;2
13289;218;232;253;land;false;plains;3
13290;191;190;127;land;false;plains;3
13291;107;170;253;land;true;hills;4
13292;146;211;187;land;false;plains;1
13293;217;150;192;land;false;mountain;1
13294;230;186;182;land;true;plains;1
13295;140;176;222;land;false;plains;3
13296;64;240;207;land;false;plains;3
13297;158;199;245;land;false;plains;3
13298;237;245;38;land;true;hills;1
13299;253;186;212;land;false;mountain;1
13300;187;186;168;land;false;mountain;1
13301;207;176;203;land;false;plains;1
13302;237;247;239;land;false;plains;2
13303;164;219;226;land;true;urban;2
13304;208;152;253;land;false;plains;3
13305;107;230;173;land;false;mountain;1
13306;151;241;109;land;false;plains;3
13307;224;180;98;land;false;plains;1
13308;222;146;223;land;false;hills;1
13309;169;225;150;land;false;plains;3
13310;114;223;168;land;false;plains;3
13311;248;224;164;land;false;marsh;4
13312;231;145;172;land;true;plains;1
13313;233;151;204;land;false;marsh;2
13314;242;175;246;land;false;forest;1
13315;239;104;224;land;true;plains;2
13316;211;162;218;land;false;hills;4
13317;250;98;166;land;false;forest;1
13318;247;202;128;land;false;plains;1
13319;100;209;234;land;true;mountain;1
13320;177;165;234;land;false;plains;3
13321;229;54;250;land;false;plains;3
13322;200;206;234;land;true;plains;1
13323;203;130;176;land;false;mountain;2
13324;203;250;85;land;false;plains;3
13325;252;166;157;land;false;hills;1
13326;175;88;252;land;true;plains;1
13327;208;233;171;land;false;mountain;1
13328;208;183;247;land;true;urban;1
13329;251;52;210;land;false;mountain;2
13330;152;136;224;land;false;plains;3
13331;227;242;132;land;false;jungle;4
13332;177;232;243;land;true;forest;10
13333;234;125;246;land;false;urban;1
13334;232;121;158;land;false;hills;1
13335;229;239;147;land;false;hills;1
13336;250;174;157;land;false;hills;1
13337;142;146;229;land;false;urban;2
13338;227;234;97;land;false;plains;3
13339;218;200;145;land;false;plains;3
13340;217;200;231;land;false;jungle;4
13341;245;135;190;land;false;hills;4
13342;151;234;171;land;false;hills;1
13343;204;223;172;land;true;plains;1
13344;234;152;174;land;true;urban;1
13345;173;219;197;land;false;hills;1
13346;254;208;203;land;false;mountain;1
13347;209;167;163;land;false;plains;3
13348;206;227;208;land;false;marsh;4
13349;158;223;225;land;true;hills;1
13350;122;200;237;land;false;plains;1
13351;148;199;177;land;false;plains;1
13352;248;190;115;land;false;forest;1
13353;217;229;240;land;true;hills;2
13354;216;229;242;land;false;hills;1
13355;125;245;186;land;false;plains;1
13356;251;242;218;land;false;marsh;2
13357;153;194;234;land;false;plains;2
13358;177;177;242;land;false;plains;3
13359;224;241;183;land;true;plains;4
13360;183;86;246;land;true;plains;10
13361;184;218;122;land;false;mountain;1
13362;29;246;230;land;false;plains;2
13363;155;169;251;land;false;plains;3
13364;195;133;242;land;false;jungle;4
13365;197;170;199;land;true;jungle;4
13366;190;156;169;land;false;plains;1
13367;220;128;163;land;false;plains;2
13368;167;192;227;land;false;plains;3
13369;162;186;201;land;false;plains;3
13370;191;213;147;land;false;forest;1
13371;253;174;122;land;false;forest;1
13372;179;201;199;land;true;plains;1
13373;176;251;172;land;false;mountain;2
13374;194;208;248;land;false;marsh;2
13375;172;219;204;land;false;marsh;2
13376;194;104;248;land;false;plains;3
13377;140;191;196;land;false;plains;3
13378;170;253;111;land;false;jungle;4
13379;29;245;234;land;false;mountain;1
13380;157;241;237;land;false;hills;1
13381;223;187;162;land;false;marsh;2
13382;235;219;67;land;false;marsh;2
13383;197;195;128;land;false;plains;3
13384;67;248;205;land;false;hills;4
13385;205;250;197;land;true;forest;10
13386;156;183;234;land;false;plains;1
13387;192;252;149;land;false;plains;2
13388;130;221;239;land;false;plains;3
13389;169;127;213;land;false;plains;1
13390;225;204;96;land;true;urban;1
13391;220;235;239;land;true;plains;1
13392;248;241;91;land;false;plains;3
13393;234;159;224;land;false;jungle;4
13394;175;233;168;land;true;hills;1
13395;174;124;230;land;false;plains;3
13396;42;216;251;land;true;jungle;4
13397;170;120;221;land;false;hills;1
13398;167;139;231;land;false;mountain;1
13399;157;239;206;land;false;marsh;2
13400;123;250;128;land;false;marsh;2
13401;159;198;180;land;false;plains;3
13402;208;154;192;land;false;plains;3
13403;209;234;72;land;true;plains;3
13404;246;100;202;land;true;hills;4
13405;235;189;197;land;false;mountain;10
13406;236;231;129;land;false;mountain;1
13407;253;246;153;land;false;plains;3
13408;219;221;250;land;true;plains;4
13409;254;186;190;land;false;jungle;4
13410;151;134;221;land;true;plains;1
13411;59;230;248;land;false;plains;1
13412;178;144;180;land;false;plains;2
13413;238;248;146;land;false;forest;1
13414;198;136;179;land;false;hills;1
13415;171;173;208;land;false;plains;3
13416;237;252;230;land;false;plains;3
13417;140;157;218;land;false;hills;1
13418;156;213;178;land;false;mountain;1
13419;195;179;151;land;false;hills;1
13420;202;245;244;land;false;mountain;2
13421;86;220;218;land;false;forest;1
13422;249;208;121;land;false;forest;1
13423;246;66;253;land;false;marsh;2
13424;246;55;214;land;false;plains;3
13425;215;252;167;land;false;plains;3
13426;236;206;81;land;false;plains;3
13427;238;126;249;land;false;mountain;1
13428;182;177;236;land;false;mountain;2
13429;112;218;180;land;false;mountain;2
13430;228;116;170;land;false;plains;3
13431;161;220;184;land;true;plains;10
13432;197;108;241;land;false;plains;2
13433;225;133;196;land;false;plains;3
13434;173;216;159;land;false;plains;3
13435;223;211;196;land;false;hills;4
13436;209;226;244;land;false;plains;1
13437;200;72;234;land;false;plains;1
13438;232;148;147;land;true;hills;1
13439;244;208;62;land;false;mountain;1
13440;214;122;245;land;false;plains;3
13441;161;245;215;land;false;plains;3
13442;245;132;213;land;false;plains;3
13443;181;160;197;land;false;plains;3
13444;238;174;131;land;false;plains;3
13445;134;245;128;land;false;plains;1
13446;108;203;248;land;false;hills;1
13447;240;181;134;land;false;plains;3
13448;245;182;120;land;false;plains;4
13449;223;193;183;land;true;plains;4
13450;66;253;183;land;true;plains;10
13451;121;156;241;land;true;hills;2
13452;230;206;158;land;false;marsh;2
13453;223;254;105;land;false;marsh;2
13454;204;175;232;land;false;plains;3
13455;245;45;238;land;false;plains;3
13456;139;170;236;land;false;plains;2
13457;125;149;228;land;false;hills;1
13458;208;249;215;land;false;marsh;2
13459;169;224;227;land;false;marsh;2
13460;217;206;254;land;false;jungle;4
13461;199;161;154;land;false;plains;3
13462;251;34;240;land;true;plains;10
13463;187;114;254;land;false;hills;1
13464;193;140;196;land;false;marsh;2
13465;179;203;187;land;false;plains;3
13466;231;227;231;land;false;plains;3
13467;241;214;142;land;true;forest;10
13468;153;190;234;land;false;forest;1
13469;239;101;206;land;false;plains;1
13470;182;233;178;land;false;plains;1
13471;209;226;152;land;false;hills;1
13472;166;207;228;land;false;marsh;2
13473;202;150;211;land;false;plains;4
13474;120;248;209;land;false;hills;4
13475;201;238;229;land;false;mountain;1
13476;212;205;158;land;false;plains;3
13477;161;250;93;land;false;plains;1
13478;236;252;178;land;false;plains;2
13479;194;193;217;land;false;plains;3
13480;124;228;213;land;false;plains;3
13481;202;247;143;land;true;plains;10
13482;102;204;208;land;true;plains;10
13483;253;120;191;land;true;plains;1
13484;196;246;100;land;false;plains;1
13485;234;204;125;land;true;hills;1
13486;251;218;209;land;false;marsh;2
13487;207;239;96;land;false;marsh;2
13488;252;128;220;land;false;plains;3
13489;254;144;189;land;true;plains;4
13490;253;208;137;land;false;urban;1
13491;156;251;94;land;false;plains;1
13492;241;150;187;land;false;plains;2
13493;177;189;205;land;false;hills;2
13494;187;249;222;land;false;plains;1
13495;232;149;203;land;false;hills;1
13496;250;240;150;land;false;plains;2
13497;252;222;94;land;false;plains;1
13498;193;180;239;land;false;plains;3
13499;68;201;248;land;false;jungle;4
13500;126;254;201;land;false;hills;2
13501;250;152;199;land;false;hills;2
13502;85;251;221;land;false;hills;4
13503;222;171;242;land;false;marsh;2
13504;167;253;152;land;true;hills;1
13505;161;156;208;land;false;forest;1
13506;243;115;228;land;false;marsh;2
13507;253;189;171;land;false;mountain;3
13508;53;241;216;land;false;plains;3
13509;155;151;223;land;false;marsh;2
13510;207;216;227;land;false;marsh;2
13511;198;153;195;land;false;plains;3
13512;207;244;54;land;false;hills;4
13513;163;221;203;land;false;plains;1
13514;123;212;250;land;true;mountain;2
13515;240;145;206;land;false;plains;3
13516;241;118;145;land;false;plains;1
13517;241;231;106;land;false;urban;1
13518;154;176;184;land;false;plains;1
13519;234;187;102;land;false;plains;1
13520;232;148;154;land;false;plains;3
13521;226;216;88;land;false;plains;3
13522;224;234;128;land;false;urban;1
13523;254;240;136;land;false;mountain;2
13524;248;19;251;land;false;plains;2
13525;250;90;228;land;false;plains;2
13526;168;237;125;land;false;plains;2
13527;252;155;95;land;false;plains;3
13528;206;204;123;land;true;plains;4
13529;188;201;195;land;false;hills;1
13530;240;236;167;land;true;plains;1
13531;53;239;240;land;false;plains;2
13532;209;229;187;land;false;plains;1
13533;247;248;55;land;false;plains;1
13534;168;184;222;land;false;mountain;2
13535;226;110;236;land;false;plains;1
13536;223;94;242;land;false;plains;1
13537;247;253;89;land;false;urban;1
13538;192;238;229;land;false;mountain;3
13539;238;206;182;land;false;hills;3
13540;139;139;254;land;true;plains;10
13541;147;118;244;land;false;forest;1
13542;245;89;198;land;false;hills;1
13543;169;217;226;land;false;plains;3
13544;164;216;202;land;false;plains;3
13545;155;122;230;land;false;plains;3
13546;238;178;111;land;false;plains;3
13547;178;188;181;land;false;plains;3
13548;244;247;192;land;true;hills;4
13549;199;212;184;land;false;plains;1
13550;150;210;170;land;false;hills;1
13551;204;201;130;land;false;plains;1
13552;241;187;90;land;false;plains;1
13553;240;194;226;land;true;urban;1
13554;239;174;239;land;false;mountain;2
13555;115;203;189;land;false;plains;3
13556;238;192;198;land;true;plains;1
13557;117;232;240;land;false;hills;1
13558;134;254;186;land;false;plains;2
13559;243;79;185;land;false;plains;3
13560;107;190;225;land;false;plains;2
13561;155;219;133;land;false;marsh;2
13562;178;176;163;land;false;plains;1
13563;223;69;250;land;false;plains;1
13564;149;242;236;land;false;plains;1
13565;199;156;230;land;false;hills;1
13566;237;222;56;land;false;plains;1
13567;191;102;242;land;false;hills;1
13568;238;212;60;land;false;plains;1
13569;244;64;217;land;false;plains;3
13570;158;178;176;land;false;plains;3
13571;213;134;244;land;false;plains;3
13572;234;196;205;land;true;plains;10
13573;178;221;212;land;false;hills;1
13574;243;94;242;land;false;plains;1
13575;148;253;103;land;true;plains;1
13576;93;240;208;land;false;marsh;2
13577;168;221;245;land;false;plains;2
13578;248;242;80;land;false;marsh;2
13579;110;240;154;land;false;plains;3
13580;203;143;200;land;false;plains;3
13581;193;223;221;land;false;plains;1
13582;243;38;249;land;false;hills;1
13583;120;207;194;land;false;hills;3
13584;203;116;244;land;false;salt;2
13585;242;226;91;land;true;mountain;2
13586;235;243;47;land;false;hills;1
13587;191;128;199;land;false;plains;1
13588;221;232;198;land;false;hills;1
13589;217;139;183;land;false;forest;1
13590;122;233;224;land;false;plains;2
13591;240;215;129;land;false;hills;2
13592;247;213;247;land;false;plains;3
13593;234;98;222;land;false;plains;1
13594;166;254;84;land;false;mountain;1
13595;216;206;145;land;false;plains;1
13596;139;242;251;land;false;plains;3
13597;180;128;217;land;false;plains;3
13598;243;163;190;land;false;hills;3
13599;167;174;229;land;false;plains;2
13600;214;223;225;land;false;marsh;2
13601;171;252;113;land;false;plains;3
13602;188;192;241;land;false;plains;3
13603;129;219;181;land;false;plains;1
13604;157;237;198;land;false;hills;1
13605;144;190;193;land;true;marsh;2
13606;172;192;217;land;false;hills;1
13607;218;199;123;land;true;plains;1
13608;143;250;227;land;false;hills;1
13609;251;192;254;land;true;desert;1
13610;209;235;72;land;false;mountain;3
13611;206;117;180;land;false;hills;1
13612;145;171;245;land;false;plains;2
13613;223;141;200;land;false;plains;3
13614;221;136;245;land;false;plains;3
13615;76;210;225;land;true;plains;10
13616;55;246;236;land;false;mountain;1
13617;251;157;207;land;true;marsh;2
13618;222;119;212;land;true;marsh;2
13619;235;110;216;land;false;plains;3
13620;174;242;123;land;false;hills;1
13621;199;184;172;land;false;plains;1
13622;214;219;71;land;false;plains;3
13623;223;251;247;land;false;forest;1
13624;178;248;136;land;true;desert;1
13625;159;247;252;land;false;mountain;3
13626;79;204;234;land;false;mountain;1
13627;183;224;106;land;false;hills;1
13628;248;214;202;land;false;hills;1
13629;204;228;240;land;false;plains;1
13630;254;185;124;land;true;desert;1
13631;190;152;226;land;true;plains;1
13632;253;205;220;land;false;marsh;2
13633;137;176;219;land;false;marsh;2
13634;225;238;136;land;false;plains;3
13635;251;218;180;land;false;plains;3
13636;213;230;218;land;false;hills;1
13637;221;161;235;land;false;hills;1
13638;209;95;241;land;false;mountain;1
13639;201;182;223;land;true;hills;1
13640;234;221;246;land;false;marsh;2
13641;213;101;215;land;false;hills;3
13642;166;230;248;land;false;plains;3
13643;241;225;114;land;false;plains;1
13644;181;124;231;land;false;forest;1
13645;49;247;250;land;false;plains;2
13646;215;250;152;land;false;plains;3
13647;171;128;235;land;false;plains;3
13648;144;243;177;land;false;hills;1
13649;253;119;171;land;false;mountain;1
13650;237;92;239;land;false;mountain;1
13651;198;184;141;land;false;hills;1
13652;156;171;243;land;false;forest;1
13653;143;205;212;land;false;plains;1
13654;186;141;234;land;true;hills;2
13655;145;241;142;land;false;marsh;2
13656;162;206;199;land;false;marsh;2
13657;186;240;112;land;false;plains;3
13658;136;155;244;land;false;mountain;1
13659;194;252;168;land;false;mountain;1
13660;229;195;163;land;false;mountain;1
13661;109;222;248;land;false;forest;1
13662;252;122;184;land;false;plains;1
13663;228;231;172;land;false;plains;2
13664;225;169;118;land;true;marsh;2
13665;206;141;194;land;true;plains;2
13666;165;169;194;land;true;hills;1
13667;182;204;171;land;false;mountain;1
13668;212;189;192;land;false;marsh;2
13669;252;131;144;land;false;plains;3
13670;149;246;153;land;false;plains;3
13671;183;218;210;land;false;hills;1
13672;205;223;204;land;false;hills;1
13673;94;219;189;land;false;hills;1
13674;153;176;248;land;false;mountain;1
13675;238;204;79;land;false;plains;1
13676;137;222;174;land;false;plains;1
13677;251;218;113;land;false;hills;1
13678;30;250;223;land;false;hills;1
13679;208;242;206;land;true;plains;1
13680;220;114;217;land;false;plains;1
13681;252;219;168;land;false;plains;3
13682;228;176;131;land;false;hills;1
13683;151;232;186;land;false;hills;1
13684;229;239;53;land;true;plains;1
13685;234;237;68;land;false;hills;3
13686;150;175;215;land;false;plains;3
13687;251;86;190;land;false;plains;1
13688;208;247;117;land;false;mountain;1
13689;241;248;17;land;false;mountain;1
13690;77;202;251;land;false;plains;1
13691;206;163;234;land;false;marsh;2
13692;224;254;127;land;false;urban;2
13693;229;205;156;land;false;plains;2
13694;226;213;184;land;false;desert;3
13695;221;59;226;land;false;plains;3
13696;219;96;231;land;false;hills;1
13697;199;126;226;land;false;plains;1
13698;214;113;243;land;true;marsh;2
13699;76;253;195;land;false;plains;3
13700;185;196;217;land;false;plains;3
13701;89;224;188;land;true;plains;1
13702;41;231;250;land;true;plains;1
13703;178;217;217;land;false;hills;3
13704;44;248;232;land;true;plains;2
13705;192;241;154;land;false;marsh;2
13706;249;107;246;land;false;forest;1
13707;219;220;140;land;false;plains;1
13708;192;78;251;land;false;plains;1
13709;223;243;228;land;false;plains;1
13710;170;245;192;land;false;plains;1
13711;215;156;232;land;false;mountain;2
13712;92;233;176;land;false;plains;1
13713;222;222;125;land;false;plains;1
13714;176;123;233;land;false;plains;1
13715;192;229;231;land;false;plains;2
13716;120;248;138;land;false;plains;3
13717;224;235;207;land;false;plains;1
13718;238;141;194;land;false;mountain;1
13719;215;167;226;land;false;plains;2
13720;215;176;246;land;false;plains;3
13721;243;138;226;land;false;plains;1
13722;247;194;85;land;false;mountain;1
13723;153;235;191;land;false;plains;2
13724;29;229;247;land;false;plains;3
13725;36;251;241;land;false;hills;1
13726;233;237;31;land;false;urban;1
13727;216;251;230;land;false;plains;1
13728;137;190;208;land;false;marsh;2
13729;174;164;226;land;false;mountain;3
13730;247;233;62;land;false;plains;1
13731;175;119;227;land;false;plains;3
13732;249;108;246;land;true;plains;8
13733;96;223;228;land;false;mountain;1
13734;133;178;224;land;false;plains;2
13735;162;206;224;land;false;hills;1
13736;247;58;251;land;false;mountain;1
13737;154;217;228;land;false;plains;1
13738;230;65;244;land;false;plains;2
13739;242;134;251;land;false;mountain;1
13740;230;155;243;land;false;hills;2
13741;187;250;127;land;false;plains;3
13742;192;113;229;land;false;hills;2
13743;177;223;211;land;false;mountain;1
13744;118;223;252;land;false;forest;1
13745;253;149;190;land;false;plains;2
13746;233;168;193;land;false;mountain;3
13747;195;242;169;land;false;mountain;1
13748;81;221;243;land;false;hills;1
13749;216;131;192;land;false;hills;1
13750;214;173;164;land;true;urban;1
13751;241;202;176;land;false;desert;3
13752;235;185;213;land;false;plains;1
13753;189;187;188;land;false;hills;1
13754;125;249;177;land;false;plains;1
13755;154;200;219;land;false;hills;3
13756;232;237;120;land;false;plains;1
13757;233;218;202;land;false;hills;1
13758;226;199;102;land;false;plains;1
13759;248;212;47;land;false;plains;1
13760;203;246;234;land;false;plains;2
13761;201;197;110;land;false;marsh;2
13762;123;207;224;land;false;plains;3
13763;254;164;200;land;false;plains;3
13764;167;225;116;land;false;plains;1
13765;206;229;232;land;false;mountain;1
13766;253;54;194;land;false;plains;1
13767;153;235;211;land;false;plains;8
13768;252;83;230;land;true;plains;8
13769;232;252;65;land;true;hills;1
13770;188;87;238;land;false;hills;1
13771;132;171;198;land;false;plains;2
13772;236;114;174;land;false;plains;2
13773;100;221;254;land;false;urban;2
13774;181;221;123;land;false;plains;3
13775;107;215;227;land;false;hills;1
13776;182;195;238;land;false;mountain;1
13777;192;162;214;land;false;hills;1
13778;246;201;193;land;false;plains;2
13779;148;216;227;land;false;mountain;3
13780;191;71;241;land;false;plains;3
13781;118;206;214;land;false;hills;1
13782;155;211;137;land;false;plains;1
13783;191;116;236;land;false;plains;1
13784;248;127;183;land;true;plains;2
13785;215;215;90;land;false;marsh;2
13786;175;137;224;land;false;plains;3
13787;198;235;248;land;true;plains;8
13788;122;231;182;land;false;plains;1
13789;215;204;250;land;false;hills;1
13790;138;204;197;land;false;urban;1
13791;197;151;235;land;false;mountain;3
13792;226;244;171;land;false;plains;8
13793;238;252;121;land;false;mountain;1
13794;245;235;164;land;false;hills;2
13795;218;200;194;land;false;plains;2
13796;147;168;197;land;false;plains;3
13797;174;141;207;land;false;plains;1
13798;207;130;249;land;false;plains;3
13799;200;130;233;land;false;mountain;1
13800;156;224;136;land;false;mountain;1
13801;163;216;188;land;false;marsh;2
13802;239;182;161;land;false;plains;3
13803;118;217;196;land;false;mountain;3
13804;238;186;230;land;false;plains;3
13805;229;183;209;land;false;plains;1
13806;178;249;160;land;false;hills;1
13807;235;250;232;land;false;forest;1
13808;218;101;248;land;false;plains;1
13809;252;220;123;land;false;plains;2
13810;196;178;243;land;false;plains;2
13811;205;131;191;land;false;plains;1
13812;227;236;152;land;false;hills;1
13813;207;212;165;land;false;mountain;1
13814;183;193;253;land;false;hills;1
13815;185;244;114;land;false;plains;1
13816;205;87;213;land;false;plains;2
13817;251;169;188;land;false;plains;3
13818;172;102;228;land;false;marsh;3
13819;243;46;242;land;false;plains;1
13820;250;110;165;land;false;hills;1
13821;208;187;218;land;false;hills;1
13822;69;198;236;land;false;mountain;1
13823;243;218;64;land;false;forest;1
13824;219;180;207;land;false;plains;1
13825;236;103;179;land;false;plains;3
13826;213;193;164;land;false;plains;8
13827;248;198;145;land;true;plains;8
13828;181;225;113;land;false;hills;1
13829;199;189;146;land;false;mountain;1
13830;210;102;197;land;false;plains;2
13831;127;209;173;land;false;mountain;3
13832;241;163;180;land;false;plains;3
13833;165;230;223;land;true;plains;8
13834;174;218;191;land;true;plains;1
13835;89;241;241;land;false;hills;1
13836;203;214;100;land;false;plains;2
13837;251;40;210;land;true;plains;2
13838;211;154;160;land;false;plains;3
13839;143;241;252;land;false;mountain;3
13840;73;232;214;land;false;plains;8
13841;253;212;86;land;false;hills;1
13842;210;57;253;land;false;plains;1
13843;237;252;97;land;false;hills;1
13844;85;207;235;land;false;plains;1
13845;39;251;221;land;false;plains;1
13846;187;233;220;land;false;hills;3
13847;220;145;200;land;false;plains;3
13848;233;90;232;land;false;hills;8
13849;228;216;103;land;true;plains;8
13850;182;160;196;land;false;plains;1
13851;253;254;161;land;false;plains;1
13852;208;147;165;land;false;hills;1
13853;42;241;253;land;false;plains;1
13854;198;215;96;land;false;mountain;3
13855;223;191;229;land;false;hills;1
13856;220;210;212;land;false;urban;1
13857;241;246;14;land;true;plains;1
13858;161;233;144;land;false;mountain;1
13859;238;185;214;land;false;marsh;3
13860;187;246;119;land;false;forest;1
13861;198;203;110;land;false;mountain;1
13862;249;179;86;land;false;plains;3
13863;230;210;229;land;false;forest;3
13864;132;206;212;land;true;plains;8
13865;109;163;252;land;true;hills;1
13866;211;237;111;land;false;urban;1
13867;106;226;207;land;false;hills;1
13868;190;237;137;land;false;hills;1
13869;185;102;248;land;false;mountain;1
13870;217;184;182;land;false;plains;3
13871;195;145;218;land;false;mountain;3
13872;238;93;171;land;false;hills;3
13873;94;235;254;land;true;plains;8
13874;247;126;218;land;false;plains;1
13875;115;223;239;land;false;hills;1
13876;218;166;160;land;false;desert;1
13877;177;253;113;land;false;plains;3
13878;230;138;171;land;true;plains;3
13879;156;241;180;land;false;plains;8
13880;248;220;240;land;false;hills;1
13881;69;234;245;land;false;forest;1
13882;223;210;201;land;false;plains;1
13883;55;198;249;land;false;plains;3
13884;213;229;75;land;false;plains;8
13885;197;165;229;land;false;plains;8
13886;191;195;192;land;false;plains;1
13887;230;162;249;land;false;hills;1
13888;196;202;130;land;false;hills;1
13889;242;138;192;land;false;hills;1
13890;246;162;105;land;false;hills;1
13891;193;242;250;land;false;plains;2
13892;211;225;242;land;false;desert;3
13893;209;129;183;land;false;plains;3
13894;248;160;96;land;false;plains;3
13895;254;244;126;land;true;plains;8
13896;202;228;220;land;false;hills;8
13897;240;247;172;land;false;plains;1
13898;250;142;240;land;false;hills;1
13899;253;37;222;land;false;hills;1
13900;219;123;167;land;false;plains;1
13901;181;177;162;land;false;plains;2
13902;162;193;229;land;false;plains;2
13903;240;132;167;land;false;plains;3
13904;175;254;81;land;false;plains;1
13905;209;172;199;land;false;hills;1
13906;239;49;234;land;false;hills;1
13907;107;244;237;land;false;hills;1
13908;167;253;177;land;false;mountain;1
13909;192;167;199;land;false;plains;1
13910;252;253;100;land;false;forest;1
13911;194;162;201;land;false;hills;1
13912;144;221;222;land;false;plains;1
13913;183;250;208;land;false;hills;3
13914;223;222;147;land;false;mountain;3
13915;184;211;192;land;false;hills;1
13916;198;138;201;land;false;hills;1
13917;168;153;250;land;false;plains;1
13918;240;114;173;land;false;marsh;3
13919;212;246;169;land;true;plains;3
13920;153;200;163;land;true;plains;8
13921;248;185;172;land;false;forest;1
13922;150;198;193;land;false;hills;1
13923;80;246;195;land;false;mountain;1
13924;176;233;128;land;false;plains;1
13925;226;247;47;land;false;marsh;2
13926;250;136;250;land;false;plains;2
13927;168;130;219;land;false;plains;3
13928;212;159;193;land;true;plains;3
13929;211;167;211;land;false;plains;8
13930;188;240;115;land;false;hills;1
13931;203;208;193;land;false;mountain;1
13932;185;248;244;land;true;hills;1
13933;195;206;158;land;false;marsh;2
13934;249;163;237;land;false;desert;3
13935;217;254;53;land;false;plains;3
13936;42;247;234;land;false;plains;3
13937;186;174;192;land;false;marsh;3
13938;227;254;204;land;true;forest;8
13939;185;232;170;land;false;hills;1
13940;211;246;251;land;false;desert;1
13941;191;236;238;land;false;marsh;2
13942;212;176;234;land;false;marsh;2
13943;201;253;127;land;false;plains;3
13944;193;254;71;land;false;hills;1
13945;246;246;146;land;false;plains;1
13946;214;177;159;land;false;plains;1
13947;254;53;237;land;false;mountain;1
13948;216;124;166;land;false;mountain;1
13949;216;179;138;land;false;mountain;1
13950;214;152;174;land;false;forest;1
13951;135;205;247;land;false;marsh;2
13952;237;132;180;land;false;plains;3
13953;220;208;218;land;false;plains;3
13954;94;219;221;land;false;plains;1
13955;250;189;120;land;false;mountain;1
13956;238;156;232;land;false;hills;1
13957;210;206;117;land;false;mountain;1
13958;130;238;159;land;false;hills;1
13959;195;219;93;land;false;plains;2
13960;175;251;75;land;false;plains;3
13961;244;43;226;land;false;forest;3
13962;244;217;245;land;false;plains;8
13963;75;218;237;land;false;hills;1
13964;172;200;147;land;false;hills;1
13965;208;88;211;land;false;plains;1
13966;179;207;122;land;false;mountain;1
13967;254;41;218;land;false;plains;2
13968;188;116;238;land;false;marsh;3
13969;142;188;194;land;true;plains;1
13970;164;170;199;land;true;forest;1
13971;215;251;158;land;false;hills;1
13972;218;243;159;land;false;hills;1
13973;55;227;228;land;false;plains;3
13974;244;146;192;land;false;plains;3
13975;209;148;235;land;false;hills;3
13976;223;207;164;land;false;mountain;1
13977;250;227;30;land;false;mountain;1
13978;185;158;164;land;false;marsh;2
13979;252;141;204;land;false;plains;2
13980;230;246;51;land;false;plains;1
13981;52;244;236;land;false;mountain;1
13982;174;188;156;land;false;mountain;1
13983;86;232;202;land;false;hills;1
13984;227;189;200;land;false;marsh;2
13985;248;111;205;land;false;urban;3
13986;158;224;152;land;false;plains;1
13987;236;89;226;land;false;hills;1
13988;180;176;177;land;false;hills;3
13989;97;246;187;land;false;plains;8
13990;214;221;195;land;true;plains;1
13991;253;210;66;land;false;plains;1
13992;148;179;244;land;false;hills;1
13993;189;149;221;land;false;desert;1
13994;178;235;123;land;false;plains;3
13995;175;125;254;land;false;plains;3
13996;147;238;242;land;true;plains;3
13997;148;239;151;land;true;plains;8
13998;180;213;146;land;false;hills;1
13999;176;207;119;land;false;desert;2
14000;164;241;99;land;false;marsh;2
14001;220;191;182;land;false;marsh;2
14002;99;245;216;land;false;plains;3
14003;87;184;245;land;false;forest;3
14004;186;216;159;land;false;plains;1
14005;150;235;179;land;false;urban;1
14006;84;214;242;land;false;hills;1
14007;229;140;208;land;false;hills;1
14008;216;76;252;land;false;hills;3
14009;154;254;238;land;false;plains;3
14010;233;236;82;land;false;mountain;3
14011;192;160;165;land;false;hills;1
14012;223;253;150;land;false;plains;3
14013;62;252;244;land;true;plains;1
14014;228;197;152;land;false;forest;1
14015;89;225;208;land;false;mountain;1
14016;131;160;245;land;false;hills;1
14017;235;166;106;land;false;plains;2
14018;130;241;227;land;false;hills;8
14019;131;211;227;land;false;hills;1
14020;242;205;198;land;false;hills;1
14021;18;238;252;land;false;hills;1
14022;219;236;242;land;false;hills;1
14023;200;186;219;land;false;plains;1
14024;253;104;166;land;false;forest;3
14025;253;101;179;land;true;marsh;3
14026;215;120;198;land;false;plains;8
14027;183;249;69;land;true;plains;1
14028;219;99;254;land;false;mountain;1
14029;211;106;215;land;false;plains;2
14030;253;240;160;land;true;plains;2
14031;237;82;220;land;false;hills;3
14032;144;184;242;land;false;marsh;3
14033;248;253;214;land;false;hills;8
14034;230;182;153;land;true;forest;8
14035;201;187;235;land;false;marsh;2
14036;118;228;203;land;true;plains;2
14037;209;72;228;land;false;salt;2
14038;221;222;98;land;false;forest;3
14039;192;192;158;land;false;forest;3
14040;236;123;148;land;false;plains;3
14041;233;232;61;land;false;urban;3
14042;247;238;125;land;true;marsh;3
14043;204;139;220;land;false;hills;1
14044;149;210;249;land;false;marsh;2
14045;169;181;220;land;false;plains;2
14046;211;78;247;land;false;plains;3
14047;218;238;182;land;false;forest;8
14048;168;153;199;land;false;hills;1
14049;166;192;249;land;false;marsh;2
14050;132;222;224;land;false;hills;3
14051;247;61;219;land;false;marsh;3
14052;193;185;249;land;false;plains;3
14053;209;173;189;land;true;plains;8
14054;228;137;207;land;false;hills;8
14055;223;246;133;land;false;plains;1
14056;147;253;163;land;false;hills;1
14057;121;239;244;land;false;hills;1
14058;204;182;119;land;false;forest;1
14059;223;186;109;land;false;marsh;2
14060;172;140;195;land;false;plains;3
14061;75;239;217;land;false;plains;8
14062;149;236;221;land;false;mountain;1
14063;156;215;170;land;false;urban;1
14064;224;76;202;land;false;mountain;1
14065;233;87;238;land;false;plains;2
14066;232;214;101;land;false;forest;3
14067;225;71;207;land;false;mountain;3
14068;242;157;164;land;false;forest;1
14069;105;202;195;land;false;plains;1
14070;246;199;67;land;false;hills;1
14071;155;219;162;land;false;hills;1
14072;233;222;253;land;false;hills;1
14073;197;151;220;land;false;hills;1
14074;243;55;236;land;false;plains;2
14075;241;177;120;land;false;plains;2
14076;243;253;79;land;false;hills;3
14077;97;225;234;land;false;mountain;3
14078;160;125;246;land;true;plains;9
14079;147;204;240;land;false;plains;1
14080;206;208;236;land;false;marsh;2
14081;155;201;236;land;false;mountain;3
14082;253;130;153;land;false;plains;3
14083;189;226;208;land;false;mountain;1
14084;184;225;120;land;false;hills;1
14085;249;114;235;land;false;mountain;1
14086;129;243;162;land;false;plains;2
14087;120;193;226;land;false;plains;2
14088;204;122;184;land;false;plains;2
14089;215;142;224;land;false;plains;2
14090;195;187;240;land;false;plains;3
14091;196;185;233;land;false;hills;3
14092;222;144;179;land;false;plains;3
14093;235;174;113;land;false;forest;3
14094;141;189;243;land;false;plains;3
14095;220;219;80;land;false;plains;1
14096;244;62;202;land;false;plains;2
14097;238;228;251;land;false;plains;2
14098;168;233;171;land;true;plains;2
14099;129;249;142;land;false;plains;2
14100;209;98;252;land;false;plains;3
14101;197;192;235;land;false;hills;3
14102;162;248;93;land;true;plains;8
14103;109;175;229;land;false;forest;8
14104;194;193;155;land;false;mountain;2
14105;83;230;192;land;false;plains;2
14106;216;121;167;land;true;urban;8
14107;239;166;237;land;false;plains;3
14108;131;203;180;land;false;plains;1
14109;207;250;80;land;false;plains;2
14110;118;208;200;land;false;plains;3
14111;108;184;224;land;false;mountain;3
14112;236;168;115;land;false;hills;8
14113;237;79;221;land;false;hills;8
14114;243;222;75;land;false;mountain;1
14115;71;232;254;land;false;mountain;1
14116;186;135;247;land;false;mountain;1
14117;167;227;151;land;false;hills;1
14118;240;192;98;land;false;plains;3
14119;212;107;251;land;false;plains;3
14120;228;159;173;land;false;mountain;3
14121;210;219;180;land;false;forest;3
14122;229;237;141;land;false;hills;3
14123;177;224;198;land;false;mountain;1
14124;163;155;211;land;false;plains;1
14125;221;122;234;land;false;plains;1
14126;213;245;66;land;false;plains;2
14127;50;224;231;land;false;plains;3
14128;243;202;93;land;false;plains;3
14129;229;214;176;land;false;hills;1
14130;79;254;242;land;false;forest;2
14131;214;205;135;land;true;plains;1
14132;215;241;212;land;false;hills;1
14133;156;203;176;land;false;mountain;1
14134;143;110;248;land;false;mountain;1
14135;251;220;73;land;false;mountain;1
14136;123;216;166;land;false;plains;1
14137;182;226;146;land;false;hills;1
14138;118;248;235;land;false;hills;8
14139;174;162;191;land;false;hills;1
14140;179;138;225;land;false;plains;1
14141;47;238;239;land;false;forest;2
14142;208;211;107;land;false;plains;2
14143;136;237;192;land;false;urban;2
14144;133;162;248;land;false;mountain;8
14145;148;189;254;land;false;hills;1
14146;118;253;231;land;false;mountain;1
14147;199;217;94;land;false;mountain;1
14148;186;219;238;land;false;plains;1
14149;228;176;254;land;false;marsh;2
14150;240;216;157;land;false;mountain;2
14151;85;210;251;land;true;plains;8
14152;247;239;130;land;false;forest;2
14153;184;129;189;land;false;plains;2
14154;144;132;234;land;false;marsh;2
14155;222;107;204;land;false;plains;3
14156;154;212;150;land;true;plains;9
14157;234;251;83;land;false;mountain;1
14158;134;194;246;land;false;plains;1
14159;207;79;237;land;false;forest;2
14160;238;177;224;land;false;plains;2
14161;164;139;235;land;false;plains;3
14162;179;143;185;land;false;plains;3
14163;194;213;138;land;false;hills;3
14164;158;146;240;land;false;hills;1
14165;206;232;188;land;false;hills;1
14166;230;164;129;land;false;mountain;1
14167;225;77;207;land;false;mountain;1
14168;246;209;134;land;false;mountain;1
14169;239;245;96;land;false;plains;1
14170;90;199;229;land;false;plains;2
14171;224;146;242;land;false;plains;3
14172;249;150;106;land;false;hills;3
14173;229;154;234;land;false;plains;1
14174;183;233;127;land;false;mountain;1
14175;235;226;198;land;false;hills;2
14176;187;152;199;land;false;plains;2
14177;160;205;215;land;false;forest;3
14178;107;229;176;land;false;mountain;1
14179;148;248;183;land;false;plains;1
14180;165;194;153;land;false;plains;3
14181;253;221;56;land;false;mountain;1
14182;229;227;100;land;false;mountain;1
14183;229;223;199;land;false;desert;1
14184;191;233;146;land;false;plains;1
14185;207;228;254;land;false;mountain;1
14186;165;159;197;land;false;mountain;1
14187;160;226;176;land;false;plains;2
14188;149;113;247;land;false;plains;2
14189;198;90;241;land;false;plains;2
14190;194;242;231;land;false;plains;2
14191;191;125;224;land;true;plains;3
14192;254;157;172;land;false;plains;1
14193;201;141;241;land;false;hills;1
14194;253;158;213;land;false;mountain;1
14195;164;190;197;land;false;plains;1
14196;149;177;239;land;false;plains;2
14197;149;253;180;land;false;plains;3
14198;246;210;227;land;false;plains;3
14199;151;132;251;land;false;hills;3
14200;229;218;55;land;false;plains;9
14201;242;209;81;land;false;marsh;2
14202;224;106;223;land;false;plains;3
14203;174;228;238;land;false;forest;3
14204;134;161;214;land;false;mountain;2
14205;246;110;147;land;false;hills;1
14206;239;219;93;land;false;plains;1
14207;219;129;217;land;false;plains;3
14208;188;178;221;land;false;hills;3
14209;190;118;220;land;false;mountain;1
14210;76;247;184;land;false;mountain;1
14211;135;150;228;land;false;mountain;3
14212;185;251;99;land;false;plains;3
14213;188;239;88;land;false;forest;3
14214;149;194;179;land;false;hills;3
14215;192;178;249;land;false;plains;2
14216;205;239;136;land;false;hills;3
14217;231;246;62;land;true;plains;1
14218;239;115;196;land;false;mountain;1
14219;246;140;228;land;false;mountain;1
14220;189;247;169;land;false;urban;2
14221;237;221;175;land;false;hills;2
14222;187;188;230;land;false;plains;3
14223;236;177;236;land;false;plains;1
14224;84;238;235;land;false;plains;2
14225;210;218;214;land;false;hills;2
14226;178;244;253;land;false;hills;2
14227;149;135;225;land;false;mountain;1
14228;232;144;171;land;false;plains;1
14229;232;60;211;land;true;urban;2
14230;43;237;238;land;false;mountain;3
14231;204;209;194;land;false;forest;3
14232;172;193;186;land;false;mountain;1
14233;236;201;143;land;false;mountain;1
14234;178;128;221;land;false;hills;1
14235;148;195;177;land;false;plains;3
14236;97;184;231;land;false;plains;3
14237;187;198;174;land;true;plains;9
14238;223;226;212;land;false;plains;1
14239;127;218;197;land;false;mountain;1
14240;195;208;187;land;false;plains;2
14241;154;210;179;land;false;plains;3
14242;213;180;166;land;false;hills;3
14243;211;239;106;land;true;plains;1
14244;207;129;236;land;false;plains;1
14245;167;209;229;land;false;plains;3
14246;144;181;250;land;false;plains;3
14247;129;193;205;land;false;plains;8
14248;152;228;244;land;false;hills;1
14249;233;81;233;land;false;plains;1
14250;203;163;159;land;false;hills;2
14251;67;247;235;land;false;marsh;2
14252;253;124;191;land;false;salt;2
14253;140;225;226;land;false;plains;3
14254;238;236;76;land;false;mountain;3
14255;195;126;222;land;false;mountain;1
14256;226;163;205;land;false;mountain;1
14257;150;217;190;land;false;mountain;1
14258;229;142;179;land;false;plains;1
14259;186;195;222;land;false;mountain;3
14260;79;235;233;land;false;plains;3
14261;230;134;192;land;false;hills;8
14262;76;239;222;land;true;plains;1
14263;145;156;234;land;false;hills;1
14264;139;236;225;land;false;hills;1
14265;66;244;197;land;false;plains;3
14266;186;132;242;land;false;marsh;3
14267;188;150;217;land;false;mountain;1
14268;247;242;33;land;false;hills;1
14269;213;225;190;land;false;hills;1
14270;197;121;200;land;false;hills;1
14271;181;214;146;land;false;plains;2
14272;124;232;148;land;false;plains;2
14273;180;139;216;land;false;hills;2
14274;118;161;249;land;false;hills;2
14275;252;181;195;land;false;plains;3
14276;85;254;170;land;false;plains;3
14277;251;145;136;land;false;plains;1
14278;202;131;218;land;false;mountain;1
14279;139;150;219;land;false;mountain;1
14280;244;225;229;land;false;mountain;2
14281;206;236;187;land;false;marsh;2
14282;132;224;203;land;false;plains;1
14283;27;225;251;land;false;mountain;2
14284;178;159;193;land;false;plains;2
14285;225;149;234;land;false;plains;2
14286;71;247;200;land;true;plains;2
14287;202;210;140;land;false;plains;3
14288;253;226;114;land;false;plains;3
14289;218;114;227;land;false;hills;3
14290;148;238;176;land;false;hills;1
14291;175;244;121;land;false;plains;1
14292;86;188;240;land;false;forest;1
14293;201;100;218;land;false;plains;3
14294;90;177;245;land;true;plains;1
14295;90;238;249;land;false;plains;3
14296;249;213;122;land;false;plains;1
14297;189;220;208;land;false;mountain;1
14298;186;117;246;land;false;plains;1
14299;206;163;185;land;false;plains;1
14300;165;153;243;land;false;mountain;2
14301;213;107;198;land;false;plains;2
14302;244;134;196;land;false;plains;3
14303;84;212;251;land;false;hills;3
14304;222;139;205;land;false;hills;3
14305;239;38;234;land;false;hills;1
14306;100;236;210;land;false;plains;3
14307;190;234;175;land;true;plains;8
14308;249;230;182;land;false;mountain;1
14309;228;228;243;land;false;hills;1
14310;156;243;142;land;false;mountain;1
14311;234;237;141;land;false;plains;1
14312;90;233;219;land;false;hills;1
14313;234;135;201;land;false;forest;3
14314;175;237;160;land;false;plains;3
14315;246;103;221;land;false;hills;2
14316;253;192;68;land;false;plains;3
14317;244;143;241;land;false;plains;8
14318;243;165;200;land;true;hills;9
14319;199;194;190;land;false;mountain;9
14320;203;149;210;land;false;plains;1
14321;250;55;221;land;false;plains;1
14322;144;174;253;land;false;hills;2
14323;115;169;244;land;false;plains;3
14324;171;220;148;land;false;plains;3
14325;193;156;215;land;false;urban;3
14326;157;197;202;land;false;hills;1
14327;145;216;212;land;false;hills;1
14328;89;207;221;land;false;plains;1
14329;230;131;228;land;false;hills;2
14330;80;190;233;land;false;hills;2
14331;185;237;123;land;false;plains;2
14332;148;160;231;land;false;marsh;2
14333;56;254;196;land;false;plains;3
14334;147;176;188;land;false;hills;1
14335;208;95;226;land;false;mountain;1
14336;143;199;183;land;false;plains;1
14337;205;222;141;land;false;plains;2
14338;224;229;144;land;false;marsh;2
14339;244;113;161;land;false;plains;3
14340;203;91;239;land;false;marsh;3
14341;125;203;231;land;false;hills;1
14342;232;196;232;land;false;hills;1
14343;234;79;200;land;false;mountain;1
14344;253;193;244;land;false;hills;1
14345;163;209;246;land;false;mountain;1
14346;182;180;211;land;false;hills;2
14347;215;76;215;land;false;marsh;2
14348;230;241;98;land;false;plains;3
14349;174;176;244;land;false;forest;3
14350;192;136;224;land;false;plains;8
14351;224;201;116;land;false;hills;1
14352;120;184;248;land;false;plains;1
14353;218;165;185;land;false;hills;2
14354;200;236;125;land;false;plains;3
14355;198;142;217;land;false;plains;3
14356;170;170;174;land;false;hills;3
14357;140;152;239;land;false;mountain;9
14358;226;46;245;land;false;hills;9
14359;239;249;243;land;false;plains;1
14360;129;215;182;land;false;mountain;1
14361;183;179;190;land;false;urban;1
14362;119;166;249;land;false;hills;3
14363;228;247;222;land;false;mountain;1
14364;141;208;160;land;false;mountain;1
14365;221;220;165;land;false;plains;2
14366;221;149;190;land;false;plains;3
14367;90;233;224;land;false;urban;3
14368;240;223;46;land;false;plains;1
14369;149;239;114;land;false;plains;2
14370;189;216;101;land;false;plains;3
14371;247;247;153;land;false;mountain;3
14372;111;218;249;land;false;plains;3
14373;174;251;200;land;true;plains;8
14374;243;216;254;land;true;hills;9
14375;199;200;246;land;false;mountain;1
14376;239;250;27;land;false;mountain;1
14377;142;132;252;land;false;plains;2
14378;229;197;82;land;false;forest;3
14379;157;238;178;land;false;hills;3
14380;186;161;242;land;false;plains;1
14381;138;247;148;land;false;hills;2
14382;210;154;186;land;false;hills;3
14383;206;230;169;land;false;plains;3
14384;210;175;183;land;false;hills;3
14385;127;223;181;land;false;hills;1
14386;202;225;110;land;false;hills;1
14387;252;121;250;land;false;plains;1
14388;161;227;114;land;false;plains;1
14389;137;241;198;land;false;plains;3
14390;252;240;223;land;false;hills;1
14391;157;206;173;land;false;hills;1
14392;170;229;202;land;false;plains;3
14393;218;179;246;land;false;hills;1
14394;251;199;131;land;false;hills;1
14395;144;238;186;land;false;hills;1
14396;235;114;186;land;false;plains;1
14397;241;242;188;land;false;plains;1
14398;165;228;254;land;false;plains;2
14399;240;228;192;land;false;plains;2
14400;216;112;193;land;false;marsh;3
14401;239;241;37;land;true;plains;8
14402;184;141;194;land;false;hills;9
14403;137;164;235;land;false;hills;1
14404;217;189;119;land;false;hills;1
14405;177;229;208;land;false;plains;1
14406;164;165;199;land;false;plains;2
14407;145;231;215;land;false;plains;3
14408;247;204;99;land;false;plains;3
14409;149;232;245;land;false;plains;3
14410;149;213;155;land;false;hills;1
14411;165;225;157;land;false;hills;1
14412;223;160;218;land;false;hills;2
14413;108;250;159;land;false;desert;2
14414;197;241;179;land;false;plains;2
14415;115;216;182;land;false;plains;3
14416;243;183;224;land;false;plains;3
14417;200;244;127;land;true;hills;9
14418;180;220;135;land;false;plains;1
14419;157;189;200;land;false;mountain;1
14420;153;233;184;land;false;hills;1
14421;208;228;82;land;false;plains;1
14422;191;129;205;land;false;mountain;2
14423;90;193;251;land;false;plains;2
14424;174;150;227;land;false;plains;2
14425;216;190;106;land;false;plains;3
14426;143;213;166;land;false;plains;3
14427;156;232;204;land;false;mountain;8
14428;213;93;235;land;false;hills;1
14429;192;178;175;land;false;plains;1
14430;182;212;198;land;false;hills;2
14431;253;249;17;land;false;plains;2
14432;185;133;235;land;false;mountain;3
14433;61;249;232;land;false;mountain;3
14434;58;203;252;land;false;plains;8
14435;110;198;223;land;false;mountain;9
14436;201;194;123;land;false;plains;1
14437;170;198;162;land;false;plains;1
14438;176;230;102;land;false;plains;2
14439;229;138;150;land;false;plains;3
14440;173;192;173;land;true;hills;9
14441;239;221;91;land;false;plains;1
14442;194;192;145;land;false;mountain;1
14443;82;242;182;land;false;plains;2
14444;238;230;165;land;false;hills;2
14445;138;191;196;land;false;plains;2
14446;112;185;205;land;false;plains;2
14447;243;195;214;land;false;hills;3
14448;190;199;161;land;false;forest;3
14449;154;162;213;land;false;hills;3
14450;125;179;203;land;false;plains;1
14451;167;172;191;land;false;hills;1
14452;132;222;244;land;false;mountain;1
14453;169;140;213;land;false;plains;3
14454;125;213;230;land;false;plains;3
14455;154;232;216;land;false;mountain;3
14456;190;128;221;land;false;hills;3
14457;192;151;170;land;false;plains;3
14458;204;249;148;land;false;hills;8
14459;56;242;203;land;false;hills;1
14460;175;103;234;land;false;mountain;1
14461;190;182;148;land;false;hills;1
14462;149;245;176;land;false;plains;2
14463;193;105;246;land;false;plains;2
14464;246;253;145;land;false;forest;3
14465;182;92;233;land;false;mountain;1
14466;194;200;253;land;false;hills;1
14467;142;194;240;land;false;hills;1
14468;113;211;186;land;false;hills;1
14469;208;243;102;land;false;plains;3
14470;229;141;186;land;false;plains;3
14471;241;70;253;land;false;hills;3
14472;159;251;141;land;false;hills;8
14473;202;165;155;land;false;hills;1
14474;184;107;214;land;false;plains;1
14475;75;237;192;land;false;urban;1
14476;175;161;235;land;false;hills;2
14477;226;241;128;land;false;desert;2
14478;175;205;253;land;false;plains;3
14479;221;134;209;land;false;marsh;3
14480;175;184;205;land;false;mountain;9
14481;213;211;125;land;false;hills;1
14482;101;179;225;land;false;hills;1
14483;254;183;209;land;false;mountain;3
14484;215;138;236;land;false;mountain;9
14485;212;141;237;land;false;mountain;1
14486;203;208;93;land;false;plains;1
14487;250;156;239;land;false;hills;2
14488;241;194;67;land;false;hills;2
14489;254;216;192;land;false;plains;2
14490;235;240;92;land;false;mountain;3
14491;174;176;218;land;false;plains;3
14492;180;161;168;land;false;plains;3
14493;63;250;251;land;false;hills;3
14494;170;187;228;land;false;mountain;9
14495;237;185;128;land;true;hills;9
14496;213;160;216;land;true;hills;9
14497;249;232;25;land;false;plains;2
14498;142;236;126;land;false;mountain;8
14499;233;215;69;land;false;forest;9
14500;191;203;153;land;false;urban;1
14501;226;248;173;land;false;mountain;3
14502;226;116;229;land;false;forest;1
14503;214;233;206;land;false;hills;1
14504;253;155;204;land;false;hills;1
14505;114;210;213;land;false;plains;3
14506;156;176;192;land;false;forest;3
14507;236;200;140;land;false;plains;8
14508;220;179;172;land;false;hills;1
14509;183;185;194;land;false;urban;1
14510;185;192;185;land;false;plains;1
14511;146;178;206;land;false;hills;2
14512;244;180;142;land;false;desert;2
14513;126;159;251;land;false;plains;2
14514;252;174;136;land;false;hills;3
14515;162;251;113;land;false;hills;1
14516;228;204;132;land;false;plains;3
14517;228;242;38;land;false;mountain;9
14518;253;72;181;land;false;hills;1
14519;186;254;94;land;false;plains;1
14520;211;46;248;land;false;plains;2
14521;167;254;191;land;false;plains;3
14522;104;173;231;land;false;hills;1
14523;235;242;184;land;false;plains;1
14524;163;248;222;land;false;mountain;9
14525;241;252;245;land;false;plains;1
14526;154;213;190;land;false;hills;1
14527;235;198;221;land;false;hills;1
14528;175;201;202;land;false;mountain;1
14529;213;234;66;land;false;plains;2
14530;108;250;246;land;false;hills;2
14531;123;241;223;land;false;plains;3
14532;242;39;235;land;false;hills;8
14533;107;208;195;land;false;mountain;3
14534;201;199;243;land;false;forest;3
14535;196;213;146;land;true;plains;8
14536;204;192;218;land;false;mountain;9
14537;153;134;231;land;false;mountain;9
14538;191;171;149;land;false;mountain;9
14539;215;194;189;land;false;plains;1
14540;134;242;204;land;false;hills;1
14541;228;220;121;land;false;desert;2
14542;157;167;195;land;false;plains;2
14543;75;224;203;land;false;plains;3
14544;236;244;80;land;true;urban;8
14545;214;81;252;land;false;mountain;9
14546;219;174;246;land;true;hills;9
14547;73;179;249;land;false;hills;2
14548;184;192;229;land;false;plains;2
14549;202;240;94;land;false;hills;3
14550;115;237;186;land;false;plains;3
14551;252;84;228;land;false;hills;8
14552;182;230;164;land;true;plains;8
14553;198;225;183;land;false;forest;1
14554;116;202;252;land;false;hills;2
14555;229;197;91;land;false;plains;2
14556;239;140;172;land;false;forest;3
14557;232;126;254;land;false;mountain;9
14558;146;167;208;land;false;plains;1
14559;196;248;154;land;false;plains;2
14560;140;252;120;land;false;desert;2
14561;241;65;254;land;false;plains;2
14562;241;203;62;land;false;hills;3
14563;135;242;188;land;false;plains;3
14564;238;102;183;land;false;forest;1
14565;130;148;248;land;false;hills;1
14566;74;228;210;land;false;mountain;1
14567;161;213;202;land;false;plains;1
14568;206;242;213;land;false;hills;2
14569;244;124;165;land;false;desert;2
14570;140;239;208;land;false;plains;3
14571;246;194;241;land;false;mountain;1
14572;154;147;205;land;false;plains;1
14573;180;126;214;land;false;plains;1
14574;198;247;142;land;false;plains;3
14575;225;201;154;land;false;plains;3
14576;202;223;182;land;false;hills;8
14577;232;168;201;land;false;plains;1
14578;211;147;221;land;false;plains;1
14579;173;180;158;land;false;forest;2
14580;153;161;244;land;false;plains;2
14581;241;250;141;land;false;mountain;3
14582;161;214;205;land;false;urban;3
14583;224;172;144;land;false;plains;1
14584;60;250;212;land;false;plains;1
14585;175;183;203;land;false;plains;1
14586;252;114;190;land;false;plains;1
14587;219;230;78;land;false;hills;2
14588;129;172;241;land;false;plains;3
14589;228;209;73;land;false;forest;8
14590;244;125;136;land;false;hills;8
14591;226;206;177;land;false;mountain;1
14592;217;205;239;land;false;forest;2
14593;106;252;204;land;false;plains;3
14594;197;170;174;land;false;plains;3
14595;117;196;239;land;false;plains;3
14596;170;185;206;land;true;hills;9
14597;210;201;211;land;false;plains;1
14598;222;83;233;land;false;urban;1
14599;231;225;129;land;false;plains;2
14600;180;237;224;land;false;hills;2
14601;197;158;186;land;false;hills;3
14602;185;232;171;land;false;plains;3
14603;171;181;228;land;false;hills;3
14604;63;243;205;land;false;jungle;9
14605;91;247;180;land;false;hills;1
14606;219;233;76;land;false;plains;1
14607;186;231;248;land;false;hills;2
14608;148;233;155;land;false;plains;2
14609;200;155;225;land;false;forest;3
14610;179;183;234;land;false;plains;3
14611;168;126;211;land;false;hills;8
14612;170;221;221;lake;false;lakes;3
14613;208;205;94;land;false;mountain;9
14614;234;195;237;land;false;jungle;9
14615;148;254;150;land;false;forest;1
14616;158;220;170;land;false;hills;2
14617;160;215;169;land;false;desert;2
14618;227;195;202;land;false;desert;3
14619;225;152;180;land;false;hills;3
14620;216;156;140;land;false;plains;3
14621;222;167;250;land;false;plains;1
14622;218;252;196;land;false;desert;2
14623;151;106;254;land;false;plains;3
14624;202;202;160;land;false;hills;8
14625;249;199;232;land;false;mountain;1
14626;242;228;222;land;false;plains;1
14627;247;189;147;land;false;plains;1
14628;172;241;179;land;false;plains;1
14629;254;207;220;land;false;forest;1
14630;101;206;238;land;false;desert;2
14631;248;93;252;land;true;plains;2
14632;227;240;149;land;false;marsh;2
14633;253;111;174;land;false;plains;3
14634;127;243;203;land;false;plains;3
14635;145;144;215;land;false;mountain;1
14636;250;223;159;land;false;plains;2
14637;124;169;253;land;true;plains;8
14638;182;243;153;land;false;mountain;8
14639;250;140;141;land;false;plains;1
14640;184;157;218;land;false;plains;2
14641;252;88;210;land;false;mountain;3
14642;213;226;111;land;false;hills;1
14643;227;167;219;land;false;plains;1
14644;231;139;144;land;false;forest;1
14645;248;78;237;land;false;urban;1
14646;235;93;210;land;false;forest;1
14647;131;238;200;land;false;forest;1
14648;231;247;24;land;false;plains;2
14649;220;142;234;land;false;plains;3
14650;237;231;132;land;true;plains;8
14651;188;129;214;land;true;hills;9
14652;98;246;209;land;false;hills;1
14653;138;173;249;land;false;forest;1
14654;249;243;214;land;false;forest;3
14655;227;90;198;land;false;hills;3
14656;248;148;162;land;false;hills;3
14657;69;236;198;land;false;plains;1
14658;209;232;186;land;false;forest;1
14659;134;193;181;land;false;hills;2
14660;183;233;117;land;false;hills;2
14661;242;147;137;land;false;salt;2
14662;175;251;226;land;false;plains;2
14663;67;215;226;land;false;plains;2
14664;219;214;93;land;false;forest;2
14665;140;138;229;land;false;plains;3
14666;241;189;243;land;false;plains;3
14667;125;169;247;land;false;mountain;3
14668;208;222;218;land;false;plains;1
14669;158;235;166;land;false;hills;1
14670;191;179;225;land;false;mountain;1
14671;163;247;124;land;false;plains;1
14672;65;187;254;land;false;forest;1
14673;251;232;190;land;false;hills;1
14674;187;134;208;land;false;desert;3
14675;240;206;250;land;false;plains;3
14676;165;150;210;land;false;plains;8
14677;170;202;163;land;false;jungle;9
14678;160;171;253;land;false;plains;1
14679;162;249;132;land;false;plains;3
14680;240;224;162;land;false;hills;3
14681;237;253;103;land;false;mountain;3
14682;249;230;119;land;false;plains;8
14683;187;249;146;land;false;hills;1
14684;160;167;191;land;false;urban;1
14685;232;233;187;land;false;plains;3
14686;209;153;182;land;false;hills;1
14687;189;247;245;land;false;mountain;1
14688;202;220;149;land;false;hills;1
14689;246;53;251;land;false;forest;1
14690;206;241;85;land;false;plains;1
14691;236;169;217;land;false;plains;2
14692;236;176;142;land;false;plains;3
14693;155;208;159;land;false;desert;3
14694;254;196;192;land;false;desert;3
14695;179;199;223;land;false;plains;3
14696;221;235;183;land;false;mountain;3
14697;207;130;247;land;false;plains;3
14698;140;202;240;land;false;plains;8
14699;228;121;181;land;false;mountain;8
14700;215;253;76;land;false;jungle;9
14701;142;180;234;land;false;urban;1
14702;237;215;123;land;false;forest;1
14703;206;91;218;land;false;forest;1
14704;208;218;83;land;false;plains;1
14705;238;243;245;land;false;hills;2
14706;184;224;203;land;false;marsh;2
14707;82;228;243;land;false;plains;3
14708;213;225;228;land;false;hills;3
14709;123;144;252;land;false;forest;9
14710;97;244;246;land;false;hills;3
14711;163;223;237;land;false;plains;3
14712;205;190;142;land;true;plains;8
14713;240;249;148;land;true;hills;8
14714;185;142;215;land;false;hills;9
14715;141;167;236;land;false;plains;1
14716;252;168;97;land;false;urban;8
14717;239;239;244;land;false;forest;9
14718;48;215;250;land;false;forest;1
14719;201;176;128;land;false;salt;2
14720;146;240;227;land;false;forest;2
14721;114;230;160;land;false;desert;3
14722;128;191;194;land;true;hills;9
14723;117;223;200;land;false;forest;1
14724;228;91;194;land;false;mountain;3
14725;133;156;233;land;false;plains;3
14726;180;187;173;land;false;hills;3
14727;140;190;247;land;false;hills;3
14728;212;182;154;land;false;forest;1
14729;159;231;139;land;false;forest;1
14730;91;235;234;land;false;forest;1
14731;251;112;228;land;false;salt;2
14732;83;226;229;land;false;plains;3
14733;243;184;122;land;false;plains;8
14734;92;191;234;land;false;hills;9
14735;215;104;238;land;false;jungle;9
14736;235;195;133;land;false;jungle;9
14737;213;254;214;land;false;plains;1
14738;118;242;154;land;false;mountain;2
14739;20;228;254;land;false;desert;2
14740;225;74;249;land;false;forest;2
14741;215;154;152;land;false;mountain;3
14742;184;200;199;land;false;plains;3
14743;233;219;138;land;true;plains;1
14744;133;221;227;land;false;forest;1
14745;77;229;246;land;false;forest;1
14746;211;122;225;land;false;forest;3
14747;129;207;236;land;false;forest;3
14748;244;53;239;land;false;plains;8
14749;227;234;44;land;false;plains;9
14750;94;234;248;land;false;plains;2
14751;209;71;238;land;false;hills;2
14752;153;246;104;land;false;plains;3
14753;249;250;80;land;false;plains;3
14754;233;169;249;land;false;plains;8
14755;242;173;182;land;false;mountain;8
14756;203;245;140;land;false;hills;8
14757;217;212;80;land;false;hills;9
14758;248;129;138;land;false;plains;1
14759;131;203;199;land;false;plains;1
14760;246;147;205;land;false;plains;1
14761;139;212;163;land;false;hills;1
14762;213;68;253;land;false;hills;1
14763;135;178;246;land;false;hills;2
14764;141;199;198;land;false;hills;2
14765;216;120;253;land;false;plains;2
14766;209;225;160;land;false;plains;2
14767;191;194;133;land;false;plains;3
14768;223;138;236;land;false;plains;3
14769;253;180;200;land;false;plains;1
14770;102;218;237;land;false;forest;2
14771;208;142;248;lake;false;lakes;3
14772;155;225;252;land;false;forest;3
14773;242;187;155;land;false;plains;3
14774;117;165;232;land;false;plains;3
14775;119;168;229;land;false;urban;1
14776;244;11;248;land;false;forest;1
14777;253;51;234;land;false;hills;2
14778;251;89;180;land;false;plains;3
14779;214;199;101;land;false;plains;8
14780;138;226;243;land;false;plains;8
14781;161;137;232;land;false;forest;1
14782;100;251;199;land;false;forest;1
14783;215;144;155;land;false;forest;1
14784;215;239;112;land;false;marsh;2
14785;154;204;167;land;false;plains;2
14786;132;162;224;land;false;plains;2
14787;119;196;211;land;false;plains;2
14788;214;157;140;land;false;plains;3
14789;157;119;238;land;false;desert;2
14790;184;229;192;land;false;salt;2
14791;225;173;176;land;false;marsh;2
14792;168;219;201;land;false;hills;8
14793;214;230;80;land;true;hills;8
14794;242;196;76;land;false;plains;9
14795;194;118;213;land;false;forest;1
14796;127;246;242;land;false;forest;1
14797;201;221;112;land;false;jungle;1
14798;246;127;129;land;false;jungle;1
14799;126;187;251;land;false;mountain;3
14800;233;220;195;land;false;hills;3
14801;224;178;100;land;false;plains;3
14802;252;234;58;land;true;plains;8
14803;250;216;43;land;false;plains;1
14804;181;126;219;land;false;forest;1
14805;215;209;246;land;false;hills;2
14806;229;125;194;land;false;forest;3
14807;213;139;243;land;false;plains;8
14808;186;161;252;land;false;plains;1
14809;180;244;222;land;false;mountain;1
14810;194;237;171;land;false;mountain;2
14811;195;163;253;land;false;mountain;2
14812;219;240;187;land;false;plains;2
14813;143;197;225;land;false;forest;3
14814;173;249;161;lake;false;lakes;3
14815;169;236;99;land;false;plains;3
14816;242;192;105;land;false;forest;3
14817;251;138;234;land;false;forest;3
14818;246;196;200;land;false;forest;1
14819;226;185;229;land;false;forest;1
14820;196;202;140;land;false;mountain;2
14821;200;218;150;land;false;plains;3
14822;95;232;192;land;false;plains;3
14823;195;128;252;land;false;urban;1
14824;227;80;243;land;false;mountain;1
14825;168;244;96;land;false;mountain;2
14826;165;183;177;land;true;plains;2
14827;28;248;245;land;false;plains;3
14828;217;244;44;land;false;plains;3
14829;231;212;162;land;true;urban;8
14830;118;193;190;land;false;forest;8
14831;246;50;222;land;false;plains;1
14832;213;114;252;land;false;hills;2
14833;234;127;226;land;false;plains;2
14834;112;199;244;land;false;plains;2
14835;143;239;254;land;false;desert;3
14836;63;247;238;land;false;urban;3
14837;49;216;251;land;false;forest;3
14838;217;219;106;land;false;plains;3
14839;74;198;246;land;false;plains;3
14840;166;209;224;land;false;plains;3
14841;169;224;171;land;false;plains;1
14842;168;119;223;land;false;plains;1
14843;244;157;102;land;false;forest;1
14844;109;229;244;land;false;hills;2
14845;194;141;177;land;false;desert;2
14846;199;250;240;land;false;mountain;3
14847;200;185;148;land;false;plains;3
14848;84;222;201;land;true;plains;8
14849;179;148;222;land;false;hills;1
14850;242;200;111;land;false;forest;1
14851;218;165;216;land;false;plains;1
14852;206;216;250;land;false;marsh;2
14853;237;146;221;land;false;marsh;2
14854;152;216;170;land;false;forest;2
14855;166;151;194;land;false;mountain;3
14856;170;132;201;land;false;plains;3
14857;233;46;233;land;false;plains;8
14858;254;251;209;land;false;forest;1
14859;247;93;252;land;false;forest;1
14860;201;73;241;land;false;jungle;1
14861;245;219;87;land;false;salt;2
14862;237;222;228;land;false;plains;2
14863;213;180;125;land;false;plains;3
14864;129;218;192;land;false;plains;3
14865;212;244;236;land;false;plains;8
14866;245;195;163;land;false;plains;8
14867;196;82;247;land;false;plains;1
14868;88;238;246;land;false;forest;1
14869;177;215;111;land;false;jungle;1
14870;246;74;229;land;false;hills;1
14871;113;239;205;land;false;mountain;2
14872;167;235;186;land;false;plains;9
14873;254;164;172;land;false;plains;1
14874;197;190;143;land;false;plains;1
14875;117;173;223;land;false;plains;1
14876;170;105;233;land;false;plains;3
14877;205;147;189;land;false;plains;8
14878;157;180;250;land;false;mountain;2
14879;139;203;193;land;false;plains;2
14880;253;117;192;land;false;marsh;2
14881;122;245;245;land;false;forest;3
14882;209;219;110;land;false;plains;3
14883;253;60;191;land;false;plains;8
14884;119;186;209;land;false;hills;2
14885;219;192;199;land;false;salt;2
14886;88;247;235;land;false;forest;3
14887;237;49;238;land;false;forest;3
14888;150;223;245;land;false;plains;3
14889;185;179;236;land;false;plains;9
14890;254;106;222;land;false;plains;1
14891;204;121;239;land;false;plains;1
14892;186;241;154;land;false;desert;3
14893;162;243;229;land;false;hills;3
14894;218;208;118;land;false;plains;3
14895;197;186;128;land;false;forest;8
14896;112;160;248;land;false;plains;8
14897;249;123;254;land;false;forest;1
14898;216;139;203;land;false;forest;1
14899;248;159;150;land;false;mountain;1
14900;236;91;209;land;false;jungle;1
14901;210;248;229;land;false;plains;3
14902;146;219;253;land;false;plains;3
14903;160;216;224;land;false;hills;3
14904;231;75;214;land;false;urban;3
14905;242;231;126;land;true;plains;8
14906;192;206;150;land;false;forest;8
14907;159;194;246;land;true;hills;9
14908;237;102;229;land;false;jungle;9
14909;55;206;243;land;false;plains;1
14910;51;224;227;land;false;forest;1
14911;145;236;135;land;false;marsh;2
14912;239;59;225;land;false;forest;3
14913;134;242;239;land;false;hills;3
14914;237;181;178;land;false;forest;8
14915;202;197;239;land;false;plains;8
14916;235;209;200;land;false;forest;9
14917;202;137;247;land;false;hills;2
14918;198;168;162;land;false;forest;2
14919;168;219;224;land;false;plains;3
14920;178;238;117;land;false;plains;3
14921;180;193;166;land;false;plains;8
14922;229;223;99;land;false;forest;1
14923;172;222;180;land;false;plains;2
14924;65;203;243;land;false;forest;2
14925;244;242;100;land;false;marsh;2
14926;191;198;187;land;false;mountain;3
14927;237;126;213;land;false;hills;3
14928;232;230;169;land;false;plains;1
14929;151;222;178;land;false;hills;1
14930;154;173;224;land;false;mountain;2
14931;253;195;166;land;false;plains;3
14932;246;196;183;land;false;plains;8
14933;127;227;251;land;false;plains;8
14934;134;166;209;land;false;plains;8
14935;214;226;93;land;false;plains;1
14936;253;213;220;land;false;plains;1
14937;249;254;236;land;false;plains;2
14938;104;238;173;land;false;plains;3
14939;235;45;226;land;false;plains;3
14940;243;176;169;land;false;hills;3
14941;209;158;179;land;false;forest;8
14942;207;140;201;land;false;plains;9
14943;164;216;177;land;false;mountain;2
14944;240;227;162;land;false;plains;3
14945;235;104;173;land;false;plains;8
14946;163;204;220;land;false;forest;1
14947;177;138;216;land;false;hills;2
14948;215;190;115;land;false;urban;2
14949;183;137;244;land;false;plains;3
14950;234;199;244;land;false;plains;1
14951;143;188;213;land;false;forest;1
14952;160;213;181;land;false;plains;1
14953;103;238;230;land;false;mountain;1
14954;239;108;157;land;false;hills;2
14955;183;193;221;land;false;plains;3
14956;150;211;240;land;false;plains;3
14957;252;167;117;land;true;plains;9
14958;101;228;183;land;false;plains;1
14959;138;209;197;land;false;plains;1
14960;165;170;212;land;false;plains;1
14961;243;160;223;land;false;plains;1
14962;178;238;123;land;false;mountain;1
14963;246;166;91;land;false;mountain;1
14964;222;186;205;land;false;urban;2
14965;203;219;222;land;false;plains;2
14966;227;251;163;land;false;desert;3
14967;227;170;234;land;false;plains;3
14968;165;175;181;land;false;forest;3
14969;158;217;191;land;false;plains;8
14970;244;137;159;land;true;plains;8
14971;229;118;173;land;false;plains;1
14972;254;218;52;land;false;plains;1
14973;230;141;158;land;false;forest;1
14974;175;250;105;land;false;mountain;2
14975;236;86;219;land;false;mountain;3
14976;209;74;220;land;false;plains;3
14977;254;207;133;land;false;hills;8
14978;223;140;216;land;false;plains;8
14979;39;254;252;land;false;plains;1
14980;172;233;184;land;false;hills;1
14981;154;202;204;land;false;plains;1
14982;237;147;151;land;false;plains;1
14983;153;228;199;land;false;mountain;1
14984;245;110;239;land;false;hills;1
14985;206;201;164;land;false;plains;3
14986;174;250;95;land;true;plains;3
14987;197;166;245;land;false;plains;8
14988;248;128;193;land;false;plains;8
14989;251;221;138;land;true;plains;8
14990;181;248;87;land;false;plains;1
14991;210;209;251;land;false;forest;1
14992;198;149;182;land;false;desert;2
14993;216;201;136;land;false;plains;2
14994;246;192;216;land;false;plains;3
14995;171;247;217;land;false;plains;8
14996;218;194;147;land;false;jungle;9
14997;249;152;250;land;false;plains;1
14998;240;133;178;land;false;mountain;1
14999;204;241;134;land;false;plains;2
15000;234;190;98;land;false;marsh;2
15001;233;194;92;land;false;plains;2
15002;219;141;226;land;false;hills;2
15003;228;206;185;land;false;forest;3
15004;220;118;169;lake;false;lakes;3
15005;126;171;250;land;false;plains;3
15006;168;186;224;land;false;plains;9
15007;189;246;138;land;false;mountain;1
15008;241;213;151;land;false;mountain;1
15009;194;199;150;land;false;plains;2
15010;207;169;228;land;false;desert;3
15011;243;225;221;land;false;desert;3
15012;232;157;200;land;false;plains;3
15013;194;161;185;land;false;urban;3
15014;189;199;177;land;false;plains;8
15015;197;222;140;land;true;plains;8
15016;232;247;126;land;true;plains;8
15017;227;170;140;land;false;plains;1
15018;189;169;201;land;false;forest;1
15019;157;212;160;land;false;mountain;2
15020;233;223;220;land;false;hills;2
15021;226;199;143;land;false;plains;2
15022;194;231;114;land;true;plains;2
15023;178;221;193;land;false;hills;3
15024;254;230;21;land;false;plains;3
15025;246;196;179;land;false;plains;9
15026;100;225;234;land;false;forest;1
15027;165;90;250;land;false;plains;2
15028;194;244;189;land;false;plains;2
15029;191;217;140;land;false;desert;3
15030;230;195;94;land;false;plains;3
15031;183;176;253;land;false;forest;3
15032;254;201;142;land;false;plains;8
15033;210;241;170;land;false;plains;9
15034;118;206;244;land;false;plains;1
15035;115;223;252;land;false;jungle;1
15036;250;235;182;land;false;desert;1
15037;221;156;238;land;false;mountain;2
15038;143;151;239;land;false;plains;3
15039;74;217;237;land;false;plains;3
15040;184;201;246;land;false;hills;3
15041;219;233;98;land;false;urban;3
15042;195;133;197;land;false;hills;8
15043;103;207;199;land;false;plains;8
15044;220;252;35;land;true;plains;8
15045;186;251;99;land;false;plains;1
15046;247;217;70;land;false;plains;1
15047;129;253;173;land;false;hills;1
15048;205;125;192;land;false;plains;1
15049;227;64;214;land;false;forest;1
15050;130;230;219;land;false;mountain;2
15051;222;232;133;land;false;hills;2
15052;197;240;82;land;false;desert;2
15053;247;231;52;land;false;mountain;3
15054;177;190;178;land;false;hills;3
15055;142;191;217;land;false;plains;3
15056;253;61;220;land;false;plains;3
15057;204;248;99;land;true;plains;8
15058;59;250;240;land;true;plains;9
15059;222;146;241;land;true;plains;7
15060;210;196;240;land;false;jungle;1
15061;201;189;194;land;false;desert;1
15062;155;214;246;land;false;plains;2
15063;190;247;99;land;false;plains;2
15064;168;248;213;land;false;desert;3
15065;42;247;246;land;false;mountain;3
15066;126;251;156;land;false;plains;3
15067;251;203;145;land;true;plains;1
15068;246;141;178;land;false;plains;1
15069;185;85;238;land;false;plains;1
15070;222;209;87;land;false;jungle;1
15071;199;253;91;land;false;mountain;1
15072;32;239;242;land;false;desert;2
15073;253;208;149;land;false;forest;3
15074;164;247;103;land;false;forest;8
15075;156;161;222;land;false;plains;1
15076;216;122;206;land;false;plains;1
15077;107;190;239;land;false;forest;1
15078;159;253;179;land;false;salt;2
15079;204;91;233;land;false;forest;3
15080;204;193;108;land;true;plains;8
15081;175;153;221;land;false;forest;9
15082;208;160;183;land;false;plains;1
15083;218;148;206;land;false;plains;2
15084;150;252;210;land;false;hills;2
15085;180;146;222;land;false;marsh;2
15086;247;112;177;land;false;desert;3
15087;183;91;235;land;false;plains;3
15088;159;221;216;land;false;marsh;3
15089;228;102;219;land;false;plains;3
15090;225;146;248;land;false;hills;8
15091;226;125;166;land;false;hills;8
15092;81;217;210;land;false;plains;8
15093;127;172;230;land;false;jungle;1
15094;171;233;173;land;false;jungle;1
15095;249;243;217;land;false;desert;1
15096;227;125;175;land;false;plains;2
15097;197;137;176;land;false;urban;2
15098;219;94;218;land;false;marsh;2
15099;143;239;184;land;false;marsh;2
15100;220;247;80;land;false;plains;2
15101;41;235;245;land;false;desert;3
15102;134;211;176;land;false;plains;3
15103;159;245;146;land;false;salt;2
15104;218;251;116;land;false;plains;2
15105;198;223;96;land;false;jungle;9
15106;144;230;137;land;false;plains;9
15107;127;200;211;land;false;mountain;2
15108;233;146;151;land;false;urban;3
15109;92;231;252;land;true;plains;8
15110;234;219;145;land;false;plains;9
15111;207;156;146;land;false;jungle;1
15112;237;248;191;land;false;plains;1
15113;159;226;196;land;false;hills;2
15114;230;42;246;land;false;hills;3
15115;254;208;122;land;false;mountain;3
15116;248;181;147;land;false;plains;1
15117;166;147;254;land;false;jungle;1
15118;241;202;120;land;false;plains;1
15119;201;190;212;land;false;plains;1
15120;209;239;62;land;false;mountain;2
15121;162;217;211;land;false;mountain;2
15122;220;233;192;land;false;desert;3
15123;71;244;254;land;false;plains;3
15124;184;174;192;land;false;plains;3
15125;147;169;250;land;false;plains;3
15126;215;225;212;land;false;plains;8
15127;253;69;195;land;false;plains;8
15128;183;167;195;land;true;plains;8
15129;245;69;196;land;false;plains;8
15130;224;219;79;land;true;plains;7
15131;202;178;169;land;false;plains;1
15132;191;235;241;land;false;jungle;3
15133;191;236;120;land;false;forest;3
15134;210;242;204;land;false;plains;3
15135;223;130;174;land;false;plains;3
15136;244;142;125;land;true;plains;8
15137;239;238;233;land;false;jungle;9
15138;67;250;203;land;false;plains;1
15139;171;164;224;land;false;mountain;2
15140;204;211;158;land;false;marsh;2
15141;227;211;148;land;false;desert;3
15142;252;193;80;land;false;forest;3
15143;161;230;159;land;false;plains;3
15144;136;161;224;land;false;hills;8
15145;161;201;165;land;false;forest;8
15146;231;67;219;land;false;plains;1
15147;244;190;96;land;false;plains;1
15148;180;250;134;land;false;forest;1
15149;227;130;165;land;false;desert;1
15150;250;201;162;land;true;plains;2
15151;42;241;245;land;false;marsh;2
15152;252;220;163;land;false;jungle;3
15153;249;221;141;land;false;forest;3
15154;202;240;176;land;false;mountain;3
15155;164;135;219;land;false;forest;3
15156;251;137;177;land;false;mountain;3
15157;192;192;140;land;false;hills;3
15158;199;233;194;land;false;forest;3
15159;205;220;106;land;false;plains;3
15160;226;243;186;land;false;plains;8
15161;189;182;164;land;false;forest;9
15162;232;236;70;land;false;plains;1
15163;164;217;187;land;false;plains;1
15164;254;251;111;land;false;plains;2
15165;230;138;189;land;false;urban;8
15166;235;230;124;land;false;hills;8
15167;250;125;234;land;false;plains;8
15168;186;204;192;land;false;plains;1
15169;193;246;231;land;false;plains;1
15170;199;110;211;land;false;plains;2
15171;108;203;221;land;false;plains;2
15172;175;124;233;land;false;plains;2
15173;238;211;86;land;false;marsh;2
15174;138;194;193;land;false;plains;2
15175;249;90;203;land;false;marsh;3
15176;115;184;222;land;false;plains;3
15177;212;141;200;land;false;plains;3
15178;198;167;182;land;false;hills;8
15179;221;250;142;land;false;forest;1
15180;217;224;81;land;false;hills;2
15181;80;239;253;land;false;urban;2
15182;220;98;243;land;false;hills;3
15183;241;203;117;land;false;forest;1
15184;205;126;203;land;false;forest;3
15185;138;209;157;land;false;plains;8
15186;188;234;181;land;false;forest;1
15187;159;134;226;land;false;hills;2
15188;173;181;148;land;false;desert;2
15189;116;202;235;land;false;plains;2
15190;253;30;221;land;false;plains;1
15191;238;158;201;land;false;jungle;1
15192;115;158;246;land;false;hills;1
15193;178;230;172;land;false;mountain;2
15194;247;251;176;land;false;plains;2
15195;194;194;189;land;false;plains;2
15196;17;240;251;land;false;hills;3
15197;236;246;81;land;false;plains;8
15198;231;189;143;land;false;plains;1
15199;194;192;193;land;false;jungle;1
15200;213;139;165;land;false;jungle;1
15201;144;204;176;land;false;mountain;1
15202;236;163;147;land;false;plains;2
15203;204;245;240;land;false;plains;2
15204;182;106;231;land;false;plains;2
15205;223;245;254;land;false;forest;8
15206;251;125;214;land;false;forest;8
15207;213;196;169;land;false;plains;9
15208;187;202;120;land;false;desert;1
15209;168;198;212;land;false;forest;1
15210;249;57;212;land;false;plains;2
15211;183;121;238;land;false;plains;2
15212;107;245;205;land;false;forest;2
15213;134;223;231;land;false;desert;3
15214;134;231;182;land;false;hills;3
15215;207;228;231;land;false;hills;3
15216;182;230;192;land;false;plains;8
15217;240;145;241;land;false;plains;1
15218;222;206;122;land;false;plains;1
15219;86;242;237;land;false;mountain;1
15220;182;242;237;land;false;mountain;1
15221;41;221;243;land;false;desert;2
15222;181;170;251;land;false;plains;2
15223;184;94;233;land;false;marsh;2
15224;248;5;251;land;false;forest;3
15225;228;152;213;land;false;hills;3
15226;185;249;146;land;false;hills;8
15227;168;154;223;land;false;hills;8
15228;187;206;139;land;true;plains;8
15229;242;220;154;land;false;forest;9
15230;213;170;130;land;false;jungle;1
15231;52;241;246;land;false;mountain;1
15232;211;204;110;land;false;desert;2
15233;231;148;226;land;false;desert;2
15234;170;171;168;land;false;urban;2
15235;210;220;159;land;false;plains;3
15236;212;172;186;land;false;forest;8
15237;252;201;83;land;false;urban;2
15238;221;60;240;land;false;plains;3
15239;253;185;123;land;false;plains;3
15240;235;196;97;land;false;hills;8
15241;179;225;146;land;false;plains;8
15242;251;222;135;land;false;desert;1
15243;237;144;123;land;false;urban;1
15244;229;203;175;land;false;plains;3
15245;215;164;184;land;false;plains;3
15246;225;171;225;land;false;plains;9
15247;227;238;112;land;false;plains;1
15248;194;213;150;land;false;desert;2
15249;244;154;212;land;false;forest;3
15250;77;251;187;land;false;plains;3
15251;181;131;246;land;false;forest;3
15252;149;247;146;land;true;plains;8
15253;145;170;199;land;false;desert;1
15254;152;249;224;land;false;mountain;1
15255;164;161;252;land;false;desert;2
15256;188;240;104;land;false;forest;3
15257;80;253;243;land;false;hills;3
15258;169;231;213;land;false;hills;8
15259;185;181;175;land;false;jungle;9
15260;151;192;199;land;true;urban;1
15261;233;251;109;land;false;plains;1
15262;161;158;247;land;false;plains;1
15263;169;250;237;land;false;plains;2
15264;182;188;132;land;false;hills;3
15265;239;174;191;land;false;plains;3
15266;230;140;235;land;false;plains;3
15267;197;177;201;land;false;hills;8
15268;32;243;242;land;false;forest;8
15269;228;110;211;land;false;plains;8
15270;128;206;179;land;false;urban;1
15271;216;244;170;land;false;plains;1
15272;247;128;239;land;false;plains;1
15273;164;243;183;land;false;mountain;1
15274;242;156;117;land;false;hills;2
15275;250;198;108;land;false;desert;2
15276;170;223;213;land;false;desert;2
15277;152;206;213;land;false;plains;2
15278;180;211;250;land;false;plains;3
15279;217;222;219;land;false;hills;3
15280;183;163;175;land;false;jungle;9
15281;83;243;178;land;false;jungle;1
15282;236;184;154;land;false;plains;1
15283;174;111;231;land;false;forest;1
15284;109;234;233;land;false;forest;2
15285;171;200;155;land;false;marsh;2
15286;98;226;212;land;false;mountain;3
15287;181;164;219;land;false;plains;8
15288;250;156;147;land;false;jungle;9
15289;234;135;183;land;false;jungle;9
15290;201;223;234;land;false;plains;9
15291;248;234;98;land;false;desert;1
15292;229;89;188;land;false;urban;1
15293;209;140;238;land;false;salt;2
15294;248;205;208;land;false;plains;2
15295;125;234;172;land;false;plains;3
15296;194;194;153;land;false;urban;8
15297;208;174;129;land;false;desert;1
15298;154;170;217;land;false;plains;2
15299;201;163;186;land;false;plains;2
15300;190;185;185;land;false;desert;3
15301;211;207;246;land;false;mountain;3
15302;220;183;231;land;false;mountain;3
15303;182;156;170;land;false;plains;8
15304;126;142;246;land;false;plains;8
15305;118;249;178;land;true;plains;8
15306;164;225;185;land;false;plains;9
15307;238;126;233;land;false;hills;1
15308;196;213;130;land;false;plains;1
15309;227;142;171;land;false;forest;1
15310;239;195;190;land;false;plains;2
15311;250;183;68;land;false;plains;2
15312;224;198;155;land;false;desert;3
15313;144;205;190;land;false;forest;3
15314;140;184;209;land;false;hills;3
15315;227;213;200;land;false;plains;3
15316;88;228;244;land;false;plains;8
15317;247;161;223;land;false;desert;2
15318;137;231;144;land;false;plains;8
15319;151;156;224;land;false;mountain;1
15320;209;243;161;land;false;salt;2
15321;232;213;127;land;false;plains;3
15322;110;206;240;land;false;plains;3
15323;132;200;244;land;false;plains;3
15324;181;213;122;land;false;plains;8
15325;171;108;238;land;false;plains;8
15326;206;242;159;land;false;desert;2
15327;220;232;110;land;false;desert;2
15328;223;248;248;land;false;plains;3
15329;127;213;214;land;false;forest;3
15330;252;84;170;land;true;plains;8
15331;219;245;249;land;false;forest;8
15332;149;186;230;land;false;mountain;9
15333;208;191;140;land;false;plains;1
15334;227;181;186;land;false;plains;1
15335;82;247;178;land;false;salt;2
15336;244;174;245;land;false;plains;8
15337;161;203;154;land;false;plains;9
15338;173;199;190;land;true;plains;7
15339;223;170;191;land;true;urban;1
15340;95;241;254;land;true;plains;1
15341;185;190;218;land;false;urban;1
15342;226;228;61;land;false;desert;1
15343;132;193;251;land;false;salt;2
15344;139;214;190;land;false;plains;2
15345;204;237;213;land;false;plains;2
15346;150;154;232;land;false;plains;2
15347;254;118;213;land;false;hills;3
15348;217;209;158;land;false;plains;1
15349;55;195;252;land;false;forest;1
15350;111;194;233;land;false;hills;1
15351;144;233;139;land;false;plains;1
15352;50;253;254;land;false;urban;1
15353;118;226;167;land;false;desert;2
15354;254;215;204;land;false;mountain;2
15355;190;169;227;land;false;jungle;3
15356;177;216;116;land;false;jungle;9
15357;92;177;238;land;false;mountain;1
15358;253;137;254;land;false;plains;2
15359;228;243;113;land;false;plains;8
15360;210;172;200;land;false;mountain;1
15361;235;253;250;land;false;plains;2
15362;225;246;191;land;false;plains;2
15363;218;184;174;land;true;plains;9
15364;168;183;193;land;false;desert;1
15365;196;222;208;land;false;hills;2
15366;236;231;228;land;false;plains;2
15367;116;212;249;land;false;hills;3
15368;199;176;156;land;true;plains;3
15369;177;119;222;land;false;plains;8
15370;165;252;223;land;false;plains;8
15371;201;146;189;land;true;plains;7
15372;248;228;28;land;false;hills;1
15373;147;224;212;land;false;hills;3
15374;129;207;204;land;false;desert;1
15375;249;39;233;land;false;desert;1
15376;217;195;170;land;false;desert;2
15377;252;239;89;land;false;desert;2
15378;210;106;208;land;false;plains;3
15379;122;244;186;land;false;plains;3
15380;213;231;134;land;false;plains;3
15381;147;212;186;land;false;plains;3
15382;197;103;230;land;false;hills;3
15383;189;113;241;land;true;plains;8
15384;254;244;122;land;false;plains;8
15385;126;244;136;land;false;plains;8
15386;165;192;165;land;false;plains;1
15387;166;252;106;land;false;desert;2
15388;153;242;124;land;false;plains;2
15389;181;128;231;land;false;forest;2
15390;205;214;106;land;false;plains;2
15391;189;221;118;land;false;plains;3
15392;184;177;147;land;true;plains;8
15393;69;231;246;land;false;plains;8
15394;219;202;99;land;false;plains;1
15395;153;220;175;land;false;plains;1
15396;39;212;254;land;false;mountain;1
15397;222;116;181;land;false;plains;8
15398;204;238;115;land;false;plains;8
15399;203;181;219;land;false;plains;8
15400;190;160;167;land;false;plains;9
15401;72;216;213;land;false;plains;1
15402;170;180;167;land;false;forest;1
15403;248;183;147;land;false;plains;1
15404;221;143;154;land;false;desert;1
15405;153;109;241;land;false;desert;2
15406;175;202;124;land;false;plains;2
15407;204;91;236;land;false;plains;3
15408;150;245;188;land;false;plains;9
15409;214;118;183;land;false;desert;1
15410;251;191;203;land;false;desert;1
15411;233;199;204;land;false;mountain;1
15412;136;200;237;land;false;plains;2
15413;230;121;245;land;false;plains;2
15414;122;250;166;land;false;forest;3
15415;233;194;156;land;false;hills;8
15416;249;175;115;land;false;plains;8
15417;192;149;193;land;true;plains;1
15418;183;237;141;land;false;desert;1
15419;232;75;195;land;false;jungle;1
15420;247;189;198;land;false;hills;1
15421;149;126;226;land;false;plains;2
15422;222;199;137;land;false;plains;2
15423;110;165;248;land;false;forest;3
15424;181;207;187;land;false;forest;3
15425;124;212;226;land;false;hills;3
15426;199;211;171;land;true;plains;8
15427;72;248;193;land;true;plains;1
15428;150;185;171;land;false;desert;1
15429;231;189;135;land;false;plains;1
15430;251;211;138;land;false;plains;3
15431;196;238;186;land;false;plains;8
15432;244;188;108;land;false;desert;1
15433;247;54;243;land;false;desert;2
15434;79;219;207;land;false;salt;2
15435;234;103;165;land;false;forest;3
15436;105;215;229;land;true;urban;8
15437;205;192;194;land;false;plains;8
15438;241;133;239;land;false;plains;1
15439;243;160;128;land;false;plains;1
15440;239;235;190;land;false;mountain;1
15441;167;211;173;land;false;mountain;2
15442;233;121;148;land;false;plains;2
15443;159;206;148;land;false;plains;2
15444;254;110;215;land;false;plains;3
15445;252;155;157;land;false;mountain;3
15446;237;253;47;land;true;plains;3
15447;163;165;193;land;false;jungle;7
15448;252;241;94;land;false;urban;1
15449;150;115;237;land;false;plains;2
15450;155;250;111;land;false;plains;2
15451;125;219;202;land;false;mountain;3
15452;170;96;242;land;false;plains;3
15453;221;216;222;land;false;plains;8
15454;186;207;131;land;false;plains;8
15455;206;137;219;land;false;plains;8
15456;223;164;226;land;false;desert;1
15457;228;143;205;land;false;plains;1
15458;92;237;178;land;false;desert;2
15459;193;75;235;land;false;hills;2
15460;107;202;227;land;false;plains;3
15461;222;192;157;land;false;plains;3
15462;217;212;161;land;false;plains;3
15463;148;225;155;land;false;plains;3
15464;251;228;188;land;false;mountain;3
15465;117;228;221;land;false;plains;8
15466;196;227;130;land;false;plains;8
15467;164;218;204;land;false;mountain;2
15468;217;226;242;land;false;desert;2
15469;212;231;203;land;false;salt;2
15470;253;139;226;land;false;jungle;3
15471;194;145;206;land;false;plains;3
15472;145;254;237;land;true;plains;9
15473;232;171;133;land;false;plains;9
15474;226;75;220;land;true;jungle;7
15475;250;150;211;land;true;jungle;7
15476;183;253;218;land;false;plains;1
15477;238;210;71;land;false;mountain;1
15478;233;182;171;land;false;plains;2
15479;179;118;213;land;false;plains;3
15480;246;227;210;land;false;hills;3
15481;244;246;65;land;false;plains;8
15482;210;250;103;land;false;plains;9
15483;49;228;254;land;false;plains;1
15484;165;235;242;land;false;desert;1
15485;217;242;201;land;false;desert;2
15486;141;249;160;land;false;plains;2
15487;243;148;153;land;false;plains;2
15488;228;248;201;land;false;urban;2
15489;231;158;238;land;false;hills;3
15490;254;87;237;land;false;forest;3
15491;228;96;184;land;false;plains;8
15492;229;156;136;land;false;plains;9
15493;196;218;236;land;false;desert;1
15494;221;247;209;land;false;desert;1
15495;171;220;134;land;false;hills;1
15496;178;211;234;land;false;desert;1
15497;95;252;191;land;false;desert;3
15498;235;211;144;land;false;forest;3
15499;243;96;246;land;false;plains;3
15500;174;202;167;land;false;plains;3
15501;208;248;207;land;false;hills;3
15502;226;24;253;land;false;forest;8
15503;176;154;243;land;false;plains;8
15504;203;83;239;land;false;desert;1
15505;196;188;214;land;false;hills;1
15506;138;143;234;land;false;forest;3
15507;186;240;224;land;false;plains;8
15508;231;218;204;land;false;plains;8
15509;154;240;222;land;false;jungle;9
15510;52;240;230;land;true;desert;7
15511;245;215;160;land;false;plains;7
15512;83;241;181;land;false;plains;1
15513;249;234;48;land;false;plains;3
15514;246;185;236;land;false;plains;3
15515;200;206;209;land;true;plains;7
15516;232;149;229;land;true;forest;1
15517;243;138;159;land;false;desert;1
15518;203;186;126;land;false;desert;2
15519;231;73;203;land;false;desert;2
15520;206;199;102;land;false;desert;3
15521;199;239;109;land;false;plains;3
15522;111;229;167;land;false;marsh;1
15523;243;208;74;land;false;desert;1
15524;239;175;121;land;false;mountain;2
15525;212;219;103;land;false;desert;2
15526;186;137;193;land;false;forest;2
15527;254;239;211;land;false;desert;3
15528;247;96;216;land;false;forest;3
15529;207;251;131;land;false;desert;1
15530;245;231;205;land;false;desert;1
15531;250;117;140;land;false;urban;2
15532;171;167;253;land;false;plains;2
15533;190;144;251;land;false;plains;2
15534;33;249;232;land;false;lakes;3
15535;248;148;120;land;false;plains;3
15536;162;187;156;land;true;hills;8
15537;118;244;149;land;false;plains;8
15538;245;227;175;land;false;plains;1
15539;177;168;243;land;false;jungle;1
15540;204;245;133;land;false;desert;1
15541;231;231;152;land;false;plains;2
15542;147;190;169;land;false;plains;2
15543;113;221;228;land;false;plains;3
15544;220;211;187;land;false;plains;3
15545;234;185;233;land;false;plains;3
15546;167;221;156;land;false;plains;9
15547;228;205;153;land;false;forest;9
15548;245;103;219;land;false;mountain;7
15549;115;226;239;land;false;jungle;7
15550;153;246;110;land;true;hills;1
15551;152;243;112;land;true;desert;1
15552;244;163;175;land;false;jungle;1
15553;208;112;221;land;false;marsh;1
15554;198;219;254;land;false;salt;2
15555;160;225;146;land;false;jungle;3
15556;251;196;138;land;false;plains;8
15557;251;28;232;land;false;plains;8
15558;233;106;236;land;false;desert;2
15559;189;235;88;land;false;plains;2
15560;91;239;253;land;false;desert;3
15561;138;137;230;land;false;plains;3
15562;178;198;157;land;false;forest;3
15563;217;93;224;land;false;plains;3
15564;97;219;215;land;false;hills;3
15565;210;172;119;land;false;plains;3
15566;217;225;102;land;true;hills;8
15567;248;177;211;land;false;plains;8
15568;92;249;216;land;false;jungle;9
15569;232;100;240;land;false;plains;1
15570;243;158;162;land;false;desert;1
15571;170;199;169;land;false;hills;1
15572;128;154;250;land;false;urban;1
15573;129;168;213;land;false;desert;2
15574;114;224;248;land;false;plains;3
15575;240;234;35;land;false;plains;3
15576;237;233;155;land;false;mountain;7
15577;147;226;129;land;false;forest;1
15578;196;188;145;land;false;plains;1
15579;124;187;228;land;false;desert;1
15580;214;170;171;land;false;desert;1
15581;156;145;240;land;false;salt;2
15582;238;216;128;land;false;plains;2
15583;170;246;210;land;false;hills;2
15584;207;63;238;land;false;desert;3
15585;175;197;209;land;true;desert;7
15586;126;149;245;land;false;desert;7
15587;203;171;241;land;false;desert;2
15588;219;190;244;land;false;hills;8
15589;227;212;201;land;false;plains;8
15590;209;192;139;land;false;mountain;9
15591;187;236;85;land;true;desert;1
15592;197;218;196;land;false;hills;3
15593;251;243;64;land;false;mountain;8
15594;217;159;202;land;false;plains;9
15595;210;239;54;land;false;desert;7
15596;137;226;213;land;false;marsh;1
15597;213;119;241;land;false;desert;2
15598;220;97;199;land;false;desert;2
15599;181;163;163;land;false;hills;2
15600;123;201;254;land;false;mountain;2
15601;223;165;190;land;false;plains;2
15602;199;229;80;land;false;desert;3
15603;86;241;225;land;false;mountain;3
15604;215;228;75;land;false;jungle;9
15605;161;180;236;land;true;urban;1
15606;210;152;186;land;false;urban;1
15607;97;194;244;land;false;mountain;1
15608;244;171;128;land;false;plains;2
15609;188;253;83;land;false;plains;2
15610;178;182;247;land;false;forest;3
15611;125;182;217;land;false;plains;3
15612;153;224;182;land;false;plains;3
15613;167;184;160;land;false;plains;3
15614;221;110;226;land;false;plains;3
15615;251;186;99;land;false;marsh;1
15616;173;185;175;land;false;hills;1
15617;182;114;248;land;false;desert;2
15618;107;203;228;land;false;plains;2
15619;217;251;60;land;false;forest;2
15620;166;239;145;land;false;forest;2
15621;217;184;115;land;false;plains;3
15622;210;232;132;land;false;plains;3
15623;160;209;166;land;false;plains;3
15624;173;221;211;land;false;plains;3
15625;168;201;190;land;true;plains;8
15626;202;47;252;land;false;plains;9
15627;172;218;147;land;false;plains;7
15628;133;248;212;land;false;mountain;7
15629;82;220;253;land;false;mountain;7
15630;240;189;162;land;false;marsh;1
15631;87;196;226;land;false;desert;1
15632;189;227;124;land;false;plains;3
15633;190;176;202;land;false;plains;8
15634;154;235;115;land;false;forest;9
15635;204;70;234;land;true;plains;9
15636;189;94;236;land;false;mountain;7
15637;209;102;248;land;false;mountain;2
15638;162;212;207;land;false;salt;2
15639;138;253;142;land;false;plains;2
15640;224;206;116;land;false;plains;3
15641;143;253;130;land;false;plains;3
15642;188;216;123;land;false;hills;3
15643;205;118;201;land;false;hills;3
15644;115;151;235;land;false;plains;2
15645;234;159;130;land;false;plains;3
15646;236;125;179;land;false;plains;3
15647;191;215;139;land;false;jungle;9
15648;186;240;134;land;false;jungle;1
15649;176;122;219;land;false;desert;2
15650;206;190;202;land;false;salt;2
15651;245;148;190;land;false;plains;3
15652;252;143;169;land;true;desert;7
15653;159;251;154;land;false;mountain;7
15654;249;214;134;land;true;desert;7
15655;232;185;137;land;true;desert;1
15656;220;214;81;land;false;marsh;1
15657;164;157;207;land;false;hills;1
15658;248;230;225;land;false;desert;1
15659;229;188;141;land;false;desert;2
15660;223;243;246;land;false;desert;2
15661;190;146;232;land;false;plains;2
15662;229;61;222;land;false;desert;3
15663;187;237;95;land;false;plains;3
15664;224;127;245;land;false;hills;8
15665;226;228;119;land;false;plains;9
15666;214;73;239;land;true;desert;7
15667;120;240;219;land;false;mountain;1
15668;114;210;198;land;false;plains;2
15669;199;204;123;land;false;plains;2
15670;202;67;244;land;false;plains;3
15671;253;167;179;land;false;plains;8
15672;214;173;163;land;false;mountain;9
15673;254;5;252;land;false;plains;9
15674;113;215;173;land;true;plains;1
15675;248;190;102;land;false;desert;1
15676;73;213;246;land;false;urban;1
15677;242;181;133;land;false;mountain;2
15678;140;169;232;land;false;desert;2
15679;172;233;158;land;false;forest;2
15680;206;216;91;land;false;plains;3
15681;243;92;219;land;false;forest;8
15682;226;244;95;land;false;jungle;9
15683;182;235;181;land;true;plains;7
15684;84;196;223;land;false;desert;1
15685;222;101;183;land;false;plains;2
15686;254;166;213;land;false;plains;3
15687;222;219;108;land;false;plains;3
15688;130;244;148;land;false;plains;3
15689;228;165;143;land;false;forest;8
15690;200;117;251;land;true;plains;1
15691;225;103;248;land;true;desert;1
15692;196;251;219;land;false;hills;1
15693;211;198;249;land;false;desert;2
15694;158;211;217;land;false;desert;2
15695;221;177;104;land;false;plains;2
15696;114;193;212;land;false;desert;3
15697;252;125;235;land;false;hills;3
15698;192;163;177;land;false;jungle;9
15699;141;228;201;land;false;jungle;7
15700;176;218;212;land;false;mountain;1
15701;161;162;250;land;false;plains;2
15702;246;247;70;land;true;plains;7
15703;254;55;192;land;false;plains;1
15704;170;223;130;land;false;desert;1
15705;243;168;207;land;false;desert;1
15706;191;251;160;land;false;desert;3
15707;210;195;118;land;false;hills;3
15708;253;155;200;land;false;forest;8
15709;246;219;227;land;false;plains;8
15710;194;201;152;land;false;jungle;9
15711;223;179;203;land;true;desert;7
15712;163;246;119;land;false;mountain;7
15713;191;89;237;land;false;marsh;1
15714;50;243;243;land;false;mountain;3
15715;219;191;231;land;false;plains;3
15716;235;217;172;land;false;forest;9
15717;203;191;250;land;false;plains;9
15718;232;155;166;land;false;jungle;1
15719;222;170;179;land;false;desert;2
15720;231;169;145;land;false;desert;2
15721;242;234;108;land;false;hills;3
15722;236;201;194;land;false;urban;3
15723;168;232;133;land;false;forest;8
15724;201;179;238;land;true;plains;1
15725;234;201;195;land;false;desert;1
15726;247;238;43;land;false;desert;2
15727;175;252;186;land;true;plains;8
15728;207;182;251;land;false;plains;9
15729;251;218;178;land;false;mountain;1
15730;122;159;225;land;false;mountain;1
15731;219;228;125;land;false;hills;2
15732;74;204;229;land;false;desert;2
15733;177;195;232;land;false;desert;2
15734;42;243;239;land;false;forest;2
15735;87;239;213;land;false;desert;3
15736;84;181;245;land;false;mountain;3
15737;178;117;225;land;false;plains;3
15738;209;173;237;land;false;hills;3
15739;206;178;231;land;true;plains;1
15740;161;197;151;land;false;mountain;1
15741;199;248;74;land;false;mountain;1
15742;242;182;191;land;false;plains;3
15743;156;247;100;land;false;forest;8
15744;250;248;251;land;false;desert;1
15745;216;219;244;land;false;desert;2
15746;153;155;231;land;false;plains;2
15747;236;124;208;land;false;plains;2
15748;199;218;125;land;false;plains;2
15749;210;206;158;land;false;forest;3
15750;234;100;193;land;false;mountain;3
15751;190;249;142;land;false;mountain;3
15752;143;197;231;land;false;marsh;9
15753;194;157;209;land;false;desert;1
15754;180;209;188;land;false;desert;1
15755;226;164;198;land;false;plains;2
15756;237;178;87;land;false;mountain;3
15757;128;197;187;land;false;plains;3
15758;124;241;221;land;false;hills;3
15759;230;111;167;land;false;plains;3
15760;175;125;249;land;false;plains;8
15761;238;218;208;land;false;plains;8
15762;108;216;228;land;true;plains;8
15763;232;208;201;land;false;jungle;7
15764;191;232;100;land;false;hills;1
15765;209;164;154;land;false;hills;2
15766;227;223;143;land;false;desert;2
15767;207;120;190;land;false;desert;2
15768;151;185;195;land;false;plains;2
15769;134;135;246;land;false;urban;3
15770;184;194;244;land;false;plains;8
15771;249;238;49;land;false;jungle;7
15772;192;239;72;land;true;plains;7
15773;196;202;223;land;false;jungle;1
15774;113;241;171;land;false;desert;2
15775;251;191;159;land;false;desert;2
15776;236;188;104;land;false;plains;2
15777;173;179;252;land;false;hills;3
15778;164;160;253;land;false;plains;3
15779;200;245;98;land;false;plains;8
15780;184;174;217;land;false;jungle;9
15781;251;138;220;land;false;plains;9
15782;220;218;114;land;true;urban;7
15783;185;132;233;land;false;mountain;7
15784;246;188;237;land;true;plains;1
15785;171;252;148;land;false;mountain;2
15786;158;169;199;land;false;marsh;2
15787;169;159;197;land;false;mountain;3
15788;107;225;223;land;false;hills;3
15789;110;230;181;land;false;plains;9
15790;134;153;227;land;false;mountain;7
15791;236;226;242;land;false;plains;7
15792;245;241;179;land;false;jungle;1
15793;201;144;160;land;false;urban;3
15794;214;177;157;land;false;urban;3
15795;150;228;227;land;false;plains;8
15796;242;162;217;land;true;plains;9
15797;162;227;147;land;false;desert;2
15798;234;130;192;land;false;desert;2
15799;219;188;217;land;false;plains;2
15800;246;189;219;land;false;plains;3
15801;104;224;221;land;false;hills;3
15802;117;251;247;land;false;mountain;7
15803;184;152;174;land;false;hills;1
15804;172;176;208;land;false;desert;1
15805;175;206;245;land;false;hills;3
15806;83;234;205;land;false;forest;8
15807;114;246;224;land;false;marsh;9
15808;226;142;207;land;false;jungle;9
15809;239;32;246;land;true;urban;1
15810;163;170;172;land;false;marsh;1
15811;108;206;204;land;false;plains;2
15812;190;130;203;land;false;plains;2
15813;226;114;235;land;false;plains;2
15814;229;191;196;land;false;forest;3
15815;152;237;200;land;false;plains;3
15816;144;165;198;land;false;hills;3
15817;213;229;187;land;true;plains;9
15818;237;182;116;land;false;marsh;9
15819;236;120;213;land;false;jungle;1
15820;191;245;205;land;false;desert;3
15821;167;156;216;land;false;forest;3
15822;179;240;204;land;false;plains;8
15823;85;226;218;land;false;desert;1
15824;214;202;204;land;false;forest;3
15825;190;175;252;land;false;forest;3
15826;169;147;216;land;false;plains;3
15827;117;241;231;land;false;urban;3
15828;253;140;164;land;true;plains;8
15829;205;189;215;land;false;forest;9
15830;226;134;160;land;false;jungle;7
15831;182;140;204;land;false;desert;1
15832;214;208;104;land;false;jungle;1
15833;56;224;226;land;false;desert;1
15834;219;208;179;land;false;desert;2
15835;247;121;222;land;false;desert;2
15836;124;244;218;land;false;plains;2
15837;154;135;241;land;false;plains;3
15838;248;175;191;land;false;desert;3
15839;125;241;205;land;false;plains;8
15840;126;159;223;land;false;jungle;9
15841;234;149;247;land;false;desert;1
15842;243;28;238;land;false;desert;1
15843;161;188;244;land;false;desert;2
15844;181;228;176;land;false;desert;2
15845;245;28;239;land;false;plains;2
15846;220;165;199;land;false;forest;3
15847;183;202;122;land;true;urban;3
15848;190;230;241;land;false;forest;9
15849;102;251;224;land;false;jungle;7
15850;252;218;39;land;false;jungle;7
15851;98;215;241;land;false;desert;1
15852;237;213;240;land;false;desert;1
15853;177;208;224;land;false;desert;1
15854;216;153;176;land;false;forest;2
15855;240;17;251;land;false;mountain;3
15856;179;224;225;land;false;urban;3
15857;192;206;214;land;false;marsh;9
15858;247;245;56;land;false;jungle;9
15859;248;163;142;land;false;jungle;9
15860;105;181;223;land;false;desert;2
15861;163;253;243;land;false;desert;2
15862;254;251;10;land;false;hills;3
15863;150;186;175;land;false;jungle;9
15864;167;217;213;land;false;jungle;9
15865;140;253;251;land;true;plains;7
15866;216;250;234;land;false;mountain;7
15867;116;183;248;land;false;jungle;1
15868;188;80;249;land;false;plains;2
15869;177;126;198;land;false;desert;3
15870;176;123;239;land;true;plains;3
15871;165;226;131;land;true;plains;9
15872;174;252;253;land;true;jungle;9
15873;253;206;174;land;true;jungle;7
15874;170;230;245;land;false;mountain;1
15875;178;230;242;land;false;mountain;2
15876;121;160;251;land;false;plains;2
15877;246;209;165;land;false;urban;3
15878;198;250;144;land;false;plains;3
15879;164;215;126;land;true;plains;3
15880;218;193;200;land;false;plains;8
15881;232;88;219;land;false;desert;7
15882;169;158;226;land;true;plains;7
15883;96;232;219;land;false;marsh;2
15884;220;120;249;land;false;plains;3
15885;88;231;217;land;false;hills;3
15886;220;202;86;land;false;plains;3
15887;156;253;219;land;false;desert;2
15888;205;142;201;land;false;forest;3
15889;107;182;220;land;false;forest;3
15890;244;177;221;land;false;plains;3
15891;160;122;234;land;false;plains;3
15892;214;173;225;land;false;forest;3
15893;84;231;226;land;false;plains;8
15894;185;210;141;land;true;plains;9
15895;239;181;99;land;false;jungle;7
15896;202;216;112;land;true;jungle;7
15897;91;233;211;land;true;plains;7
15898;242;168;104;land;false;desert;1
15899;137;214;160;land;false;desert;1
15900;239;153;183;land;false;desert;1
15901;215;224;144;land;false;mountain;1
15902;180;193;172;land;false;plains;2
15903;161;224;159;land;false;plains;3
15904;240;253;150;land;false;plains;8
15905;225;118;215;land;false;plains;8
15906;243;74;216;land;false;plains;8
15907;209;174;231;land;true;jungle;7
15908;148;120;242;land;false;jungle;1
15909;114;242;210;land;false;desert;2
15910;194;218;223;land;false;urban;3
15911;104;239;172;land;false;plains;3
15912;202;249;162;land;false;forest;8
15913;249;215;143;land;false;marsh;9
15914;221;219;151;land;false;forest;9
15915;241;137;157;land;false;desert;1
15916;108;250;179;land;false;desert;1
15917;201;239;167;land;false;hills;1
15918;250;250;173;land;false;mountain;1
15919;222;228;164;land;false;desert;2
15920;201;215;188;land;false;desert;2
15921;233;223;141;land;false;plains;2
15922;123;152;233;land;false;mountain;3
15923;127;254;218;land;false;plains;3
15924;230;237;112;land;false;desert;1
15925;194;164;253;land;false;desert;1
15926;217;239;83;land;false;mountain;2
15927;187;233;143;land;false;hills;3
15928;174;174;252;land;true;plains;3
15929;129;251;230;land;false;plains;2
15930;249;57;254;land;false;plains;8
15931;248;251;11;land;false;jungle;9
15932;197;150;182;land;false;hills;1
15933;237;244;110;land;false;plains;2
15934;250;50;211;land;false;plains;2
15935;252;175;143;land;false;plains;2
15936;228;183;156;land;false;plains;2
15937;32;247;227;land;false;marsh;2
15938;121;217;210;land;false;marsh;2
15939;131;163;237;land;true;plains;3
15940;240;246;233;land;false;mountain;1
15941;247;170;201;land;false;desert;3
15942;201;125;187;land;false;plains;3
15943;183;137;184;land;true;plains;8
15944;182;149;208;land;false;hills;1
15945;149;244;239;land;false;plains;2
15946;224;219;178;land;false;marsh;2
15947;167;220;125;land;false;marsh;2
15948;237;234;78;land;false;forest;3
15949;130;206;238;land;false;plains;8
15950;184;221;155;land;false;marsh;1
15951;135;234;149;land;false;plains;3
15952;253;140;192;land;false;forest;3
15953;198;151;196;land;false;plains;3
15954;201;189;252;land;true;plains;3
15955;106;198;203;land;true;plains;9
15956;213;192;136;land;true;desert;7
15957;154;214;240;land;false;jungle;7
15958;234;126;162;land;false;marsh;1
15959;219;74;215;land;false;mountain;1
15960;99;199;211;land;false;plains;2
15961;48;223;251;land;false;forest;3
15962;161;226;246;land;false;plains;3
15963;160;243;211;land;false;plains;3
15964;254;220;108;land;true;jungle;7
15965;229;253;228;land;false;desert;1
15966;254;232;73;land;false;mountain;1
15967;204;58;241;land;false;desert;1
15968;193;197;131;land;false;desert;2
15969;243;111;171;land;false;plains;2
15970;226;205;144;land;false;plains;2
15971;222;137;250;land;false;mountain;3
15972;203;126;193;land;false;mountain;3
15973;198;192;232;land;true;urban;3
15974;222;241;233;land;true;plains;3
15975;246;233;176;land;false;plains;8
15976;131;148;227;land;false;hills;8
15977;225;222;159;land;false;plains;9
15978;158;219;190;land;false;forest;9
15979;191;216;205;land;false;mountain;1
15980;212;55;236;land;false;forest;3
15981;147;241;228;land;true;plains;9
15982;252;208;190;land;false;desert;1
15983;191;111;223;land;false;desert;2
15984;240;163;129;land;false;desert;2
15985;220;142;253;land;false;plains;3
15986;125;207;241;land;true;plains;3
15987;242;224;40;land;false;mountain;1
15988;202;197;193;land;false;plains;2
15989;144;214;163;land;false;marsh;2
15990;209;93;224;land;false;marsh;2
15991;127;197;233;land;false;plains;3
15992;227;180;177;land;false;mountain;3
15993;183;225;110;land;false;urban;3
15994;222;227;86;land;false;plains;8
15995;236;203;202;land;false;plains;8
15996;215;210;133;land;false;hills;1
15997;207;156;253;land;false;desert;2
15998;198;231;206;land;false;urban;2
15999;214;250;47;land;false;plains;2
16000;238;217;243;land;false;plains;2
16001;232;118;236;land;false;marsh;2
16002;80;220;233;land;true;urban;3
16003;195;126;223;land;false;forest;8
16004;150;178;235;land;false;jungle;9
16005;156;187;193;land;false;jungle;9
16006;95;171;247;land;true;desert;1
16007;250;249;212;land;false;hills;1
16008;188;209;197;land;false;mountain;3
16009;254;80;252;land;false;forest;3
16010;109;241;239;land;true;plains;3
16011;215;76;217;land;false;marsh;9
16012;228;236;196;land;false;jungle;1
16013;204;200;240;land;false;desert;2
16014;237;230;119;land;false;desert;2
16015;235;173;223;land;false;plains;3
16016;226;213;74;lake;false;lakes;3
16017;181;169;250;land;false;mountain;3
16018;169;153;248;land;false;forest;3
16019;187;149;178;land;false;forest;3
16020;236;148;174;land;true;urban;7
16021;162;98;248;land;false;jungle;1
16022;100;186;228;land;false;desert;1
16023;233;105;184;land;false;desert;2
16024;224;170;251;land;false;plains;3
16025;219;105;229;land;false;plains;8
16026;47;231;252;land;false;mountain;2
16027;213;187;157;land;false;desert;2
16028;175;182;146;land;false;plains;2
16029;237;228;156;land;false;desert;3
16030;215;149;250;land;true;forest;3
16031;250;229;56;land;true;plains;3
16032;240;100;220;land;false;forest;8
16033;240;250;15;land;false;hills;8
16034;60;236;231;land;false;hills;1
16035;234;148;254;land;false;mountain;2
16036;238;64;207;land;false;hills;3
16037;127;201;197;land;false;jungle;9
16038;244;181;222;land;true;plains;7
16039;202;119;236;land;false;mountain;1
16040;155;243;118;land;false;urban;1
16041;184;155;198;land;false;forest;3
16042;200;216;142;land;false;hills;8
16043;197;231;220;land;false;jungle;9
16044;163;234;186;land;false;desert;1
16045;201;252;228;land;false;plains;2
16046;170;213;172;land;false;plains;8
16047;183;207;160;land;true;forest;9
16048;232;195;201;land;true;plains;7
16049;250;77;253;land;false;desert;1
16050;198;151;165;land;false;desert;2
16051;215;191;188;land;false;desert;2
16052;210;113;233;land;false;plains;2
16053;249;81;250;land;false;marsh;2
16054;245;199;214;land;true;plains;3
16055;233;247;252;land;false;desert;2
16056;105;229;251;land;false;plains;2
16057;192;178;194;land;false;mountain;3
16058;171;199;136;land;false;forest;3
16059;206;217;118;land;false;mountain;3
16060;144;182;218;land;false;forest;8
16061;249;226;78;land;false;plains;8
16062;245;103;159;land;false;jungle;9
16063;207;80;250;land;true;hills;7
16064;230;249;109;land;false;marsh;1
16065;223;207;81;land;false;desert;2
16066;188;235;249;land;false;plains;2
16067;249;223;188;land;false;hills;3
16068;240;213;185;land;true;plains;7
16069;240;203;59;land;false;desert;2
16070;175;246;127;land;false;desert;2
16071;123;253;187;land;false;forest;2
16072;145;241;252;land;false;mountain;3
16073;162;166;199;land;false;forest;3
16074;252;116;237;land;false;desert;2
16075;217;181;187;land;false;desert;2
16076;103;195;216;land;false;plains;2
16077;225;155;205;land;false;plains;2
16078;205;247;90;land;false;forest;3
16079;162;204;182;land;false;forest;3
16080;223;129;207;land;true;plains;3
16081;182;247;82;land;false;urban;3
16082;107;242;215;land;false;jungle;9
16083;146;235;122;land;false;mountain;1
16084;124;248;220;land;false;plains;2
16085;75;203;224;land;false;plains;3
16086;179;234;115;land;false;hills;3
16087;56;209;252;land;true;mountain;7
16088;207;169;250;land;false;hills;2
16089;151;173;196;land;true;urban;3
16090;238;239;69;land;true;plains;8
16091;202;215;155;land;false;hills;8
16092;214;222;115;land;true;forest;9
16093;229;190;228;land;false;mountain;7
16094;238;233;85;land;false;mountain;1
16095;176;226;234;land;false;desert;2
16096;132;177;200;land;false;desert;2
16097;224;231;166;land;false;plains;2
16098;210;150;209;land;false;plains;2
16099;244;153;168;land;false;plains;2
16100;224;128;205;land;false;mountain;1
16101;152;193;206;land;false;plains;2
16102;247;141;184;land;true;plains;8
16103;246;146;123;land;false;jungle;9
16104;164;251;184;land;true;urban;7
16105;58;219;233;land;false;desert;1
16106;239;107;185;land;false;hills;1
16107;137;176;224;land;false;mountain;2
16108;171;182;241;land;false;hills;3
16109;183;147;236;land;false;plains;3
16110;227;230;216;land;false;plains;3
16111;153;250;238;land;false;plains;8
16112;109;239;199;land;false;jungle;9
16113;241;201;228;land;false;hills;7
16114;163;194;244;land;true;plains;7
16115;231;94;179;land;false;hills;7
16116;204;163;176;land;false;desert;1
16117;243;238;72;land;false;desert;2
16118;233;204;231;land;false;hills;2
16119;227;137;250;land;false;desert;2
16120;212;188;135;land;false;desert;2
16121;177;232;230;land;false;plains;3
16122;113;248;176;land;false;plains;3
16123;127;209;180;land;false;hills;8
16124;213;208;85;land;false;plains;7
16125;121;211;226;land;false;desert;2
16126;135;156;253;land;true;mountain;3
16127;191;215;160;land;false;hills;8
16128;103;239;197;land;false;jungle;9
16129;109;227;222;land;false;desert;2
16130;245;187;235;land;false;plains;2
16131;156;204;190;land;false;plains;2
16132;239;217;191;land;false;forest;3
16133;225;144;232;land;false;plains;8
16134;204;214;134;land;false;marsh;1
16135;235;71;252;land;false;mountain;1
16136;243;157;207;land;false;desert;2
16137;136;205;248;land;false;forest;2
16138;151;243;208;land;false;mountain;3
16139;148;197;163;land;false;urban;3
16140;147;238;252;land;false;jungle;9
16141;234;135;203;land;false;mountain;3
16142;139;215;231;land;true;plains;3
16143;173;244;243;land;false;plains;8
16144;220;222;97;land;false;plains;7
16145;177;228;131;land;false;desert;2
16146;248;127;218;land;false;mountain;2
16147;189;210;244;land;false;desert;2
16148;105;212;195;land;false;mountain;3
16149;225;227;138;land;false;mountain;3
16150;230;198;192;land;false;plains;8
16151;115;236;170;land;false;jungle;9
16152;23;253;226;land;false;jungle;1
16153;214;154;168;land;false;jungle;9
16154;162;181;189;land;false;desert;2
16155;119;214;204;land;false;desert;2
16156;202;243;187;land;false;marsh;2
16157;211;82;253;land;false;plains;2
16158;93;241;212;land;false;forest;3
16159;175;205;170;land;false;jungle;9
16160;254;107;220;land;false;mountain;7
16161;211;181;168;land;false;desert;2
16162;179;186;230;land;false;desert;2
16163;127;175;216;land;false;plains;2
16164;152;185;206;land;false;mountain;3
16165;157;236;186;land;false;jungle;9
16166;135;230;220;land;false;desert;1
16167;215;201;179;land;false;urban;2
16168;138;225;197;land;false;hills;3
16169;148;206;178;land;true;plains;3
16170;204;200;224;land;false;plains;8
16171;145;253;123;land;true;mountain;7
16172;79;213;211;land;false;desert;2
16173;248;73;186;land;false;mountain;3
16174;99;198;241;land;true;mountain;3
16175;201;228;210;land;false;plains;9
16176;252;89;197;land;false;mountain;1
16177;249;144;247;land;false;urban;2
16178;183;189;165;land;false;jungle;9
16179;235;221;89;land;false;urban;1
16180;237;96;223;land;false;desert;1
16181;87;232;247;land;false;desert;2
16182;205;185;164;land;false;plains;2
16183;198;223;142;land;false;plains;2
16184;139;236;223;land;false;plains;2
16185;147;165;238;land;false;forest;3
16186;176;212;165;land;true;urban;3
16187;74;222;245;land;false;plains;8
16188;162;130;242;land;false;jungle;1
16189;214;231;169;land;false;mountain;1
16190;220;155;234;land;false;desert;2
16191;114;239;244;land;false;mountain;3
16192;211;149;226;land;false;hills;3
16193;91;192;228;land;false;jungle;9
16194;121;230;193;land;false;jungle;9
16195;188;254;227;land;false;hills;1
16196;110;154;248;land;false;mountain;2
16197;249;72;213;land;false;mountain;3
16198;240;159;227;land;false;forest;8
16199;92;212;199;land;false;hills;8
16200;224;88;199;land;false;plains;8
16201;191;216;170;land;false;plains;8
16202;240;128;244;land;false;jungle;9
16203;240;113;208;land;false;forest;9
16204;254;143;116;land;false;marsh;1
16205;159;214;152;land;false;hills;1
16206;147;225;215;land;false;desert;2
16207;236;68;241;land;false;plains;3
16208;230;249;93;land;false;hills;8
16209;234;76;229;land;false;desert;1
16210;188;244;147;land;false;desert;2
16211;124;203;240;land;false;desert;2
16212;232;110;208;land;false;forest;3
16213;240;223;89;land;false;mountain;3
16214;174;120;240;land;false;urban;8
16215;236;244;112;land;false;jungle;1
16216;179;207;117;land;false;desert;1
16217;176;106;248;land;false;desert;2
16218;96;220;203;land;false;desert;2
16219;177;151;234;land;false;desert;2
16220;218;234;174;land;false;plains;2
16221;109;195;232;land;false;jungle;9
16222;246;166;185;land;true;plains;9
16223;236;201;91;land;false;forest;2
16224;166;196;168;land;false;mountain;3
16225;183;226;93;land;false;forest;8
16226;221;167;201;land;true;plains;9
16227;152;169;200;land;false;forest;7
16228;133;239;177;land;false;jungle;1
16229;208;233;122;land;false;plains;3
16230;186;225;184;land;false;forest;3
16231;175;182;174;land;false;plains;8
16232;205;223;81;land;false;plains;8
16233;205;126;205;land;false;jungle;9
16234;199;165;153;land;true;hills;7
16235;239;205;178;land;true;desert;1
16236;220;254;241;land;false;jungle;1
16237;79;181;254;land;false;hills;1
16238;242;111;187;land;false;mountain;1
16239;230;101;210;land;false;desert;2
16240;50;249;216;land;false;desert;2
16241;97;171;247;land;false;urban;2
16242;110;179;242;land;false;plains;2
16243;148;240;217;land;false;forest;2
16244;69;254;214;land;true;urban;3
16245;246;126;220;land;false;hills;8
16246;226;180;240;land;false;plains;8
16247;229;241;68;land;false;jungle;9
16248;235;94;232;land;false;mountain;1
16249;223;237;237;land;false;desert;1
16250;243;102;242;land;false;desert;2
16251;236;211;129;land;false;desert;2
16252;238;164;168;land;false;jungle;9
16253;180;94;233;land;false;desert;2
16254;251;245;57;land;false;jungle;9
16255;228;201;185;land;false;jungle;9
16256;187;248;142;land;false;jungle;9
16257;224;134;206;land;true;mountain;7
16258;217;156;189;land;false;marsh;1
16259;25;254;249;land;false;desert;2
16260;174;252;139;land;false;forest;3
16261;153;178;238;land;true;plains;3
16262;137;231;165;land;false;hills;7
16263;229;233;44;land;false;desert;2
16264;211;151;242;land;false;desert;2
16265;48;252;249;land;false;plains;2
16266;68;206;236;land;false;forest;3
16267;250;180;74;land;false;mountain;3
16268;187;253;216;land;false;hills;8
16269;224;197;240;land;false;plains;8
16270;176;191;230;land;false;jungle;9
16271;238;150;227;land;false;plains;7
16272;174;250;102;land;true;plains;7
16273;219;231;108;land;false;marsh;1
16274;245;254;94;land;false;desert;2
16275;184;181;197;land;false;desert;2
16276;184;204;239;land;true;plains;3
16277;253;206;94;land;false;hills;8
16278;88;219;206;land;true;plains;8
16279;248;162;224;land;false;forest;7
16280;237;134;210;land;true;desert;1
16281;245;186;122;land;false;marsh;1
16282;202;195;185;land;false;mountain;1
16283;165;185;176;land;false;plains;2
16284;114;171;249;land;false;hills;3
16285;14;241;249;land;false;mountain;3
16286;119;197;200;land;false;forest;8
16287;227;212;76;land;false;desert;2
16288;208;232;190;land;false;plains;2
16289;112;236;190;land;false;forest;3
16290;220;219;176;land;false;hills;8
16291;248;137;191;land;false;plains;8
16292;142;163;241;land;true;plains;9
16293;198;203;194;land;false;jungle;9
16294;251;254;189;land;true;hills;7
16295;253;178;199;land;false;jungle;1
16296;241;36;235;land;false;desert;2
16297;199;252;182;land;false;plains;2
16298;186;201;179;land;false;plains;2
16299;193;189;238;land;false;jungle;9
16300;202;249;166;land;false;mountain;1
16301;174;239;207;land;false;desert;1
16302;215;82;225;land;false;desert;2
16303;209;140;212;land;false;urban;2
16304;248;119;213;land;false;jungle;9
16305;252;236;17;land;true;hills;7
16306;124;198;198;land;true;hills;7
16307;222;108;187;land;false;forest;7
16308;233;40;238;land;true;plains;7
16309;167;205;174;land;false;plains;2
16310;84;233;233;land;false;plains;2
16311;225;162;197;land;true;urban;3
16312;83;224;218;land;false;plains;2
16313;154;198;179;land;false;hills;8
16314;128;198;239;land;false;jungle;9
16315;243;130;153;land;false;plains;7
16316;113;195;249;land;false;desert;2
16317;233;205;216;land;false;desert;2
16318;200;225;189;land;false;desert;2
16319;212;230;235;land;false;plains;2
16320;201;253;136;land;false;hills;3
16321;252;237;145;land;false;jungle;9
16322;188;242;178;land;false;desert;2
16323;148;242;219;land;false;desert;2
16324;244;219;217;land;false;desert;2
16325;238;174;117;land;false;plains;2
16326;177;175;220;land;false;hills;8
16327;161;104;239;land;false;hills;8
16328;252;101;170;land;false;plains;8
16329;240;141;253;land;false;jungle;9
16330;251;194;208;land;false;hills;7
16331;208;239;116;land;false;marsh;1
16332;133;182;192;land;false;urban;2
16333;251;234;62;land;false;forest;2
16334;228;184;111;land;false;forest;3
16335;125;188;224;land;false;hills;3
16336;183;212;221;land;false;jungle;1
16337;238;148;169;land;false;desert;2
16338;170;185;164;land;false;urban;2
16339;231;170;248;land;false;jungle;9
16340;103;203;240;land;false;jungle;9
16341;96;220;196;land;false;forest;9
16342;184;238;187;land;true;plains;7
16343;176;151;193;land;false;hills;7
16344;182;179;197;land;false;hills;7
16345;221;199;172;land;false;mountain;1
16346;217;188;179;land;false;desert;2
16347;179;230;174;land;false;mountain;2
16348;145;191;178;land;false;desert;2
16349;200;227;79;land;false;desert;2
16350;192;252;148;land;false;plains;2
16351;207;202;201;land;false;forest;2
16352;173;212;239;land;false;urban;8
16353;244;121;166;land;false;plains;8
16354;221;175;153;land;true;plains;8
16355;198;179;213;land;false;jungle;9
16356;207;248;140;land;false;hills;7
16357;138;213;233;land;false;jungle;1
16358;231;96;184;land;false;urban;1
16359;56;242;232;land;false;desert;2
16360;207;250;241;land;false;mountain;2
16361;240;142;236;land;false;hills;2
16362;225;206;160;land;true;plains;3
16363;189;141;254;land;false;jungle;9
16364;239;233;99;land;false;jungle;9
16365;199;216;155;land;false;jungle;1
16366;213;141;167;land;false;mountain;1
16367;99;231;248;land;false;desert;2
16368;203;77;244;land;false;desert;2
16369;125;163;238;land;false;hills;2
16370;201;239;228;land;false;plains;3
16371;151;190;242;land;true;plains;8
16372;195;248;232;land;false;hills;8
16373;241;236;148;land;false;mountain;8
16374;164;176;175;land;false;forest;9
16375;139;196;221;land;true;urban;7
16376;213;215;221;land;false;desert;2
16377;59;238;219;land;false;desert;2
16378;124;246;238;land;false;desert;2
16379;176;199;148;land;false;plains;2
16380;177;103;223;land;false;forest;2
16381;60;241;231;land;false;forest;3
16382;163;212;216;land;true;jungle;8
16383;249;241;135;land;false;jungle;9
16384;199;141;248;land;false;desert;2
16385;188;239;237;land;false;mountain;2
16386;232;121;246;land;false;forest;2
16387;162;109;244;land;true;plains;3
16388;239;182;184;land;true;jungle;8
16389;134;230;229;land;true;plains;9
16390;135;213;192;land;false;hills;7
16391;148;203;216;land;false;desert;2
16392;212;254;199;land;false;hills;2
16393;184;242;201;land;false;hills;2
16394;235;176;121;land;false;hills;2
16395;184;190;245;land;true;forest;8
16396;126;224;218;land;true;forest;8
16397;225;231;164;land;false;hills;8
16398;207;136;242;land;false;desert;1
16399;217;143;188;land;false;mountain;2
16400;82;189;232;land;false;desert;2
16401;231;201;159;land;false;urban;2
16402;236;183;212;land;false;plains;8
16403;235;165;104;land;true;plains;8
16404;144;189;217;land;false;mountain;1
16405;244;78;242;land;false;desert;2
16406;207;120;251;land;false;plains;2
16407;219;188;125;land;false;plains;2
16408;53;226;242;land;false;plains;2
16409;172;225;214;land;false;hills;8
16410;222;204;116;land;false;plains;8
16411;215;182;219;land;false;hills;8
16412;141;146;215;land;false;hills;7
16413;195;98;209;land;false;jungle;1
16414;250;148;225;land;false;desert;2
16415;244;58;211;land;false;forest;2
16416;241;244;139;land;false;plains;3
16417;189;226;156;land;false;urban;3
16418;208;49;254;land;false;forest;3
16419;91;247;191;land;true;plains;3
16420;251;59;247;land;true;plains;9
16421;109;246;154;land;false;hills;2
16422;48;241;230;land;false;hills;2
16423;216;184;168;land;false;forest;2
16424;111;237;201;land;false;forest;3
16425;156;197;188;land;false;hills;8
16426;193;174;144;land;false;urban;8
16427;251;116;174;land;false;plains;8
16428;247;171;183;land;false;jungle;9
16429;209;226;194;land;false;forest;9
16430;76;230;209;land;false;plains;7
16431;197;194;121;land;false;plains;7
16432;188;149;243;land;true;plains;7
16433;123;212;222;land;false;desert;1
16434;121;242;251;land;false;desert;2
16435;186;236;204;land;false;plains;3
16436;245;172;93;land;false;hills;8
16437;151;228;150;land;false;plains;8
16438;204;214;96;land;false;plains;8
16439;231;149;149;land;true;forest;8
16440;93;190;239;land;false;jungle;9
16441;217;106;184;land;false;plains;7
16442;247;160;123;land;false;plains;7
16443;134;133;241;land;false;mountain;7
16444;94;225;241;land;false;plains;7
16445;245;233;176;land;false;desert;2
16446;197;226;234;land;true;plains;3
16447;235;104;254;land;false;hills;8
16448;164;146;204;land;false;hills;8
16449;94;237;187;land;false;desert;2
16450;131;204;175;land;false;hills;2
16451;249;219;87;land;false;jungle;8
16452;221;234;176;land;false;hills;8
16453;203;92;217;land;false;jungle;9
16454;182;239;110;land;false;jungle;9
16455;148;165;245;land;false;forest;9
16456;246;232;74;land;true;marsh;1
16457;253;184;177;land;false;jungle;1
16458;202;187;159;land;false;desert;2
16459;215;135;244;land;false;hills;2
16460;213;112;238;land;false;desert;2
16461;201;242;130;land;false;hills;2
16462;184;219;175;land;false;plains;3
16463;254;230;207;land;true;plains;3
16464;235;208;178;land;false;forest;8
16465;254;158;215;land;false;jungle;9
16466;198;207;100;land;false;jungle;9
16467;210;157;241;land;false;hills;2
16468;220;126;192;land;false;plains;2
16469;169;215;212;land;false;forest;8
16470;228;251;134;land;false;jungle;8
16471;215;211;180;land;true;plains;9
16472;239;242;85;land;false;plains;7
16473;232;192;239;land;false;desert;1
16474;247;84;241;land;false;desert;2
16475;238;239;83;land;false;plains;2
16476;149;242;219;land;false;plains;3
16477;226;110;212;land;false;jungle;9
16478;194;199;210;land;false;desert;2
16479;150;195;228;land;false;plains;2
16480;212;198;237;land;true;plains;3
16481;252;216;36;land;false;hills;8
16482;237;203;143;land;false;forest;7
16483;199;252;120;land;true;forest;7
16484;149;163;245;land;false;desert;2
16485;160;103;245;land;false;desert;2
16486;153;126;223;land;false;urban;2
16487;232;226;254;land;false;urban;2
16488;113;250;199;land;false;jungle;9
16489;119;248;249;land;false;plains;7
16490;169;253;145;land;false;desert;2
16491;152;245;252;land;false;forest;8
16492;246;161;171;land;false;jungle;1
16493;238;179;220;land;false;forest;2
16494;168;204;173;land;true;plains;3
16495;135;146;229;land;false;hills;8
16496;173;133;203;land;false;plains;8
16497;229;155;125;land;false;jungle;9
16498;115;215;196;land;true;plains;7
16499;252;35;249;land;false;forest;7
16500;214;230;167;land;true;plains;7
16501;139;192;206;land;true;plains;7
16502;114;219;215;land;false;desert;1
16503;154;230;156;land;false;mountain;2
16504;160;168;204;land;false;desert;2
16505;241;190;126;land;false;forest;2
16506;95;185;236;land;true;urban;3
16507;142;216;241;land;true;plains;3
16508;225;105;206;land;false;hills;8
16509;100;202;244;land;false;forest;8
16510;242;89;175;land;false;plains;7
16511;161;229;177;land;false;desert;2
16512;235;183;242;land;false;desert;2
16513;174;241;132;land;true;plains;8
16514;232;180;212;land;true;jungle;9
16515;184;107;239;land;false;desert;2
16516;220;138;216;land;false;mountain;2
16517;246;146;183;land;false;desert;2
16518;229;163;237;land;true;urban;3
16519;137;223;190;land;false;hills;8
16520;254;68;190;land;false;jungle;9
16521;139;161;239;land;false;forest;9
16522;250;94;182;land;false;desert;1
16523;242;239;120;land;false;desert;2
16524;84;195;251;land;false;desert;2
16525;213;250;76;land;false;plains;2
16526;191;170;144;land;false;plains;8
16527;226;217;247;land;false;forest;2
16528;197;249;131;land;false;plains;2
16529;229;185;162;land;false;hills;8
16530;161;140;233;land;false;desert;8
16531;197;98;229;land;true;urban;7
16532;135;133;242;land;false;plains;7
16533;226;167;216;land;false;forest;2
16534;246;247;58;land;false;mountain;2
16535;240;114;201;land;false;desert;2
16536;152;134;245;land;false;plains;2
16537;128;213;183;land;false;urban;8
16538;168;182;252;land;false;plains;8
16539;239;226;249;land;false;hills;8
16540;244;211;150;land;false;jungle;9
16541;235;201;198;land;true;desert;7
16542;193;205;183;land;true;plains;7
16543;217;156;178;land;false;plains;7
16544;182;207;114;land;false;plains;7
16545;253;135;151;land;false;mountain;2
16546;103;205;244;land;false;desert;2
16547;196;226;205;land;false;plains;3
16548;217;243;251;land;true;forest;3
16549;190;247;217;land;true;jungle;9
16550;179;247;210;land;false;forest;7
16551;242;235;184;land;false;forest;2
16552;199;171;173;land;false;plains;2
16553;246;99;238;land;false;mountain;2
16554;219;145;239;land;false;desert;2
16555;150;213;184;land;false;forest;7
16556;184;242;246;land;false;jungle;1
16557;196;135;174;land;false;mountain;2
16558;201;242;197;land;false;plains;2
16559;104;198;214;land;false;mountain;2
16560;240;229;249;land;false;plains;3
16561;66;250;215;land;false;plains;8
16562;252;112;180;land;false;hills;8
16563;221;208;120;land;false;forest;8
16564;247;24;254;land;false;forest;3
16565;229;210;250;land;false;forest;3
16566;183;157;163;land;false;forest;8
16567;169;240;203;land;false;plains;8
16568;253;88;169;land;true;urban;8
16569;176;107;235;land;false;jungle;9
16570;144;148;215;land;false;jungle;9
16571;239;162;162;land;false;plains;7
16572;199;251;140;land;false;plains;7
16573;194;205;169;land;false;desert;2
16574;189;106;246;land;false;marsh;2
16575;222;156;173;land;false;urban;2
16576;181;162;223;land;true;plains;7
16577;174;248;107;land;false;plains;7
16578;136;210;210;land;false;desert;2
16579;178;205;134;land;false;plains;2
16580;203;226;135;land;false;forest;2
16581;233;254;53;land;false;plains;8
16582;250;177;223;land;false;forest;2
16583;235;192;105;land;false;mountain;2
16584;232;58;220;land;false;forest;2
16585;224;215;106;land;false;desert;2
16586;115;213;254;land;false;plains;3
16587;249;231;100;land;false;mountain;8
16588;233;126;169;land;true;plains;9
16589;220;164;194;land;false;forest;7
16590;56;243;236;land;false;mountain;2
16591;250;234;88;land;false;hills;2
16592;225;94;253;land;false;plains;2
16593;194;114;218;land;false;hills;8
16594;187;248;210;land;true;plains;9
16595;72;223;253;land;false;forest;2
16596;219;166;187;land;false;mountain;2
16597;245;161;99;land;false;desert;2
16598;174;201;196;land;false;urban;2
16599;239;229;48;land;false;forest;8
16600;184;231;182;land;false;plains;8
16601;216;162;225;land;false;desert;8
16602;188;217;219;land;false;jungle;8
16603;206;158;215;land;false;plains;8
16604;238;232;240;land;false;jungle;9
16605;241;243;63;land;false;jungle;9
16606;206;151;225;land;true;plains;9
16607;156;254;245;land;true;hills;7
16608;180;128;225;land;false;urban;7
16609;222;189;237;land;true;plains;7
16610;167;153;224;land;false;desert;1
16611;203;199;227;land;false;plains;2
16612;244;126;159;land;false;mountain;2
16613;235;254;13;land;false;desert;2
16614;179;247;254;land;false;desert;2
16615;109;236;239;land;false;hills;2
16616;202;112;213;land;false;desert;2
16617;249;189;183;land;false;desert;2
16618;176;246;124;land;true;forest;3
16619;213;225;130;land;false;hills;8
16620;216;240;150;land;false;hills;8
16621;140;133;241;land;false;forest;9
16622;231;248;140;land;false;desert;2
16623;228;211;253;land;false;plains;2
16624;175;127;242;land;false;plains;2
16625;248;225;186;land;false;plains;7
16626;163;243;149;land;false;forest;2
16627;211;101;200;land;false;marsh;2
16628;201;177;197;land;false;forest;3
16629;102;220;215;land;false;forest;3
16630;128;251;194;land;false;desert;7
16631;253;136;129;land;false;forest;7
16632;252;157;253;land;false;desert;2
16633;197;68;246;land;false;desert;2
16634;167;105;229;land;false;plains;2
16635;163;187;209;land;false;marsh;2
16636;192;238;197;land;false;hills;8
16637;200;190;135;land;false;hills;8
16638;231;162;183;land;false;jungle;9
16639;163;248;108;land;false;desert;2
16640;249;158;166;land;false;desert;2
16641;208;232;247;land;false;plains;2
16642;247;185;236;land;false;forest;3
16643;182;214;177;land;false;plains;8
16644;191;253;113;land;false;hills;8
16645;193;167;157;land;true;jungle;9
16646;224;119;166;land;false;marsh;1
16647;130;176;216;land;false;desert;2
16648;214;126;243;land;false;forest;2
16649;243;211;245;land;false;plains;3
16650;254;191;128;land;false;mountain;9
16651;169;246;197;land;false;jungle;9
16652;234;79;196;land;false;hills;7
16653;220;129;214;land;false;urban;7
16654;252;138;187;land;false;forest;7
16655;136;204;253;land;false;mountain;2
16656;236;238;68;land;false;desert;2
16657;245;181;126;land;false;desert;2
16658;145;155;247;land;false;desert;2
16659;244;192;178;land;false;desert;2
16660;239;190;109;land;false;hills;8
16661;175;174;190;land;false;desert;7
16662;222;126;228;land;false;hills;7
16663;161;175;183;land;false;forest;2
16664;146;203;220;land;false;forest;2
16665;72;250;216;land;false;desert;2
16666;188;247;140;land;false;mountain;2
16667;184;227;212;land;false;hills;2
16668;220;190;170;land;false;desert;2
16669;234;238;97;land;false;desert;2
16670;183;152;234;land;false;forest;2
16671;198;245;194;land;false;forest;8
16672;223;116;209;land;false;hills;8
16673;244;101;175;land;false;mountain;8
16674;93;223;230;land;false;hills;8
16675;201;192;210;land;true;plains;9
16676;138;150;218;land;true;marsh;7
16677;250;227;177;land;false;mountain;1
16678;182;238;190;land;false;mountain;2
16679;129;223;175;land;false;desert;2
16680;249;225;164;land;false;jungle;8
16681;165;231;187;land;false;forest;8
16682;106;197;253;land;true;plains;9
16683;248;101;213;land;false;forest;7
16684;119;251;169;land;false;desert;2
16685;66;212;227;land;false;desert;2
16686;252;143;233;land;false;hills;8
16687;177;223;107;land;false;hills;8
16688;157;208;234;land;true;jungle;9
16689;227;187;201;land;true;jungle;9
16690;141;186;186;land;false;desert;7
16691;202;175;136;land;false;plains;7
16692;227;127;217;land;false;forest;2
16693;167;172;205;land;false;mountain;2
16694;246;92;163;land;false;desert;2
16695;170;227;175;land;false;desert;2
16696;254;214;162;land;false;plains;2
16697;216;185;149;land;false;plains;2
16698;241;208;229;land;false;plains;8
16699;140;223;220;land;false;plains;8
16700;212;222;239;land;true;jungle;9
16701;151;149;206;land;false;forest;9
16702;139;198;166;land;false;plains;7
16703;249;140;215;land;false;desert;2
16704;104;234;165;land;false;plains;2
16705;235;186;142;land;false;marsh;2
16706;135;204;213;land;false;plains;3
16707;154;162;246;land;true;forest;3
16708;244;221;92;land;true;jungle;9
16709;219;115;193;land;false;hills;1
16710;225;173;180;land;false;desert;2
16711;246;203;197;land;false;hills;2
16712;192;244;76;land;false;mountain;2
16713;140;158;245;land;false;plains;2
16714;212;247;163;land;true;hills;8
16715;247;156;201;land;false;plains;7
16716;242;203;180;land;false;plains;7
16717;248;217;147;land;false;hills;2
16718;248;120;234;land;false;desert;2
16719;206;131;202;land;false;desert;2
16720;252;112;252;land;false;hills;2
16721;217;183;248;land;false;desert;2
16722;188;187;183;land;false;plains;3
16723;59;247;197;land;false;hills;8
16724;230;160;177;land;false;desert;8
16725;203;151;166;land;false;hills;8
16726;242;238;62;land;false;plains;8
16727;103;159;246;land;false;hills;8
16728;238;221;231;land;true;jungle;9
16729;190;212;142;land;true;marsh;1
16730;246;230;86;land;false;mountain;2
16731;63;233;245;land;false;desert;2
16732;231;216;249;land;false;plains;8
16733;183;141;188;land;false;hills;8
16734;194;172;183;land;false;forest;8
16735;191;234;210;land;false;hills;9
16736;157;200;170;land;false;forest;7
16737;217;121;216;land;false;plains;7
16738;35;227;254;land;false;hills;2
16739;180;240;210;land;false;desert;2
16740;150;253;127;land;false;forest;2
16741;213;231;75;land;false;plains;2
16742;158;248;96;land;false;plains;8
16743;118;194;232;land;false;plains;8
16744;206;222;80;land;false;hills;7
16745;243;47;212;land;true;marsh;7
16746;206;151;248;land;false;mountain;2
16747;187;251;187;land;false;desert;2
16748;117;251;197;land;false;desert;2
16749;76;237;214;land;false;desert;2
16750;142;155;211;land;false;desert;2
16751;147;248;202;land;false;desert;2
16752;249;193;95;land;false;plains;2
16753;215;241;170;land;false;mountain;8
16754;231;194;97;land;true;plains;9
16755;242;224;144;land;false;plains;7
16756;234;239;123;land;false;desert;2
16757;237;110;218;land;false;forest;8
16758;47;234;237;land;false;forest;8
16759;206;245;183;land;false;mountain;7
16760;235;231;174;land;false;forest;7
16761;173;152;203;land;false;forest;7
16762;117;210;209;land;false;plains;7
16763;202;186;240;land;false;desert;2
16764;85;186;247;land;false;desert;2
16765;191;123;217;land;false;desert;2
16766;218;214;164;land;false;plains;2
16767;253;45;217;land;false;plains;2
16768;122;238;193;land;false;hills;8
16769;218;172;163;land;false;mountain;8
16770;187;145;195;land;false;forest;8
16771;206;140;220;land;true;plains;8
16772;148;206;254;land;false;plains;7
16773;252;230;173;land;false;desert;2
16774;230;123;238;land;false;plains;2
16775;108;246;246;land;false;desert;2
16776;112;192;221;land;false;urban;2
16777;252;91;189;land;false;forest;2
16778;231;215;254;land;false;plains;3
16779;21;230;254;land;false;plains;8
16780;210;148;151;land;false;plains;8
16781;214;128;245;land;false;mountain;8
16782;97;247;157;land;false;mountain;7
16783;138;195;199;land;false;plains;2
16784;158;178;187;land;false;plains;2
16785;151;175;175;land;false;mountain;8
16786;139;196;217;land;false;plains;8
16787;220;163;237;land;false;plains;9
16788;78;250;234;land;true;urban;7
16789;210;161;238;land;false;plains;2
16790;163;139;206;land;false;desert;2
16791;82;216;231;land;false;plains;2
16792;183;242;128;land;false;plains;3
16793;226;195;114;land;false;hills;8
16794;236;205;148;land;true;hills;8
16795;152;138;243;land;true;jungle;9
16796;150;249;226;land;true;plains;9
16797;154;166;188;land;false;forest;7
16798;128;187;238;land;false;desert;2
16799;159;212;213;land;false;forest;2
16800;86;250;179;land;false;desert;2
16801;200;211;158;land;false;urban;2
16802;198;231;89;land;false;forest;2
16803;233;156;231;land;false;hills;2
16804;229;231;228;land;false;plains;8
16805;148;145;223;land;false;plains;8
16806;238;127;145;land;true;hills;8
16807;173;245;215;land;false;desert;1
16808;236;57;252;land;true;jungle;9
16809;194;117;192;land;false;desert;2
16810;200;244;105;land;true;plains;3
16811;241;186;129;land;false;plains;8
16812;167;119;245;land;false;forest;8
16813;217;212;218;land;true;hills;9
16814;252;209;118;land;false;hills;7
16815;237;37;249;land;false;plains;7
16816;176;217;178;land;false;mountain;2
16817;236;219;237;land;false;desert;2
16818;178;225;222;land;false;desert;2
16819;254;239;50;land;false;forest;2
16820;247;193;129;land;false;plains;8
16821;214;110;209;land;false;mountain;8
16822;177;199;136;land;false;hills;8
16823;149;169;245;land;false;mountain;8
16824;238;104;200;land;false;hills;8
16825;121;211;237;land;true;marsh;7
16826;205;149;193;land;false;desert;2
16827;136;187;213;land;false;desert;2
16828;227;191;219;land;false;plains;2
16829;220;245;63;land;false;plains;8
16830;27;254;241;land;false;desert;8
16831;210;251;237;land;false;forest;7
16832;181;254;207;land;false;forest;7
16833;181;211;199;land;true;marsh;1
16834;216;190;163;land;false;plains;2
16835;226;212;94;land;false;desert;2
16836;146;144;232;land;false;desert;2
16837;200;116;239;land;false;hills;2
16838;239;153;247;land;false;plains;8
16839;191;224;151;land;false;mountain;8
16840;248;17;239;land;false;forest;8
16841;133;166;247;land;true;desert;7
16842;204;253;114;land;true;plains;7
16843;240;126;181;land;false;hills;7
16844;116;216;194;land;false;plains;7
16845;173;228;143;land;false;desert;2
16846;237;147;184;land;false;plains;2
16847;154;210;185;land;true;forest;8
16848;247;182;213;land;true;plains;9
16849;189;159;202;land;false;desert;2
16850;131;118;252;land;false;forest;2
16851;200;188;251;land;false;marsh;8
16852;171;208;253;land;false;plains;8
16853;242;27;247;land;false;hills;8
16854;78;241;213;land;false;plains;8
16855;202;181;225;land;false;hills;8
16856;189;140;187;land;false;hills;8
16857;229;211;70;land;false;plains;8
16858;211;140;161;land;false;marsh;7
16859;143;233;226;land;false;plains;7
16860;170;179;253;land;false;desert;2
16861;172;254;131;land;false;plains;2
16862;213;138;229;land;false;forest;8
16863;238;198;111;land;false;hills;8
16864;205;233;218;land;false;hills;8
16865;206;179;194;land;false;hills;7
16866;185;205;148;land;false;hills;1
16867;240;229;170;land;false;plains;2
16868;229;219;229;land;false;urban;3
16869;233;180;232;land;false;forest;8
16870;153;172;179;land;false;urban;8
16871;197;197;211;land;false;urban;8
16872;176;239;139;land;false;mountain;8
16873;92;235;243;land;false;hills;8
16874;132;179;243;land;false;forest;8
16875;193;202;108;land;true;plains;9
16876;245;186;146;land;false;hills;7
16877;223;70;235;land;false;forest;7
16878;188;81;247;land;true;hills;1
16879;105;247;244;land;false;forest;2
16880;226;228;226;land;false;desert;2
16881;177;224;127;land;false;plains;8
16882;234;126;248;land;false;mountain;8
16883;198;58;254;land;false;hills;8
16884;139;240;252;land;false;plains;7
16885;244;67;231;land;false;hills;8
16886;63;225;243;land;false;hills;7
16887;238;89;185;land;false;plains;2
16888;220;81;220;land;false;desert;2
16889;228;91;204;land;false;plains;2
16890;40;239;245;land;false;plains;3
16891;253;118;193;land;false;plains;8
16892;243;45;236;land;false;mountain;8
16893;228;243;166;land;false;hills;8
16894;118;249;218;land;false;forest;8
16895;213;119;233;land;false;plains;7
16896;109;208;189;land;false;desert;2
16897;236;83;224;land;false;desert;2
16898;235;118;167;land;false;forest;2
16899;250;174;117;land;false;plains;8
16900;227;236;93;land;false;hills;8
16901;226;196;195;land;false;hills;7
16902;234;198;151;land;false;plains;7
16903;147;170;238;land;false;mountain;2
16904;242;245;139;land;false;plains;8
16905;223;143;227;land;false;mountain;7
16906;222;174;147;land;false;hills;7
16907;215;235;215;land;false;urban;7
16908;204;212;208;land;false;urban;7
16909;203;204;250;land;false;desert;2
16910;204;249;247;land;false;desert;2
16911;182;246;202;land;false;plains;2
16912;186;247;250;land;false;plains;2
16913;215;65;247;land;false;forest;8
16914;230;159;190;land;false;plains;8
16915;131;191;218;land;false;hills;8
16916;182;254;149;land;false;hills;8
16917;202;254;177;land;false;plains;7
16918;222;118;254;land;false;hills;2
16919;249;135;122;land;false;desert;2
16920;185;245;78;land;false;desert;2
16921;224;158;194;land;false;desert;2
16922;187;211;192;land;true;plains;5
16923;153;153;229;land;false;plains;8
16924;242;119;155;land;false;hills;8
16925;149;124;237;land;false;hills;8
16926;207;162;151;land;false;mountain;8
16927;156;219;198;land;true;plains;9
16928;95;234;177;land;false;forest;7
16929;195;236;104;land;false;forest;8
16930;209;176;251;land;false;forest;8
16931;215;233;248;land;false;plains;8
16932;245;85;209;land;true;hills;7
16933;224;46;251;land;false;desert;2
16934;233;99;250;land;false;desert;2
16935;158;205;235;land;false;forest;8
16936;195;120;236;land;false;forest;8
16937;222;154;197;land;false;hills;8
16938;250;243;62;land;false;hills;7
16939;98;205;205;land;false;plains;7
16940;128;192;243;land;false;hills;7
16941;254;234;115;land;false;plains;3
16942;201;174;217;land;false;hills;8
16943;231;219;94;land;false;hills;8
16944;154;217;201;land;true;plains;9
16945;249;193;172;land;false;plains;7
16946;252;202;110;land;false;hills;7
16947;208;103;246;land;false;forest;2
16948;193;125;185;land;false;desert;2
16949;127;236;228;land;false;plains;2
16950;175;244;86;land;false;forest;2
16951;175;205;201;land;false;forest;8
16952;111;173;225;land;false;mountain;2
16953;218;229;211;land;true;plains;3
16954;249;70;235;land;false;plains;8
16955;186;208;217;land;false;mountain;8
16956;227;130;180;land;true;plains;7
16957;201;245;179;land;false;plains;2
16958;242;184;128;land;false;desert;2
16959;235;211;212;land;false;desert;2
16960;240;193;153;land;false;desert;2
16961;243;213;175;land;false;desert;2
16962;216;245;128;land;false;plains;2
16963;235;109;220;land;false;hills;8
16964;250;164;89;land;false;plains;8
16965;216;161;185;land;false;plains;7
16966;169;148;232;land;false;desert;2
16967;218;126;208;land;false;forest;2
16968;242;81;224;land;false;forest;8
16969;244;236;160;land;false;forest;8
16970;62;205;238;land;false;plains;8
16971;197;227;241;land;false;hills;8
16972;199;241;251;land;false;plains;7
16973;249;129;158;land;false;mountain;2
16974;174;244;113;land;false;forest;3
16975;153;223;227;land;true;plains;5
16976;232;144;182;land;false;plains;5
16977;136;180;185;land;false;plains;8
16978;115;157;239;land;false;hills;8
16979;194;242;212;land;true;hills;8
16980;232;110;248;land;false;urban;7
16981;128;209;208;land;false;hills;2
16982;186;199;146;land;false;plains;8
16983;145;235;172;land;false;hills;8
16984;161;253;136;land;false;mountain;8
16985;75;234;220;land;true;hills;2
16986;181;238;251;land;false;mountain;2
16987;251;159;163;land;false;mountain;2
16988;239;140;193;land;false;plains;5
16989;148;243;252;land;true;urban;7
16990;243;242;22;land;false;plains;7
16991;205;201;191;land;true;plains;7
16992;253;164;92;land;false;forest;7
16993;143;145;229;land;false;forest;7
16994;209;252;124;land;false;mountain;8
16995;220;175;208;land;false;hills;8
16996;170;127;214;land;true;plains;8
16997;114;154;239;land;false;forest;7
16998;177;196;190;land;false;forest;7
16999;151;213;179;land;false;desert;2
17000;238;230;194;land;false;desert;2
17001;54;253;196;land;false;hills;2
17002;152;130;236;land;false;mountain;2
17003;193;183;128;land;true;urban;2
17004;245;26;247;land;false;mountain;8
17005;105;205;211;land;false;mountain;8
17006;236;238;36;land;false;desert;8
17007;250;142;246;land;false;forest;7
17008;84;196;229;land;false;plains;7
17009;223;166;159;land;false;forest;7
17010;225;180;161;land;false;hills;7
17011;223;132;253;land;false;desert;2
17012;171;168;233;land;false;mountain;2
17013;199;131;204;land;false;desert;2
17014;150;181;225;land;false;plains;2
17015;140;229;203;land;true;plains;8
17016;177;198;226;land;true;plains;7
17017;61;197;254;land;false;plains;7
17018;190;224;179;land;false;desert;2
17019;177;165;235;land;false;plains;8
17020;65;238;234;land;false;hills;8
17021;190;247;208;land;false;urban;8
17022;240;158;121;land;true;urban;7
17023;206;207;172;land;false;plains;2
17024;241;236;224;land;false;desert;2
17025;208;222;224;land;false;forest;8
17026;241;253;116;land;false;jungle;8
17027;219;118;244;land;false;hills;8
17028;174;247;225;land;false;hills;8
17029;129;201;243;land;true;forest;8
17030;181;122;198;land;false;hills;7
17031;114;231;214;land;false;plains;7
17032;127;228;249;land;false;forest;7
17033;247;215;53;land;false;plains;7
17034;210;208;142;land;false;plains;7
17035;231;108;249;land;false;forest;2
17036;166;186;236;land;false;desert;2
17037;242;168;143;land;false;desert;2
17038;130;152;245;land;false;forest;2
17039;251;250;202;land;false;forest;2
17040;188;178;157;land;false;plains;5
17041;149;223;141;land;false;forest;8
17042;233;102;250;land;false;urban;8
17043;99;197;250;land;true;forest;8
17044;183;158;226;land;true;plains;8
17045;112;215;247;land;false;plains;7
17046;234;126;169;land;false;desert;2
17047;225;162;124;land;false;desert;2
17048;219;201;99;land;true;plains;2
17049;213;124;171;land;false;forest;3
17050;192;188;126;land;false;hills;7
17051;216;227;63;land;false;hills;7
17052;181;183;224;land;false;hills;2
17053;212;251;196;land;false;hills;2
17054;156;249;237;land;false;desert;2
17055;174;200;251;land;false;plains;3
17056;213;213;188;land;true;plains;5
17057;179;242;157;land;false;plains;5
17058;205;172;138;land;false;hills;8
17059;252;191;99;land;false;plains;7
17060;203;125;199;land;false;forest;7
17061;249;247;101;land;false;desert;2
17062;121;190;227;land;false;desert;2
17063;230;69;248;land;false;desert;2
17064;247;148;254;land;false;desert;2
17065;50;235;233;land;false;plains;8
17066;198;250;223;land;false;hills;8
17067;199;167;201;land;false;mountain;8
17068;220;142;169;land;false;mountain;8
17069;80;239;220;land;true;forest;7
17070;222;210;163;land;false;hills;7
17071;233;79;191;land;false;plains;7
17072;253;68;237;land;false;mountain;2
17073;125;231;169;land;false;desert;2
17074;162;137;227;land;false;desert;2
17075;190;206;140;land;false;forest;8
17076;42;212;249;land;false;plains;8
17077;240;223;226;land;false;volcanic;8
17078;240;186;237;land;true;forest;7
17079;231;210;133;land;false;mountain;7
17080;185;201;234;land;false;plains;7
17081;95;185;232;land;false;plains;7
17082;237;243;28;land;false;hills;8
17083;249;213;61;land;false;plains;7
17084;245;254;184;land;false;plains;7
17085;233;188;110;land;false;hills;2
17086;138;230;172;land;false;desert;2
17087;188;221;230;land;false;desert;2
17088;225;115;212;land;false;desert;2
17089;182;147;175;land;false;plains;8
17090;254;75;223;land;false;plains;8
17091;192;247;107;land;true;plains;8
17092;177;237;205;land;false;plains;7
17093;226;50;248;land;false;mountain;2
17094;249;215;212;land;false;desert;2
17095;203;155;254;land;false;desert;2
17096;155;248;236;land;false;hills;2
17097;180;189;214;land;false;forest;8
17098;217;219;167;land;true;forest;8
17099;184;236;106;land;false;hills;7
17100;251;101;189;land;true;plains;7
17101;249;92;166;land;false;urban;7
17102;239;177;167;land;false;plains;7
17103;177;243;188;land;false;plains;7
17104;212;185;135;land;false;urban;2
17105;231;247;61;land;false;desert;2
17106;234;250;181;land;true;forest;3
17107;205;180;123;land;true;urban;3
17108;244;76;181;land;false;plains;5
17109;232;198;78;land;false;plains;5
17110;196;244;73;land;false;mountain;8
17111;162;182;240;land;false;desert;8
17112;182;204;176;land;true;plains;7
17113;171;177;189;land;false;plains;7
17114;251;75;203;land;true;hills;2
17115;206;96;248;land;false;plains;2
17116;225;141;185;land;true;forest;2
17117;222;202;98;land;false;plains;8
17118;136;213;177;land;false;plains;7
17119;194;160;152;land;false;plains;7
17120;167;91;245;land;false;desert;2
17121;165;192;220;land;false;desert;2
17122;177;107;239;land;false;plains;5
17123;245;121;213;land;false;plains;8
17124;83;204;246;land;false;forest;8
17125;207;236;137;land;false;plains;8
17126;166;211;197;land;false;hills;8
17127;250;88;212;land;false;mountain;8
17128;201;174;141;land;false;plains;7
17129;154;254;191;land;false;plains;7
17130;224;141;222;land;false;plains;7
17131;162;180;166;land;false;plains;7
17132;218;187;225;land;false;desert;2
17133;204;220;129;land;true;plains;3
17134;250;87;186;land;false;mountain;8
17135;104;253;191;land;false;desert;8
17136;239;252;236;land;false;hills;7
17137;214;221;127;land;false;hills;7
17138;224;164;135;land;false;plains;2
17139;225;101;244;land;false;forest;8
17140;219;180;227;land;false;forest;8
17141;126;240;211;land;false;mountain;8
17142;216;244;181;land;false;hills;8
17143;239;216;240;land;false;hills;7
17144;226;191;184;land;false;plains;7
17145;183;98;245;land;false;forest;7
17146;158;192;180;land;false;forest;7
17147;71;243;236;land;false;desert;2
17148;223;177;161;land;false;mountain;2
17149;222;169;232;land;false;forest;8
17150;73;215;241;land;false;plains;8
17151;252;167;161;land;false;mountain;8
17152;225;81;205;land;false;hills;8
17153;228;104;221;land;true;plains;8
17154;196;162;214;land;false;plains;7
17155;252;69;215;land;false;plains;7
17156;253;224;209;land;false;forest;2
17157;27;253;242;land;true;plains;5
17158;131;198;196;land;false;forest;8
17159;200;211;182;land;false;hills;8
17160;226;113;211;land;false;mountain;8
17161;248;83;244;land;false;volcanic;8
17162;195;234;224;land;false;volcanic;8
17163;194;245;147;land;true;plains;7
17164;215;187;166;land;false;plains;7
17165;137;186;224;land;false;plains;7
17166;225;188;211;land;false;forest;7
17167;146;212;195;land;false;mountain;2
17168;68;226;251;land;false;hills;8
17169;247;165;139;land;false;hills;8
17170;155;184;247;land;true;urban;7
17171;72;211;233;land;true;plains;7
17172;243;52;250;land;false;plains;7
17173;219;225;109;land;false;plains;7
17174;233;203;202;land;false;plains;7
17175;126;173;247;land;false;mountain;2
17176;217;161;175;land;false;plains;8
17177;147;232;194;land;false;forest;7
17178;216;157;237;land;false;hills;7
17179;146;190;208;land;false;mountain;7
17180;213;115;204;land;true;mountain;2
17181;218;139;254;land;false;desert;2
17182;179;230;206;land;false;hills;5
17183;211;131;166;land;false;forest;8
17184;239;229;103;land;true;plains;7
17185;248;178;143;land;false;plains;7
17186;143;235;189;land;false;plains;7
17187;176;254;173;land;false;plains;7
17188;250;232;224;land;false;forest;2
17189;245;125;141;land;false;desert;2
17190;118;225;223;land;false;mountain;2
17191;254;49;201;land;true;plains;2
17192;153;224;193;land;true;desert;8
17193;156;168;217;land;false;plains;7
17194;181;117;214;land;false;mountain;2
17195;237;204;193;land;false;mountain;2
17196;153;220;200;land;false;hills;2
17197;59;239;233;land;false;forest;8
17198;226;221;82;land;false;hills;8
17199;139;202;209;land;true;plains;7
17200;241;56;207;land;false;hills;7
17201;197;221;219;land;false;plains;7
17202;148;162;248;land;false;forest;7
17203;221;171;139;land;false;urban;7
17204;118;221;215;land;false;desert;2
17205;141;171;219;land;false;plains;8
17206;155;239;149;land;false;mountain;8
17207;109;233;210;land;false;mountain;8
17208;218;182;189;land;true;plains;7
17209;170;246;216;land;false;plains;7
17210;67;193;241;land;false;plains;7
17211;120;253;197;land;false;plains;7
17212;145;246;140;land;false;plains;7
17213;77;234;234;land;false;desert;2
17214;69;221;228;land;false;plains;2
17215;130;158;253;land;false;plains;2
17216;197;254;94;land;false;forest;8
17217;242;189;71;land;false;hills;8
17218;167;203;254;land;false;hills;8
17219;190;196;163;land;false;hills;7
17220;248;156;175;land;false;mountain;7
17221;222;155;134;land;false;forest;2
17222;109;213;192;land;false;jungle;8
17223;149;226;171;land;false;mountain;8
17224;50;215;251;land;false;mountain;8
17225;208;227;154;land;false;plains;7
17226;147;208;197;land;false;plains;7
17227;208;91;225;land;false;forest;2
17228;123;208;180;land;false;forest;2
17229;115;206;229;land;false;desert;2
17230;156;181;164;land;false;plains;5
17231;130;237;236;land;false;forest;8
17232;130;149;235;land;false;plains;8
17233;174;250;231;land;false;hills;8
17234;188;203;189;land;false;plains;7
17235;217;219;129;land;false;plains;7
17236;142;227;149;land;false;hills;7
17237;41;239;249;land;false;jungle;7
17238;227;224;115;land;false;mountain;2
17239;221;224;84;land;false;plains;8
17240;211;166;239;land;false;mountain;8
17241;253;193;93;land;true;plains;7
17242;254;253;216;land;true;plains;7
17243;141;203;243;land;false;mountain;7
17244;206;89;224;land;false;forest;2
17245;189;153;175;land;false;desert;2
17246;118;225;188;land;false;plains;8
17247;219;254;110;land;false;forest;8
17248;234;249;173;land;false;hills;8
17249;156;171;198;land;false;forest;7
17250;180;170;193;land;false;plains;7
17251;250;159;150;land;false;plains;7
17252;229;195;235;land;true;plains;7
17253;217;208;210;land;false;forest;8
17254;211;153;146;land;false;forest;7
17255;202;101;248;land;false;desert;2
17256;223;228;211;land;false;desert;2
17257;222;181;120;land;false;desert;2
17258;119;248;146;land;false;mountain;2
17259;243;233;47;land;false;forest;8
17260;80;167;254;land;true;urban;7
17261;244;162;152;land;false;mountain;7
17262;242;212;120;land;false;forest;2
17263;178;130;237;land;false;hills;2
17264;248;32;221;land;false;forest;8
17265;210;218;231;land;false;urban;8
17266;164;200;184;land;false;plains;7
17267;254;175;249;land;false;plains;7
17268;206;229;113;land;true;plains;2
17269;105;208;193;land;true;forest;2
17270;232;73;225;land;false;mountain;2
17271;227;231;237;land;true;plains;2
17272;232;69;203;land;false;forest;8
17273;239;189;157;land;false;hills;7
17274;212;201;129;land;false;hills;7
17275;178;233;218;land;false;forest;7
17276;244;160;136;land;false;urban;7
17277;249;197;239;land;false;plains;7
17278;117;176;216;land;true;plains;7
17279;176;171;155;land;true;forest;8
17280;229;164;214;land;false;hills;8
17281;250;236;89;land;false;plains;7
17282;231;117;234;land;false;plains;7
17283;241;186;154;land;false;plains;7
17284;239;121;166;land;false;plains;7
17285;175;228;173;land;false;hills;5
17286;202;176;239;land;false;plains;8
17287;192;131;207;land;false;forest;8
17288;51;221;229;land;true;desert;8
17289;217;66;241;land;true;plains;7
17290;153;193;205;land;false;forest;7
17291;178;249;169;land;false;plains;7
17292;151;198;213;land;false;hills;7
17293;238;213;147;land;false;plains;7
17294;199;232;163;land;false;hills;2
17295;108;234;227;land;false;plains;2
17296;191;187;185;land;false;plains;5
17297;164;254;142;land;false;forest;5
17298;140;241;140;land;false;forest;8
17299;215;101;246;land;false;forest;8
17300;229;242;184;land;false;plains;7
17301;190;181;223;land;false;hills;7
17302;126;245;253;land;false;plains;7
17303;99;254;211;land;true;hills;2
17304;170;138;246;land;false;desert;2
17305;131;242;187;land;false;desert;2
17306;226;215;127;land;false;mountain;2
17307;203;224;130;land;false;plains;8
17308;235;49;242;land;false;plains;7
17309;190;87;227;land;false;urban;7
17310;178;184;150;land;false;plains;7
17311;155;158;218;land;false;urban;7
17312;216;153;187;land;false;desert;2
17313;225;85;225;land;false;desert;2
17314;220;142;212;land;false;plains;5
17315;254;53;221;land;false;plains;5
17316;219;202;117;land;false;forest;8
17317;227;228;195;land;false;mountain;8
17318;129;250;177;land;false;desert;2
17319;248;152;218;land;false;mountain;2
17320;235;82;188;land;true;plains;2
17321;239;204;237;land;false;desert;2
17322;218;148;210;land;false;plains;8
17323;224;77;250;land;false;forest;8
17324;227;205;190;land;false;hills;8
17325;83;195;246;land;false;plains;7
17326;230;234;83;land;false;plains;7
17327;173;156;206;land;false;plains;7
17328;226;175;147;land;true;plains;2
17329;251;139;157;land;true;plains;2
17330;170;239;210;land;false;forest;2
17331;76;227;237;land;false;desert;2
17332;141;226;246;land;false;desert;2
17333;153;215;206;land;false;mountain;2
17334;231;146;218;land;false;forest;8
17335;217;139;167;land;false;hills;7
17336;63;209;250;land;false;forest;7
17337;69;247;234;land;true;urban;7
17338;190;91;228;land;false;plains;2
17339;185;152;203;land;false;forest;8
17340;189;166;185;land;false;plains;7
17341;150;240;198;land;false;plains;7
17342;171;159;174;land;false;plains;7
17343;188;112;204;land;true;plains;2
17344;61;234;251;land;true;plains;5
17345;227;216;190;land;false;forest;8
17346;241;135;132;land;false;desert;8
17347;157;224;183;land;false;hills;8
17348;244;244;204;land;false;plains;7
17349;192;201;247;land;false;plains;7
17350;103;247;184;land;false;plains;7
17351;223;136;173;land;false;plains;7
17352;232;241;93;land;false;plains;7
17353;204;95;222;land;true;urban;7
17354;245;164;154;land;false;forest;2
17355;63;227;254;land;false;forest;8
17356;203;153;155;land;false;forest;8
17357;214;184;221;land;true;desert;8
17358;160;194;250;land;false;marsh;7
17359;210;231;132;land;false;plains;7
17360;241;132;180;land;false;hills;7
17361;252;18;241;land;false;plains;7
17362;120;235;151;land;false;plains;7
17363;199;239;102;land;false;jungle;7
17364;212;205;197;land;false;forest;2
17365;157;213;198;land;false;plains;5
17366;106;249;242;land;false;plains;5
17367;46;249;210;land;false;mountain;8
17368;112;188;205;land;false;plains;7
17369;159;130;241;land;false;desert;2
17370;144;245;124;land;false;desert;2
17371;196;183;184;land;false;mountain;2
17372;223;130;242;land;false;mountain;2
17373;221;192;143;land;false;mountain;2
17374;232;239;202;land;false;hills;8
17375;100;183;233;land;false;forest;8
17376;157;114;247;land;false;hills;8
17377;71;238;194;land;false;desert;8
17378;116;206;215;land;false;mountain;8
17379;191;185;136;land;true;desert;8
17380;240;29;252;land;false;plains;7
17381;195;188;223;land;false;plains;7
17382;229;123;171;land;false;plains;2
17383;159;194;200;land;false;forest;2
17384;203;113;245;land;false;plains;8
17385;191;252;252;land;false;desert;8
17386;232;237;154;land;false;volcanic;8
17387;238;205;95;land;false;plains;7
17388;111;201;211;land;false;forest;7
17389;173;211;213;land;false;plains;2
17390;242;220;96;land;false;plains;5
17391;164;218;219;land;false;hills;8
17392;250;69;247;land;false;plains;7
17393;189;190;211;land;false;plains;7
17394;239;191;196;land;false;hills;7
17395;214;219;149;land;false;forest;2
17396;226;114;199;land;false;forest;2
17397;243;228;30;land;false;plains;5
17398;196;243;98;land;false;hills;8
17399;145;228;179;land;false;plains;8
17400;234;121;169;land;false;plains;7
17401;178;158;179;land;true;plains;7
17402;124;219;220;land;false;plains;7
17403;245;223;64;land;false;plains;2
17404;212;178;212;land;false;forest;8
17405;231;244;247;land;false;desert;8
17406;220;161;243;land;false;mountain;8
17407;221;188;248;land;false;hills;8
17408;152;181;247;land;false;plains;7
17409;208;61;233;land;false;plains;2
17410;139;182;195;land;false;plains;8
17411;215;242;195;land;false;plains;7
17412;186;103;254;land;false;mountain;7
17413;208;125;244;land;false;plains;7
17414;254;217;205;land;false;jungle;7
17415;169;179;248;land;false;forest;2
17416;248;95;253;land;false;jungle;7
17417;136;227;247;land;true;jungle;7
17418;210;162;253;land;false;plains;2
17419;55;251;220;land;false;desert;2
17420;176;105;229;land;false;forest;2
17421;89;207;238;land;false;desert;8
17422;129;188;204;land;false;marsh;7
17423;170;203;139;land;false;plains;7
17424;225;203;153;land;false;plains;7
17425;74;227;238;land;false;urban;7
17426;151;177;211;land;false;forest;7
17427;224;243;159;land;false;urban;7
17428;129;169;211;land;false;jungle;7
17429;200;193;114;land;true;hills;7
17430;204;221;158;land;false;plains;2
17431;190;201;247;land;false;forest;8
17432;247;156;189;land;false;forest;8
17433;203;223;90;land;false;desert;8
17434;184;251;99;land;true;plains;8
17435;252;103;211;land;false;plains;7
17436;150;216;209;land;false;plains;7
17437;199;206;231;land;false;plains;7
17438;134;143;243;land;true;plains;7
17439;233;199;181;land;false;forest;2
17440;153;195;181;land;false;mountain;2
17441;195;207;115;land;false;plains;2
17442;177;176;171;land;false;plains;5
17443;141;243;215;land;false;forest;8
17444;250;154;138;land;false;plains;7
17445;116;207;187;land;false;plains;7
17446;132;177;196;land;true;jungle;7
17447;125;247;229;land;true;plains;2
17448;234;252;118;land;false;desert;2
17449;165;249;116;land;false;marsh;2
17450;243;204;103;land;false;forest;5
17451;48;206;252;land;false;plains;8
17452;179;217;163;land;false;desert;8
17453;244;231;155;land;true;plains;7
17454;191;150;188;land;false;plains;7
17455;157;118;229;land;false;desert;2
17456;220;217;221;land;false;desert;2
17457;159;202;234;land;false;desert;2
17458;195;220;209;land;false;plains;2
17459;226;140;178;land;false;forest;5
17460;155;199;244;land;true;forest;8
17461;155;142;210;land;false;hills;8
17462;215;131;166;land;false;volcanic;8
17463;154;238;139;land;false;plains;7
17464;226;154;166;land;false;plains;7
17465;241;109;167;land;false;urban;7
17466;212;207;214;land;false;desert;2
17467;45;254;243;land;false;marsh;2
17468;248;223;38;land;false;plains;5
17469;63;228;213;land;false;forest;8
17470;244;190;231;land;false;forest;8
17471;121;223;248;land;false;desert;8
17472;153;250;192;land;false;mountain;8
17473;214;171;186;land;false;mountain;7
17474;189;235;172;land;true;urban;7
17475;161;201;216;land;true;marsh;7
17476;246;151;135;land;false;jungle;7
17477;204;124;193;land;false;forest;8
17478;240;164;204;land;true;plains;7
17479;181;213;229;land;false;forest;7
17480;189;226;195;land;true;plains;7
17481;189;222;118;land;false;plains;2
17482;50;214;246;land;false;plains;2
17483;203;227;190;land;false;desert;8
17484;136;163;235;land;false;desert;8
17485;105;231;211;land;false;volcanic;8
17486;83;237;228;land;false;desert;8
17487;167;169;187;land;false;plains;7
17488;220;118;229;land;false;plains;7
17489;224;191;185;land;false;marsh;7
17490;107;213;245;land;false;urban;7
17491;175;225;112;land;false;desert;2
17492;149;247;170;land;true;plains;2
17493;214;232;94;land;false;forest;8
17494;112;227;194;land;false;desert;8
17495;210;135;190;land;false;desert;8
17496;249;185;124;land;false;urban;7
17497;182;233;189;land;false;urban;7
17498;183;254;225;land;true;plains;7
17499;225;177;164;land;false;forest;7
17500;252;82;183;land;false;desert;2
17501;241;248;207;land;false;plains;2
17502;220;181;163;land;true;marsh;2
17503;216;170;143;land;true;hills;5
17504;75;251;236;land;false;forest;8
17505;173;200;254;land;false;urban;8
17506;214;91;242;land;false;forest;7
17507;95;158;254;land;false;forest;7
17508;231;232;150;land;false;plains;7
17509;101;181;248;land;false;plains;7
17510;167;166;216;land;false;volcanic;7
17511;83;220;237;land;false;hills;7
17512;242;150;244;land;true;hills;5
17513;105;215;247;land;true;plains;5
17514;235;243;119;land;false;forest;8
17515;144;168;249;land;false;forest;8
17516;254;141;169;land;false;plains;8
17517;169;250;97;land;true;urban;7
17518;194;178;237;land;false;plains;7
17519;170;179;170;land;false;plains;2
17520;214;230;192;land;true;plains;5
17521;121;135;250;land;false;hills;8
17522;184;167;183;land;false;urban;7
17523;176;168;162;land;false;hills;7
17524;247;162;242;land;false;hills;7
17525;251;121;158;land;false;plains;2
17526;210;222;131;land;false;desert;2
17527;214;183;182;land;false;plains;2
17528;179;247;105;land;false;plains;8
17529;160;173;196;land;false;forest;8
17530;152;225;226;land;false;plains;7
17531;254;137;217;land;false;plains;7
17532;195;243;119;land;false;jungle;7
17533;250;173;214;land;false;urban;2
17534;242;117;215;land;false;marsh;2
17535;215;226;147;land;false;plains;5
17536;251;233;208;land;false;mountain;8
17537;224;173;170;land;false;forest;8
17538;244;125;242;land;false;forest;8
17539;174;231;109;land;false;mountain;8
17540;168;250;201;land;false;mountain;7
17541;251;226;60;land;false;marsh;7
17542;236;180;140;land;true;plains;7
17543;143;254;116;land;true;plains;2
17544;245;183;224;land;false;hills;5
17545;184;214;167;land;false;forest;8
17546;238;125;168;land;false;mountain;8
17547;104;226;244;land;false;hills;7
17548;251;237;186;land;false;hills;7
17549;239;125;195;land;false;mountain;7
17550;205;233;70;land;false;forest;7
17551;237;246;128;land;false;forest;7
17552;220;182;228;land;false;hills;7
17553;218;183;155;land;false;desert;2
17554;232;237;138;land;false;desert;2
17555;27;239;252;land;false;forest;8
17556;207;81;226;land;false;forest;8
17557;180;226;122;land;false;desert;8
17558;217;239;108;land;false;plains;7
17559;240;240;177;land;false;forest;7
17560;228;72;215;land;true;urban;7
17561;227;233;243;land;false;desert;2
17562;182;115;207;land;false;hills;8
17563;143;241;233;land;false;desert;8
17564;200;183;168;land;false;mountain;8
17565;249;116;186;land;false;hills;7
17566;244;97;219;land;false;plains;7
17567;193;240;83;land;false;mountain;8
17568;165;249;104;land;false;hills;8
17569;238;85;187;land;false;mountain;7
17570;211;124;222;land;false;jungle;7
17571;166;241;96;land;true;plains;2
17572;206;215;118;land;false;desert;2
17573;212;222;197;land;false;plains;5
17574;223;143;138;land;false;plains;5
17575;216;190;130;land;false;mountain;8
17576;51;247;208;land;false;forest;8
17577;243;164;118;land;false;hills;7
17578;221;236;249;land;false;forest;7
17579;102;210;241;land;false;mountain;7
17580;239;180;201;land;false;plains;5
17581;192;65;253;land;false;plains;5
17582;198;232;104;land;false;forest;8
17583;235;57;236;land;false;mountain;8
17584;199;175;230;land;false;mountain;7
17585;250;245;60;land;false;mountain;7
17586;196;84;228;land;false;hills;7
17587;189;219;140;land;false;jungle;7
17588;208;229;153;land;false;plains;2
17589;179;223;131;land;false;plains;5
17590;207;253;223;land;false;forest;8
17591;162;171;227;land;false;hills;8
17592;178;202;130;land;true;plains;2
17593;182;175;158;land;false;marsh;2
17594;229;88;236;land;false;plains;8
17595;194;194;213;land;false;desert;8
17596;228;93;183;land;false;desert;8
17597;174;211;189;land;false;mountain;8
17598;199;155;182;land;false;hills;7
17599;205;145;176;land;false;plains;7
17600;212;229;241;land;false;mountain;7
17601;185;243;194;land;false;hills;7
17602;158;246;236;land;false;hills;7
17603;131;241;165;land;false;plains;5
17604;129;247;235;land;false;plains;5
17605;243;157;164;land;false;forest;8
17606;235;210;117;land;false;mountain;7
17607;131;248;230;land;false;mountain;7
17608;198;173;133;land;false;plains;7
17609;174;133;250;land;true;plains;7
17610;222;177;172;land;false;marsh;2
17611;138;187;210;land;false;plains;5
17612;166;92;248;land;false;forest;5
17613;204;219;253;land;false;mountain;7
17614;158;215;145;land;false;plains;7
17615;183;153;233;land;false;jungle;7
17616;214;188;229;land;false;mountain;7
17617;147;210;162;land;true;plains;2
17618;226;216;71;land;false;plains;2
17619;44;220;239;land;true;plains;5
17620;252;179;147;land;false;mountain;7
17621;225;242;231;land;false;desert;7
17622;195;214;98;land;false;plains;7
17623;143;122;249;land;false;plains;7
17624;230;135;211;land;false;desert;2
17625;254;56;216;land;false;desert;2
17626;224;223;210;land;false;plains;2
17627;198;166;247;land;false;mountain;8
17628;190;211;210;land;false;hills;8
17629;218;186;141;land;false;forest;8
17630;176;220;242;land;false;volcanic;8
17631;157;227;211;land;false;mountain;7
17632;150;149;232;land;false;plains;7
17633;241;160;248;land;false;plains;7
17634;157;253;151;land;false;hills;7
17635;213;122;207;land;true;plains;2
17636;185;227;137;land;false;desert;2
17637;233;154;184;land;false;plains;5
17638;92;238;222;land;false;desert;8
17639;201;161;205;land;false;hills;8
17640;209;112;246;land;true;desert;8
17641;221;196;136;land;false;mountain;7
17642;163;167;192;land;false;mountain;7
17643;196;248;242;land;false;plains;7
17644;222;159;232;land;false;mountain;7
17645;203;224;133;land;false;desert;2
17646;45;253;220;land;false;hills;5
17647;230;194;190;land;false;plains;5
17648;215;174;150;land;false;desert;8
17649;243;161;221;land;false;plains;7
17650;132;194;188;land;false;hills;7
17651;117;162;225;land;false;desert;2
17652;208;162;240;land;false;forest;5
17653;249;221;92;land;false;mountain;8
17654;183;192;135;land;false;forest;8
17655;176;252;212;land;true;urban;7
17656;215;190;199;land;false;plains;5
17657;243;51;212;land;false;forest;5
17658;62;248;249;land;false;hills;8
17659;184;214;204;land;false;desert;8
17660;130;231;227;land;false;mountain;7
17661;90;240;181;land;false;plains;7
17662;232;35;253;land;true;urban;7
17663;236;200;225;land;false;plains;2
17664;98;223;181;land;true;plains;5
17665;240;212;189;land;false;plains;5
17666;207;134;228;land;false;plains;5
17667;227;214;151;land;false;hills;8
17668;167;216;230;land;false;forest;8
17669;147;153;233;land;false;desert;8
17670;220;182;184;land;true;plains;7
17671;165;205;144;land;false;mountain;7
17672;202;164;237;land;false;plains;5
17673;224;223;192;land;false;plains;5
17674;147;209;239;land;false;forest;5
17675;81;244;249;land;true;desert;8
17676;199;214;210;land;false;plains;7
17677;140;211;189;land;false;forest;7
17678;122;192;229;land;true;plains;7
17679;244;42;235;land;false;mountain;7
17680;63;251;219;land;false;desert;2
17681;173;160;218;land;false;desert;2
17682;197;245;145;land;false;plains;2
17683;163;136;243;land;false;plains;2
17684;153;229;244;land;false;mountain;5
17685;137;228;238;land;false;plains;5
17686;215;231;144;land;false;plains;5
17687;222;216;67;land;false;forest;5
17688;239;95;187;land;false;forest;8
17689;139;132;236;land;false;hills;7
17690;216;164;146;land;false;mountain;7
17691;125;239;156;land;false;plains;7
17692;227;214;131;land;false;plains;7
17693;251;98;243;land;true;plains;2
17694;174;253;244;land;true;forest;5
17695;169;173;190;land;false;hills;8
17696;148;252;237;land;false;mountain;8
17697;216;139;230;land;false;mountain;8
17698;253;172;170;land;false;forest;8
17699;208;234;227;land;false;hills;7
17700;208;142;215;land;false;plains;7
17701;210;124;194;land;false;plains;7
17702;173;229;163;land;false;urban;7
17703;172;172;194;land;false;desert;2
17704;183;202;131;land;false;plains;5
17705;206;246;110;land;false;hills;8
17706;207;250;64;land;false;plains;7
17707;225;248;253;land;false;mountain;7
17708;253;150;123;land;false;desert;7
17709;144;192;242;land;false;hills;7
17710;58;248;227;land;false;mountain;5
17711;127;169;254;land;false;hills;8
17712;108;230;214;land;false;mountain;8
17713;154;239;128;land;false;mountain;7
17714;123;241;241;land;false;desert;7
17715;181;231;155;land;false;jungle;7
17716;179;212;110;land;false;mountain;7
17717;214;234;206;land;false;plains;5
17718;209;251;51;land;false;plains;8
17719;169;145;200;land;false;mountain;8
17720;247;194;156;land;false;urban;7
17721;78;239;204;land;false;plains;7
17722;176;235;193;land;false;hills;7
17723;243;112;246;land;false;desert;2
17724;250;250;58;land;false;marsh;2
17725;134;231;145;land;false;plains;5
17726;196;217;152;land;false;hills;5
17727;223;254;184;land;false;forest;5
17728;238;138;170;land;false;hills;8
17729;220;241;179;land;false;hills;8
17730;235;130;143;land;false;plains;8
17731;214;112;221;land;false;hills;7
17732;226;162;173;land;false;desert;2
17733;104;218;191;land;false;plains;2
17734;74;253;243;land;false;plains;2
17735;191;165;204;land;false;plains;7
17736;205;208;209;land;false;hills;7
17737;247;208;84;land;false;mountain;7
17738;229;243;119;land;true;plains;5
17739;220;248;220;land;false;plains;5
17740;200;204;205;land;false;plains;5
17741;219;184;217;land;false;plains;5
17742;241;153;239;land;false;hills;8
17743;250;249;222;land;false;forest;8
17744;253;106;247;land;true;plains;7
17745;194;243;151;land;false;hills;7
17746;68;216;243;land;false;plains;2
17747;202;244;237;land;false;plains;2
17748;207;229;209;land;false;plains;5
17749;111;243;202;land;false;plains;5
17750;221;231;70;land;false;hills;5
17751;210;223;253;land;false;hills;8
17752;122;233;207;land;false;mountain;7
17753;202;217;151;land;false;hills;7
17754;160;188;195;land;false;marsh;7
17755;76;198;235;land;false;marsh;7
17756;181;226;184;land;false;desert;2
17757;195;204;240;land;true;mountain;5
17758;178;167;205;land;false;hills;5
17759;175;164;237;land;false;plains;5
17760;130;251;138;land;false;mountain;8
17761;199;125;223;land;false;plains;8
17762;133;231;221;land;false;hills;8
17763;158;179;248;land;false;desert;8
17764;233;238;156;land;false;mountain;8
17765;223;215;83;land;false;forest;7
17766;145;185;212;land;false;desert;7
17767;169;113;242;land;false;jungle;7
17768;111;187;227;land;false;jungle;7
17769;111;250;220;land;false;desert;2
17770;249;218;42;land;false;plains;2
17771;174;185;163;land;false;plains;5
17772;196;150;169;land;false;mountain;8
17773;230;239;67;land;false;mountain;8
17774;235;227;73;land;false;plains;7
17775;229;238;130;land;false;mountain;7
17776;41;223;249;land;false;forest;7
17777;236;244;128;land;false;jungle;7
17778;99;252;204;land;false;desert;2
17779;41;225;235;land;false;plains;5
17780;248;128;212;land;true;plains;7
17781;137;235;200;land;false;mountain;7
17782;160;156;239;land;false;desert;2
17783;189;223;227;land;false;desert;2
17784;212;88;230;land;false;plains;2
17785;219;226;78;land;false;mountain;8
17786;96;207;209;land;true;plains;7
17787;111;253;223;land;false;mountain;7
17788;235;94;242;land;false;hills;7
17789;223;182;105;land;false;plains;2
17790;205;246;195;land;false;plains;2
17791;217;253;70;land;false;hills;5
17792;211;198;92;land;false;hills;5
17793;224;244;42;land;false;hills;7
17794;249;188;194;land;false;mountain;7
17795;179;185;179;land;false;desert;2
17796;244;249;61;land;false;mountain;2
17797;211;193;189;land;false;hills;5
17798;234;99;248;land;false;plains;8
17799;218;147;246;land;false;desert;8
17800;55;222;229;land;false;desert;8
17801;126;247;231;land;false;desert;8
17802;198;97;214;land;false;hills;5
17803;202;243;80;land;false;mountain;8
17804;223;230;169;land;false;plains;8
17805;247;98;171;land;false;plains;8
17806;160;144;225;land;false;volcanic;8
17807;249;103;226;land;false;plains;7
17808;105;175;234;land;false;urban;7
17809;193;76;242;land;false;jungle;7
17810;196;151;176;land;false;plains;7
17811;235;193;216;land;false;hills;7
17812;224;223;220;land;false;plains;2
17813;216;209;228;land;false;mountain;5
17814;176;231;188;land;false;plains;5
17815;231;182;213;land;false;desert;8
17816;170;224;233;land;true;plains;7
17817;206;80;221;land;false;plains;7
17818;201;232;92;land;false;forest;7
17819;163;124;226;land;false;jungle;7
17820;241;226;95;land;false;jungle;7
17821;242;220;95;land;false;hills;2
17822;236;189;155;land;false;marsh;2
17823;170;245;138;land;false;plains;5
17824;242;212;125;land;false;forest;5
17825;180;233;115;land;false;hills;8
17826;212;186;174;land;false;hills;8
17827;103;190;238;land;false;mountain;8
17828;212;171;239;land;false;hills;8
17829;164;102;235;land;false;forest;8
17830;174;213;183;land;false;hills;8
17831;145;227;239;land;false;forest;7
17832;96;208;222;land;false;mountain;2
17833;133;245;217;land;false;plains;5
17834;228;76;199;land;false;plains;5
17835;230;153;199;land;false;desert;8
17836;167;251;226;land;false;mountain;8
17837;200;171;235;land;false;hills;8
17838;118;219;223;land;false;hills;7
17839;198;196;239;land;false;hills;7
17840;136;211;241;land;false;forest;7
17841;179;113;236;land;false;jungle;7
17842;184;91;233;land;false;mountain;2
17843;229;202;104;land;false;plains;5
17844;187;99;236;land;false;plains;5
17845;190;179;188;land;false;hills;8
17846;252;224;181;land;false;hills;8
17847;248;191;236;land;false;plains;7
17848;164;237;246;land;false;desert;7
17849;165;161;207;land;false;hills;7
17850;176;152;241;land;false;jungle;7
17851;163;160;226;land;false;mountain;7
17852;183;217;193;land;false;hills;7
17853;86;206;242;land;false;plains;5
17854;231;229;93;land;true;desert;7
17855;199;155;229;land;false;plains;7
17856;66;218;243;land;false;mountain;7
17857;101;213;253;land;false;hills;7
17858;70;191;250;land;false;volcanic;2
17859;217;182;106;land;false;hills;2
17860;205;229;91;land;false;plains;5
17861;187;186;184;land;false;hills;8
17862;239;241;43;land;false;plains;8
17863;91;202;242;land;false;urban;8
17864;220;237;179;land;true;plains;7
17865;232;170;102;land;false;plains;7
17866;211;226;217;land;false;jungle;7
17867;206;198;120;land;false;forest;7
17868;211;230;75;land;false;desert;2
17869;88;203;210;land;false;desert;2
17870;248;211;161;land;false;marsh;2
17871;229;231;70;land;false;marsh;2
17872;219;181;121;land;false;plains;2
17873;241;198;252;land;false;mountain;5
17874;81;178;252;land;false;plains;5
17875;138;181;215;land;false;plains;8
17876;162;234;168;land;false;desert;8
17877;189;244;220;land;true;desert;8
17878;211;129;243;land;false;hills;7
17879;207;76;225;land;false;mountain;7
17880;156;216;148;land;false;hills;7
17881;164;178;161;land;false;urban;2
17882;179;190;239;land;false;mountain;2
17883;109;189;205;land;false;forest;5
17884;192;111;240;land;true;forest;8
17885;125;169;242;land;false;hills;8
17886;208;215;89;land;true;urban;7
17887;158;195;242;land;false;mountain;2
17888;253;137;201;land;false;plains;5
17889;231;188;160;land;false;plains;5
17890;192;223;152;land;false;plains;5
17891;139;191;216;land;false;forest;5
17892;236;210;110;land;false;desert;8
17893;183;204;182;land;false;plains;7
17894;83;209;254;land;false;hills;8
17895;204;79;219;land;false;mountain;8
17896;176;175;201;land;false;plains;7
17897;84;226;194;land;false;hills;7
17898;115;250;152;land;false;hills;7
17899;249;225;238;land;false;plains;7
17900;232;217;165;land;false;volcanic;7
17901;33;239;231;land;false;mountain;5
17902;247;209;234;land;false;plains;5
17903;13;241;250;land;false;hills;8
17904;148;221;173;land;false;hills;8
17905;233;148;131;land;false;desert;8
17906;244;236;204;land;false;urban;7
17907;134;156;227;land;true;urban;7
17908;222;239;183;land;false;urban;7
17909;176;214;242;land;false;jungle;7
17910;164;134;218;land;false;mountain;2
17911;194;215;163;land;false;plains;2
17912;223;209;101;land;false;hills;5
17913;71;247;227;land;false;plains;5
17914;165;154;222;land;false;hills;8
17915;200;188;208;land;false;mountain;8
17916;162;229;211;land;false;hills;8
17917;212;230;214;land;false;plains;8
17918;182;152;216;land;true;desert;8
17919;172;201;131;land;true;plains;7
17920;246;235;20;land;false;desert;7
17921;79;229;232;land;false;hills;7
17922;181;192;249;land;true;desert;7
17923;83;202;225;land;false;desert;2
17924;233;71;243;land;false;mountain;2
17925;225;187;177;land;false;hills;8
17926;178;196;230;land;false;plains;7
17927;201;151;243;land;false;jungle;7
17928;207;186;167;land;false;mountain;7
17929;208;221;245;land;false;plains;7
17930;102;202;205;land;false;hills;7
17931;109;152;249;land;true;hills;7
17932;238;120;176;land;false;desert;2
17933;178;191;216;land;false;plains;5
17934;184;148;187;land;false;hills;8
17935;250;197;146;land;false;hills;8
17936;203;252;87;land;false;plains;8
17937;164;227;222;land;false;hills;8
17938;240;33;231;land;false;plains;7
17939;254;61;231;land;false;plains;7
17940;109;249;205;land;false;mountain;7
17941;235;124;155;land;false;hills;7
17942;213;246;144;land;false;plains;5
17943;128;177;245;land;true;plains;5
17944;247;149;148;land;false;plains;8
17945;134;203;175;land;true;hills;7
17946;124;251;177;land;false;plains;7
17947;195;227;150;land;false;hills;7
17948;46;61;76;sea;true;water_fjords;0
17949;135;235;253;land;false;hills;5
17950;173;223;169;land;false;plains;8
17951;154;207;250;land;false;marsh;7
17952;140;237;142;land;false;plains;2
17953;237;128;245;land;false;plains;5
17954;86;248;191;land;false;hills;8
17955;175;194;157;land;false;hills;8
17956;164;136;244;land;false;desert;8
17957;227;153;152;land;false;mountain;7
17958;254;123;202;land;false;plains;7
17959;100;184;253;land;false;jungle;7
17960;242;238;59;land;false;hills;2
17961;175;165;212;land;false;marsh;2
17962;110;238;207;land;false;plains;5
17963;247;136;200;land;false;plains;5
17964;120;175;238;land;true;plains;7
17965;197;231;107;land;true;plains;7
17966;209;96;252;land;false;mountain;7
17967;150;213;175;land;false;volcanic;2
17968;227;158;236;land;false;marsh;2
17969;214;128;239;land;false;plains;2
17970;163;238;218;land;false;plains;2
17971;168;218;123;land;false;urban;5
17972;140;134;239;land;false;forest;8
17973;216;106;234;land;false;desert;8
17974;196;210;218;land;false;mountain;8
17975;247;239;16;land;false;urban;7
17976;101;243;206;land;true;jungle;7
17977;165;190;147;land;false;hills;8
17978;124;209;200;land;false;hills;8
17979;232;121;175;land;false;plains;8
17980;119;238;156;land;false;desert;8
17981;123;253;233;land;false;desert;8
17982;179;240;159;land;false;jungle;7
17983;171;234;99;land;false;hills;7
17984;189;230;213;land;false;desert;7
17985;227;169;193;land;false;plains;7
17986;194;64;251;land;false;jungle;7
17987;205;218;215;land;false;mountain;7
17988;239;250;224;land;false;hills;7
17989;82;202;234;land;false;mountain;2
17990;243;75;242;land;false;plains;2
17991;233;157;133;land;false;desert;5
17992;129;251;240;land;false;hills;5
17993;195;250;200;land;false;hills;8
17994;200;253;163;land;true;plains;7
17995;200;177;219;land;false;mountain;7
17996;156;147;210;land;true;plains;7
17997;173;91;238;land;false;desert;7
17998;176;213;193;land;true;mountain;7
17999;203;211;229;land;false;desert;2
18000;207;197;209;land;false;marsh;2
18001;226;159;131;land;false;mountain;8
18002;61;246;254;land;false;desert;7
18003;122;178;234;land;false;hills;7
18004;158;113;246;land;false;mountain;7
18005;206;245;138;land;true;jungle;7
18006;108;233;210;land;false;urban;7
18007;210;168;195;land;false;jungle;7
18008;218;173;176;land;true;desert;2
18009;235;108;208;land;false;mountain;2
18010;253;211;77;land;false;marsh;2
18011;153;198;210;land;false;mountain;2
18012;230;76;214;land;false;desert;5
18013;143;185;206;land;false;plains;5
18014;221;215;210;land;false;plains;8
18015;94;247;254;land;true;plains;7
18016;241;166;171;land;false;hills;7
18017;234;196;144;land;true;jungle;7
18018;119;234;237;land;false;forest;7
18019;232;202;212;land;false;mountain;7
18020;199;252;208;land;false;hills;7
18021;248;189;226;land;false;marsh;2
18022;116;173;236;land;false;plains;2
18023;207;224;100;land;false;plains;5
18024;243;137;203;land;false;plains;5
18025;191;176;208;land;false;plains;5
18026;173;241;143;land;false;hills;8
18027;217;181;200;land;false;mountain;8
18028;220;169;152;land;false;hills;8
18029;188;166;221;land;true;hills;7
18030;55;224;239;land;false;plains;7
18031;207;249;176;land;false;forest;7
18032;153;201;202;land;false;plains;7
18033;207;219;163;land;true;marsh;7
18034;201;113;246;land;false;jungle;7
18035;215;165;233;land;false;plains;7
18036;133;215;232;land;false;mountain;5
18037;208;184;115;land;false;hills;5
18038;251;207;82;land;false;urban;7
18039;247;62;195;land;false;hills;7
18040;219;113;211;land;false;mountain;7
18041;150;155;246;land;false;volcanic;2
18042;238;133;216;land;false;mountain;2
18043;207;195;161;land;false;mountain;2
18044;214;61;226;land;false;plains;5
18045;247;203;70;land;false;desert;5
18046;226;239;204;land;false;hills;8
18047;249;106;211;land;false;plains;8
18048;163;223;151;land;true;hills;8
18049;240;163;196;land;false;hills;7
18050;217;121;228;land;false;mountain;7
18051;200;161;155;land;false;marsh;2
18052;229;133;245;land;true;jungle;2
18053;184;248;149;land;false;hills;5
18054;209;231;74;land;false;jungle;7
18055;132;190;216;land;false;desert;2
18056;65;250;250;land;false;volcanic;2
18057;167;242;111;land;false;mountain;2
18058;218;184;176;land;false;mountain;2
18059;169;245;175;land;false;marsh;2
18060;253;109;215;land;true;plains;2
18061;193;212;139;land;false;plains;5
18062;251;105;217;land;false;plains;5
18063;250;237;49;land;false;plains;5
18064;233;145;185;land;false;hills;8
18065;232;182;101;land;true;plains;7
18066;197;188;185;land;true;desert;7
18067;138;226;196;land;false;marsh;7
18068;127;220;181;land;false;jungle;7
18069;243;197;240;land;false;mountain;2
18070;253;140;148;land;false;plains;2
18071;205;156;179;land;false;desert;8
18072;224;221;84;land;false;jungle;7
18073;235;192;106;land;false;plains;7
18074;196;136;244;land;false;jungle;7
18075;203;143;175;land;true;hills;7
18076;146;161;224;land;false;plains;2
18077;221;228;246;land;false;hills;5
18078;254;161;101;land;false;forest;5
18079;229;168;127;land;false;plains;8
18080;130;153;243;land;false;plains;7
18081;229;160;200;land;false;hills;7
18082;241;221;80;land;false;plains;7
18083;235;20;246;land;false;forest;8
18084;140;218;173;land;false;hills;8
18085;224;246;217;land;false;plains;8
18086;167;193;151;land;false;mountain;8
18087;133;169;234;land;false;desert;7
18088;142;249;127;land;false;jungle;7
18089;221;242;203;land;false;jungle;7
18090;171;165;193;land;true;desert;7
18091;245;96;198;land;true;desert;7
18092;207;217;248;land;false;jungle;7
18093;240;224;63;land;true;plains;7
18094;80;219;225;land;false;hills;7
18095;205;161;223;land;false;plains;7
18096;184;239;198;land;true;urban;7
18097;121;167;224;land;false;hills;7
18098;186;251;75;land;false;plains;7
18099;236;183;249;land;false;mountain;7
18100;227;191;92;land;false;desert;2
18101;174;221;157;land;false;marsh;2
18102;177;178;214;land;false;mountain;2
18103;241;82;245;land;true;jungle;2
18104;197;218;158;land;false;plains;5
18105;188;158;213;land;false;plains;5
18106;123;228;226;land;false;hills;5
18107;131;212;240;land;false;mountain;8
18108;62;247;233;land;false;plains;7
18109;210;148;195;land;false;hills;7
18110;165;227;157;land;false;marsh;2
18111;211;247;91;land;false;hills;5
18112;217;101;226;land;false;plains;5
18113;191;220;141;land;false;hills;8
18114;210;214;220;land;false;plains;8
18115;250;123;129;land;false;plains;8
18116;234;178;140;land;false;hills;7
18117;123;187;213;land;false;mountain;7
18118;188;199;194;land;false;jungle;7
18119;203;224;205;land;false;mountain;7
18120;190;146;200;land;false;plains;8
18121;234;158;200;land;false;plains;8
18122;194;196;144;land;false;hills;8
18123;247;157;134;land;false;jungle;7
18124;227;230;50;land;true;plains;7
18125;180;251;74;land;false;plains;7
18126;224;224;164;land;false;plains;7
18127;237;243;168;land;false;mountain;2
18128;249;127;196;land;false;mountain;2
18129;146;228;195;land;false;desert;5
18130;234;126;196;land;false;hills;8
18131;228;164;165;land;false;plains;8
18132;216;244;248;land;false;plains;8
18133;230;34;243;land;false;desert;8
18134;221;154;148;land;false;hills;7
18135;228;253;130;land;true;plains;7
18136;249;193;224;land;false;plains;7
18137;189;131;213;land;false;desert;2
18138;66;237;229;land;false;mountain;2
18139;220;229;187;land;false;mountain;2
18140;235;209;98;land;false;plains;2
18141;238;249;208;land;false;plains;5
18142;154;160;202;land;false;plains;5
18143;197;123;225;land;true;urban;5
18144;157;201;169;land;true;urban;7
18145;98;189;224;land;true;jungle;7
18146;242;56;217;land;false;mountain;7
18147;80;232;219;land;false;desert;2
18148;249;241;171;land;false;mountain;2
18149;164;236;226;land;false;mountain;2
18150;222;98;227;land;false;plains;2
18151;252;92;251;land;true;jungle;2
18152;201;200;253;land;false;hills;5
18153;246;67;234;land;false;urban;5
18154;254;235;79;land;false;hills;8
18155;146;214;212;land;true;forest;7
18156;185;108;220;land;false;jungle;7
18157;222;118;230;land;false;mountain;7
18158;193;250;186;land;false;plains;5
18159;215;190;134;land;true;plains;8
18160;243;147;254;land;false;desert;8
18161;253;189;167;land;true;desert;7
18162;92;234;232;land;false;plains;7
18163;139;207;220;land;true;plains;7
18164;245;172;233;land;false;desert;2
18165;254;236;113;land;false;desert;2
18166;202;226;245;land;false;marsh;2
18167;249;159;235;land;false;plains;5
18168;147;236;201;land;false;plains;8
18169;218;200;155;land;false;hills;8
18170;147;211;147;land;true;plains;7
18171;134;173;220;land;false;mountain;7
18172;252;244;145;land;false;mountain;7
18173;86;215;238;land;true;jungle;7
18174;174;249;135;land;true;jungle;7
18175;190;157;156;land;false;plains;7
18176;242;145;143;land;false;plains;7
18177;179;181;219;land;false;jungle;7
18178;191;110;231;land;false;mountain;7
18179;192;236;138;land;false;mountain;2
18180;254;103;178;land;false;forest;5
18181;237;164;141;land;false;plains;5
18182;174;249;97;land;false;urban;5
18183;84;211;214;land;true;plains;8
18184;198;217;92;land;false;urban;8
18185;228;167;134;land;false;hills;8
18186;135;228;174;land;false;hills;8
18187;162;233;221;land;false;mountain;8
18188;184;225;170;land;false;plains;7
18189;148;223;222;land;false;plains;7
18190;185;150;245;land;true;desert;7
18191;244;160;240;land;false;hills;7
18192;199;220;213;land;false;mountain;7
18193;173;166;187;land;false;mountain;2
18194;168;115;225;land;false;marsh;2
18195;215;234;113;land;false;plains;5
18196;190;238;140;land;false;mountain;5
18197;239;252;166;land;true;urban;8
18198;72;254;251;land;false;mountain;7
18199;153;206;215;land;false;hills;7
18200;190;218;196;land;false;mountain;7
18201;73;58;53;sea;true;water_fjords;0
18202;178;158;249;land;false;plains;5
18203;224;254;179;land;true;urban;5
18204;193;144;170;land;false;plains;8
18205;230;237;85;land;false;plains;8
18206;86;237;228;land;false;mountain;7
18207;104;242;214;land;true;urban;7
18208;190;196;122;land;false;desert;7
18209;202;248;236;land;false;desert;2
18210;233;212;108;land;false;marsh;2
18211;182;141;200;land;false;mountain;5
18212;227;234;169;land;false;hills;8
18213;130;154;242;land;false;plains;7
18214;191;163;223;land;false;plains;7
18215;251;79;210;land;false;plains;7
18216;179;199;213;land;true;plains;7
18217;159;190;173;land;false;plains;7
18218;197;212;185;land;false;hills;7
18219;233;171;100;land;false;volcanic;7
18220;224;245;165;land;false;desert;2
18221;223;180;188;land;false;plains;5
18222;159;204;209;land;false;plains;5
18223;174;235;193;land;false;plains;8
18224;84;236;212;land;false;forest;8
18225;230;248;201;land;false;mountain;8
18226;187;229;155;land;false;mountain;7
18227;129;241;193;land;false;mountain;7
18228;75;218;246;land;false;hills;7
18229;251;167;118;land;false;plains;7
18230;192;220;125;land;false;hills;7
18231;254;200;97;land;false;volcanic;7
18232;84;196;249;land;false;mountain;2
18233;217;167;167;land;false;forest;2
18234;250;231;168;land;false;plains;5
18235;88;254;196;land;false;forest;8
18236;178;246;155;land;false;hills;8
18237;143;189;210;land;false;forest;7
18238;126;240;237;land;false;marsh;2
18239;168;161;179;land;false;forest;2
18240;87;239;212;land;false;jungle;2
18241;134;226;251;land;false;hills;5
18242;54;86;83;sea;true;water_fjords;0
18243;55;73;56;sea;true;water_fjords;0
18244;198;214;184;land;false;hills;5
18245;212;224;193;land;false;plains;5
18246;201;196;160;land;false;hills;8
18247;182;251;123;land;false;plains;8
18248;211;204;226;land;false;mountain;7
18249;125;212;173;land;false;mountain;7
18250;73;214;235;land;true;plains;7
18251;144;234;193;land;false;desert;7
18252;251;100;181;land;false;mountain;2
18253;244;71;250;land;false;hills;2
18254;157;245;170;land;false;forest;2
18255;145;162;245;land;false;forest;2
18256;247;221;122;land;false;hills;5
18257;217;244;45;land;false;hills;8
18258;221;138;151;land;false;hills;8
18259;239;69;247;land;true;hills;7
18260;241;195;75;land;false;mountain;7
18261;234;172;246;land;true;urban;7
18262;254;208;94;land;false;desert;2
18263;147;227;191;land;false;marsh;2
18264;156;221;228;land;false;marsh;5
18265;224;246;170;land;false;plains;5
18266;180;216;204;land;false;plains;8
18267;178;165;207;land;false;plains;8
18268;215;241;135;land;true;hills;7
18269;229;153;173;land;false;hills;7
18270;233;115;240;land;false;forest;7
18271;229;235;210;land;false;hills;7
18272;174;243;137;land;false;hills;2
18273;207;208;86;land;true;plains;5
18274;171;175;199;land;true;plains;5
18275;215;171;142;land;false;plains;8
18276;223;52;242;land;false;plains;8
18277;224;64;227;land;false;plains;7
18278;245;183;118;land;false;mountain;7
18279;226;114;245;land;false;plains;7
18280;157;131;237;land;false;hills;7
18281;249;145;136;land;false;plains;7
18282;197;236;103;land;false;plains;7
18283;57;202;246;land;false;hills;2
18284;163;218;242;land;true;hills;7
18285;242;182;114;land;false;plains;7
18286;64;239;213;land;true;plains;7
18287;192;158;191;land;false;hills;7
18288;206;192;155;land;false;mountain;2
18289;181;180;183;land;false;forest;8
18290;181;196;254;land;false;desert;8
18291;89;253;165;land;true;plains;8
18292;251;167;105;land;true;mountain;7
18293;210;67;249;land;true;hills;7
18294;185;196;174;land;false;plains;7
18295;87;247;230;land;false;forest;7
18296;251;228;155;land;false;mountain;7
18297;161;204;156;land;true;plains;7
18298;218;125;248;land;false;plains;7
18299;196;182;243;land;false;hills;2
18300;159;188;176;land;false;jungle;2
18301;124;197;215;land;false;plains;5
18302;211;164;155;land;false;hills;8
18303;236;200;222;land;false;plains;8
18304;194;213;121;land;true;plains;7
18305;209;222;103;land;false;plains;7
18306;205;254;238;land;false;plains;2
18307;234;165;198;land;false;forest;2
18308;215;133;189;land;false;jungle;2
18309;168;238;249;land;false;mountain;5
18310;227;117;235;land;false;hills;8
18311;253;192;152;land;false;plains;8
18312;244;182;217;land;true;plains;7
18313;184;190;230;land;false;plains;7
18314;120;193;228;land;false;hills;7
18315;90;252;241;land;false;plains;7
18316;70;251;228;land;false;hills;7
18317;159;245;228;land;false;forest;7
18318;206;185;195;land;false;desert;2
18319;110;231;224;land;false;hills;2
18320;117;213;251;land;true;jungle;2
18321;213;212;162;land;false;plains;5
18322;217;247;39;land;false;hills;8
18323;244;151;136;land;false;hills;8
18324;221;126;178;land;false;mountain;8
18325;205;200;206;land;false;plains;8
18326;162;230;156;land;false;plains;7
18327;250;227;194;land;false;desert;7
18328;150;169;227;land;false;hills;7
18329;149;246;235;land;true;forest;7
18330;212;91;217;land;false;forest;2
18331;142;202;189;land;false;forest;2
18332;124;253;216;land;false;forest;2
18333;247;215;206;land;true;plains;5
18334;211;190;252;land;false;desert;5
18335;223;228;74;land;false;forest;5
18336;196;171;140;land;false;hills;5
18337;219;237;68;land;false;hills;5
18338;208;230;132;land;false;hills;7
18339;228;77;208;land;false;volcanic;7
18340;183;249;209;land;false;mountain;2
18341;174;103;253;land;false;forest;2
18342;248;168;175;land;false;plains;5
18343;218;72;224;land;false;plains;5
18344;114;182;254;land;false;hills;8
18345;215;248;47;land;false;desert;8
18346;228;118;203;land;false;plains;7
18347;129;236;216;land;false;plains;7
18348;234;226;165;land;false;hills;2
18349;192;208;195;land;false;urban;2
18350;140;221;245;land;false;forest;2
18351;174;113;244;land;true;plains;5
18352;120;157;239;land;false;hills;8
18353;172;252;243;land;false;plains;8
18354;88;248;209;land;false;hills;7
18355;253;102;182;land;false;plains;2
18356;202;199;235;land;false;hills;7
18357;72;219;246;land;false;plains;7
18358;194;156;225;land;false;plains;7
18359;65;242;226;land;false;hills;5
18360;254;218;139;land;false;plains;5
18361;245;243;129;land;false;hills;8
18362;162;224;148;land;false;plains;8
18363;222;140;233;land;false;plains;8
18364;230;94;189;land;false;plains;7
18365;225;101;214;land;false;plains;2
18366;116;238;174;land;false;mountain;2
18367;251;169;93;land;false;forest;2
18368;244;174;236;land;true;plains;5
18369;207;195;187;land;false;hills;8
18370;78;215;228;land;true;urban;7
18371;218;207;233;land;true;plains;7
18372;194;229;158;land;false;plains;7
18373;237;138;175;land;false;plains;7
18374;45;251;205;land;false;forest;7
18375;122;214;243;land;false;jungle;2
18376;247;35;240;land;false;plains;2
18377;171;183;238;land;false;forest;2
18378;198;252;157;land;true;jungle;2
18379;59;51;76;sea;true;water_fjords;0
18380;159;245;124;land;true;jungle;7
18381;159;199;203;land;false;hills;7
18382;207;249;228;land;false;hills;7
18383;245;153;233;land;false;hills;7
18384;232;250;196;land;false;hills;7
18385;253;233;63;land;false;plains;7
18386;252;231;58;land;false;hills;7
18387;239;80;245;land;false;hills;7
18388;242;171;90;land;false;plains;2
18389;251;254;151;land;false;forest;2
18390;235;213;102;land;false;marsh;5
18391;253;234;156;land;false;plains;5
18392;230;194;111;land;false;mountain;8
18393;194;88;219;land;false;desert;2
18394;204;148;202;land;false;forest;2
18395;226;188;221;land;false;jungle;2
18396;251;17;235;land;false;mountain;5
18397;173;244;101;land;false;plains;8
18398;60;248;233;land;false;plains;8
18399;225;185;122;land;false;mountain;8
18400;195;212;112;land;false;plains;7
18401;144;155;214;land;true;desert;2
18402;146;196;248;land;false;plains;2
18403;170;219;127;land;false;plains;5
18404;227;174;250;land;false;plains;5
18405;89;249;163;land;false;hills;5
18406;142;249;216;land;false;hills;5
18407;237;244;208;land;false;hills;8
18408;119;250;216;land;false;mountain;8
18409;169;126;246;land;false;desert;8
18410;176;238;190;land;false;plains;7
18411;220;165;252;land;false;mountain;7
18412;35;240;231;land;false;mountain;7
18413;224;180;234;land;false;mountain;7
18414;194;215;95;land;false;plains;2
18415;149;188;226;land;false;forest;2
18416;86;231;204;land;true;urban;2
18417;206;236;184;land;false;forest;5
18418;98;207;227;land;false;plains;5
18419;176;163;169;land;false;forest;8
18420;175;251;203;land;false;desert;8
18421;230;163;128;land;false;forest;7
18422;230;217;238;land;false;hills;7
18423;228;219;77;land;false;desert;7
18424;192;171;208;land;false;hills;2
18425;115;251;170;land;false;plains;2
18426;176;75;251;land;false;jungle;2
18427;126;202;254;land;false;mountain;5
18428;154;207;187;land;false;urban;5
18429;78;242;254;land;true;mountain;7
18430;95;245;222;land;false;hills;7
18431;212;192;154;land;false;mountain;7
18432;234;244;159;land;true;plains;7
18433;222;227;63;land;false;plains;2
18434;148;200;163;land;false;mountain;2
18435;244;232;108;land;false;plains;8
18436;231;221;253;land;false;forest;8
18437;235;218;133;land;false;plains;8
18438;237;109;181;land;false;mountain;7
18439;231;111;247;land;false;mountain;7
18440;184;109;219;land;false;hills;2
18441;237;111;173;land;false;plains;2
18442;246;209;115;land;false;plains;2
18443;183;112;239;land;false;mountain;5
18444;167;117;221;land;false;hills;8
18445;180;234;166;land;false;plains;8
18446;232;153;128;land;false;hills;8
18447;242;219;147;land;false;hills;7
18448;198;198;197;land;false;plains;7
18449;230;207;146;land;false;hills;2
18450;234;232;137;land;false;plains;5
18451;166;229;195;land;false;hills;5
18452;160;249;223;land;false;hills;8
18453;223;193;103;land;true;hills;7
18454;180;192;248;land;false;hills;7
18455;208;196;165;land;false;plains;7
18456;106;240;176;land;false;hills;7
18457;169;222;190;land;false;plains;2
18458;92;237;211;land;false;hills;5
18459;139;206;235;land;false;hills;5
18460;254;104;202;land;false;hills;8
18461;145;145;214;land;true;desert;8
18462;253;172;166;land;false;mountain;7
18463;147;251;246;land;false;mountain;7
18464;224;102;220;land;false;plains;7
18465;219;212;216;land;false;hills;7
18466;174;125;237;land;false;mountain;7
18467;229;242;73;land;false;plains;2
18468;177;169;250;land;false;hills;5
18469;220;117;233;land;false;urban;5
18470;152;207;231;land;false;plains;7
18471;237;30;248;land;true;urban;7
18472;145;182;246;land;false;urban;7
18473;151;253;144;land;false;jungle;2
18474;237;156;225;land;false;hills;5
18475;203;150;228;land;false;hills;8
18476;159;236;167;land;false;hills;7
18477;248;227;204;land;false;plains;2
18478;174;148;203;land;false;mountain;2
18479;202;89;225;land;false;forest;2
18480;183;162;227;land;false;plains;8
18481;226;174;172;land;false;desert;7
18482;192;168;148;land;false;forest;7
18483;231;107;233;land;false;jungle;2
18484;246;147;221;land;true;jungle;2
18485;228;131;143;land;false;mountain;5
18486;242;187;177;land;false;mountain;8
18487;223;243;129;land;false;hills;8
18488;225;167;238;land;false;forest;8
18489;146;196;197;land;false;mountain;7
18490;96;202;225;land;true;forest;7
18491;234;222;208;land;false;hills;7
18492;172;102;236;land;false;hills;7
18493;200;251;196;land;false;plains;2
18494;144;218;203;land;false;mountain;2
18495;98;218;254;land;true;jungle;2
18496;96;199;220;land;true;forest;2
18497;86;223;248;land;false;hills;7
18498;212;162;197;land;true;urban;7
18499;200;250;161;land;false;mountain;7
18500;246;180;154;land;false;urban;2
18501;242;252;204;land;false;hills;5
18502;173;205;170;land;false;plains;5
18503;176;215;160;land;false;hills;8
18504;101;200;215;land;false;desert;7
18505;205;196;164;land;false;mountain;7
18506;237;199;239;land;false;plains;7
18507;92;201;215;land;false;plains;7
18508;177;182;248;land;false;hills;2
18509;188;137;202;land;false;mountain;5
18510;148;183;196;land;true;plains;7
18511;158;107;238;land;true;plains;7
18512;234;237;208;land;true;plains;7
18513;150;187;215;land;false;hills;7
18514;251;155;230;land;false;hills;7
18515;174;188;244;land;false;hills;2
18516;230;140;135;land;false;hills;5
18517;117;253;233;land;false;hills;8
18518;177;240;233;land;false;forest;8
18519;151;202;181;land;false;forest;8
18520;66;226;213;land;false;forest;8
18521;209;130;242;land;false;hills;2
18522;180;171;234;land;false;mountain;2
18523;148;161;205;land;false;forest;2
18524;166;116;244;land;false;plains;5
18525;212;221;128;land;false;forest;8
18526;223;206;195;land;false;desert;7
18527;124;210;221;land;false;urban;7
18528;116;212;193;land;false;hills;7
18529;210;133;209;land;false;mountain;7
18530;109;232;186;land;false;hills;7
18531;181;192;236;land;true;hills;2
18532;173;219;147;land;true;jungle;2
18533;176;250;218;land;true;jungle;2
18534;172;168;177;land;false;hills;5
18535;193;193;254;land;false;plains;5
18536;152;173;191;land;true;forest;8
18537;240;140;194;land;false;plains;8
18538;171;153;238;land;true;hills;7
18539;252;242;137;land;false;mountain;7
18540;158;178;166;land;false;forest;7
18541;240;238;245;land;false;hills;2
18542;217;247;42;land;false;jungle;2
18543;179;208;170;land;false;jungle;2
18544;78;239;222;land;false;forest;8
18545;217;74;242;land;false;forest;2
18546;192;246;70;land;false;plains;5
18547;210;241;61;land;false;plains;8
18548;159;176;254;land;false;plains;7
18549;137;197;190;land;false;hills;2
18550;229;161;223;land;false;plains;2
18551;220;156;145;land;false;plains;5
18552;150;253;191;land;false;plains;5
18553;217;176;152;land;false;mountain;5
18554;240;143;245;land;false;mountain;8
18555;211;184;169;land;false;plains;7
18556;231;245;193;land;false;forest;7
18557;247;184;162;land;true;hills;7
18558;196;214;157;land;false;mountain;7
18559;203;189;142;land;false;plains;2
18560;127;221;159;land;false;hills;5
18561;138;245;249;land;true;hills;5
18562;125;220;239;land;false;forest;8
18563;185;244;131;land;false;desert;8
18564;238;74;192;land;false;desert;7
18565;144;228;219;land;false;hills;7
18566;254;112;179;land;false;hills;5
18567;211;176;133;land;false;forest;7
18568;133;248;254;land;false;hills;7
18569;242;251;23;land;false;marsh;7
18570;114;199;223;land;false;hills;7
18571;178;247;119;land;false;plains;2
18572;62;210;253;land;false;forest;2
18573;223;229;124;land;false;hills;5
18574;137;140;238;land;false;hills;5
18575;254;193;205;land;false;hills;8
18576;86;200;226;land;false;forest;8
18577;210;212;118;land;false;hills;7
18578;134;177;221;land;false;mountain;7
18579;236;200;213;land;false;plains;7
18580;203;202;190;land;false;plains;7
18581;252;230;63;land;false;hills;7
18582;243;197;79;land;false;plains;5
18583;217;210;244;land;true;hills;5
18584;85;187;245;land;false;hills;5
18585;217;250;187;land;false;hills;8
18586;244;227;98;land;false;desert;7
18587;247;238;102;land;true;plains;7
18588;64;238;238;land;false;hills;7
18589;239;203;197;land;false;plains;2
18590;182;243;79;land;false;plains;5
18591;203;78;236;land;false;hills;5
18592;204;251;139;land;false;mountain;8
18593;159;212;179;land;false;forest;8
18594;166;164;225;land;true;desert;7
18595;186;172;236;land;false;plains;7
18596;147;253;154;land;false;mountain;7
18597;179;177;232;land;false;mountain;7
18598;132;133;249;land;false;mountain;7
18599;126;188;250;land;true;jungle;2
18600;243;216;177;land;true;plains;5
18601;80;245;198;land;false;mountain;5
18602;213;231;196;land;false;plains;5
18603;219;144;189;land;false;plains;5
18604;251;194;209;land;false;plains;8
18605;248;90;252;land;false;plains;8
18606;75;254;184;land;true;hills;7
18607;234;162;130;land;true;desert;7
18608;222;194;104;land;false;hills;7
18609;98;228;252;land;false;desert;7
18610;106;239;225;land;false;hills;7
18611;219;160;208;land;false;urban;5
18612;158;233;139;land;true;hills;5
18613;253;139;149;land;false;hills;8
18614;151;149;251;land;false;plains;8
18615;176;243;250;land;false;plains;8
18616;216;217;127;land;false;plains;8
18617;252;94;176;land;false;marsh;7
18618;147;227;128;land;false;mountain;7
18619;227;134;176;land;false;forest;7
18620;188;196;130;land;false;hills;7
18621;197;213;224;land;false;desert;7
18622;60;215;228;land;false;mountain;2
18623;245;155;231;land;false;hills;5
18624;167;223;216;land;false;hills;5
18625;95;237;241;land;false;mountain;5
18626;226;170;192;land;false;hills;5
18627;214;233;225;land;false;plains;7
18628;248;183;144;land;false;forest;7
18629;92;207;236;land;false;hills;2
18630;218;217;127;land;false;plains;8
18631;161;143;219;land;false;urban;2
18632;168;149;218;land;true;jungle;2
18633;61;63;58;sea;true;water_fjords;0
18634;152;247;154;land;true;hills;5
18635;252;101;158;land;false;mountain;7
18636;192;166;154;land;true;desert;7
18637;231;242;127;land;false;forest;7
18638;233;121;178;land;false;forest;7
18639;153;248;113;land;false;hills;2
18640;147;189;204;land;true;jungle;2
18641;82;208;225;land;false;plains;5
18642;185;209;181;land;false;desert;7
18643;114;246;154;land;false;forest;7
18644;203;196;163;land;false;desert;7
18645;211;226;228;land;false;mountain;2
18646;233;50;237;land;false;hills;5
18647;136;245;244;land;false;hills;5
18648;239;247;134;land;true;plains;5
18649;244;146;178;land;true;plains;8
18650;175;184;189;land;false;desert;8
18651;218;165;250;land;false;hills;7
18652;160;238;168;land;false;forest;7
18653;174;93;235;land;false;hills;5
18654;180;211;131;land;false;hills;8
18655;223;250;149;land;false;plains;8
18656;181;254;193;land;false;forest;7
18657;203;123;184;land;false;mountain;7
18658;180;155;166;land;false;plains;2
18659;177;148;246;land;false;plains;2
18660;93;198;233;land;false;plains;2
18661;166;240;154;land;true;plains;5
18662;232;191;131;land;false;forest;8
18663;195;134;178;land;false;forest;7
18664;180;216;226;land;false;plains;7
18665;176;175;241;land;false;hills;7
18666;222;160;175;land;false;hills;7
18667;193;246;171;land;false;mountain;7
18668;177;239;179;land;false;urban;5
18669;226;147;143;land;true;urban;5
18670;237;232;112;land;false;hills;8
18671;141;187;189;land;false;mountain;2
18672;112;198;222;land;false;urban;5
18673;190;224;250;land;false;plains;5
18674;249;229;175;land;false;plains;8
18675;141;225;194;land;false;plains;8
18676;204;191;244;land;false;plains;7
18677;188;218;254;land;false;hills;7
18678;208;158;174;land;false;hills;7
18679;251;180;72;land;false;hills;7
18680;221;185;125;land;false;hills;2
18681;27;38;38;sea;true;water_fjords;0
18682;232;204;145;land;false;plains;8
18683;239;155;214;land;false;plains;8
18684;222;199;158;land;false;hills;8
18685;166;238;118;land;false;forest;7
18686;198;211;211;land;true;plains;7
18687;165;195;201;land;false;hills;7
18688;252;194;168;land;true;urban;2
18689;195;236;251;land;false;plains;5
18690;215;73;244;land;true;desert;8
18691;98;216;236;land;true;desert;8
18692;45;253;223;land;false;forest;7
18693;190;193;174;land;false;hills;2
18694;191;189;209;land;true;marsh;5
18695;238;190;234;land;false;hills;5
18696;141;157;213;land;false;hills;8
18697;246;169;168;land;false;plains;8
18698;200;244;93;land;true;hills;7
18699;136;199;168;land;false;hills;7
18700;245;185;74;land;true;hills;7
18701;174;227;223;land;false;plains;2
18702;180;210;116;land;true;jungle;2
18703;90;216;206;land;false;hills;5
18704;171;246;163;land;false;plains;2
18705;122;205;212;land;false;forest;2
18706;132;155;239;land;false;forest;2
18707;113;239;190;land;false;hills;8
18708;227;246;91;land;false;plains;8
18709;240;210;61;land;false;plains;8
18710;159;211;207;land;false;desert;8
18711;230;216;100;land;false;mountain;2
18712;246;231;254;land;false;mountain;5
18713;227;185;219;land;false;hills;7
18714;252;187;71;land;false;hills;7
18715;234;234;174;land;false;mountain;7
18716;204;213;156;land;false;hills;2
18717;46;235;229;land;false;volcanic;2
18718;216;138;250;land;false;mountain;5
18719;248;139;135;land;false;plains;8
18720;251;253;9;land;false;forest;7
18721;235;19;249;land;false;mountain;7
18722;51;202;251;land;false;hills;7
18723;192;107;214;land;false;plains;2
18724;169;238;183;land;true;forest;2
18725;57;238;245;land;true;jungle;2
18726;171;140;191;land;true;plains;5
18727;197;235;194;land;false;hills;8
18728;251;87;238;land;false;hills;8
18729;219;222;195;land;true;plains;7
18730;246;123;141;land;false;plains;7
18731;63;245;203;land;false;mountain;7
18732;197;244;154;land;false;hills;7
18733;106;251;166;land;false;forest;7
18734;213;182;133;land;false;hills;8
18735;245;195;166;land;false;forest;8
18736;219;62;234;land;false;plains;8
18737;118;198;236;land;false;desert;8
18738;149;170;248;land;false;mountain;2
18739;71;248;204;land;false;forest;2
18740;214;249;98;land;true;urban;5
18741;119;230;191;land;false;plains;5
18742;102;235;226;land;false;plains;8
18743;245;125;230;land;false;plains;8
18744;192;228;141;land;false;hills;7
18745;149;240;170;land;true;marsh;5
18746;226;87;234;land;false;plains;8
18747;201;227;106;land;false;plains;8
18748;230;215;207;land;true;desert;8
18749;136;195;233;land;false;plains;7
18750;237;238;158;land;false;hills;7
18751;142;186;236;land;false;hills;8
18752;242;139;171;land;true;hills;2
18753;165;212;220;land;false;plains;5
18754;128;220;240;land;true;urban;5
18755;238;106;215;land;false;plains;5
18756;235;183;217;land;false;plains;8
18757;225;217;103;land;false;hills;7
18758;241;110;217;land;false;forest;8
18759;188;194;239;land;false;plains;8
18760;211;210;198;land;false;marsh;7
18761;219;177;127;land;false;forest;7
18762;191;247;251;land;false;hills;7
18763;229;40;232;land;false;plains;7
18764;244;151;108;land;false;desert;7
18765;101;183;227;land;false;hills;2
18766;175;239;184;land;false;hills;5
18767;206;140;185;land;false;mountain;8
18768;250;110;233;land;false;mountain;8
18769;65;243;218;land;false;plains;8
18770;194;233;215;land;false;plains;8
18771;205;172;185;land;false;forest;7
18772;235;122;210;land;false;mountain;2
18773;153;242;192;land;true;plains;5
18774;36;73;50;sea;true;water_fjords;0
18775;214;171;146;land;false;hills;5
18776;217;167;186;land;false;marsh;7
18777;240;227;124;land;true;mountain;7
18778;252;191;86;land;false;desert;7
18779;177;244;146;land;false;desert;7
18780;175;213;144;land;false;plains;7
18781;169;214;171;land;false;hills;2
18782;207;127;177;land;false;mountain;8
18783;238;29;241;land;false;forest;7
18784;32;42;45;sea;true;ocean;0
18785;132;195;205;land;false;plains;7
18786;250;237;122;land;false;mountain;2
18787;89;213;206;land;false;hills;5
18788;175;115;219;land;false;plains;8
18789;221;126;222;land;false;plains;8
18790;197;192;173;land;false;plains;7
18791;172;127;247;land;false;plains;7
18792;246;212;128;land;false;forest;2
18793;239;75;200;land;true;urban;5
18794;54;218;231;land;false;hills;7
18795;209;111;198;land;false;hills;2
18796;212;226;154;land;false;volcanic;2
18797;136;245;209;land;false;mountain;2
18798;196;122;231;land;false;plains;2
18799;242;156;159;land;false;hills;5
18800;191;175;239;land;false;mountain;8
18801;234;155;250;land;false;desert;7
18802;240;96;226;land;false;forest;2
18803;78;207;216;land;true;desert;8
18804;183;111;211;land;false;plains;7
18805;232;195;181;land;false;volcanic;2
18806;246;74;183;land;false;mountain;2
18807;132;248;134;land;true;hills;7
18808;129;178;200;land;false;forest;7
18809;127;210;194;land;false;plains;7
18810;206;160;160;land;false;hills;7
18811;135;162;206;land;false;mountain;7
18812;196;165;166;land;false;volcanic;2
18813;228;117;169;land;false;volcanic;2
18814;245;248;98;land;true;urban;5
18815;238;137;224;land;false;plains;8
18816;190;241;109;land;false;plains;8
18817;116;184;222;land;true;hills;7
18818;230;107;252;land;false;forest;7
18819;40;32;27;sea;true;water_shallow_sea;0
18820;242;241;95;land;false;mountain;7
18821;202;147;194;land;false;mountain;8
18822;241;201;179;land;false;plains;8
18823;232;244;193;land;false;urban;7
18824;55;233;251;land;false;hills;5
18825;133;245;232;land;false;urban;5
18826;80;233;198;land;false;plains;8
18827;230;161;254;land;false;plains;8
18828;185;187;149;land;false;forest;7
18829;242;64;226;land;false;hills;5
18830;171;197;212;land;false;marsh;5
18831;243;190;81;land;true;marsh;5
18832;214;205;124;land;false;forest;7
18833;175;186;206;land;false;desert;7
18834;61;238;211;land;false;mountain;8
18835;233;187;124;land;false;forest;2
18836;233;208;141;land;false;hills;5
18837;218;202;145;land;false;mountain;8
18838;249;165;198;land;false;desert;7
18839;218;226;76;land;false;desert;8
18840;44;41;45;sea;true;ocean;0
18841;250;151;194;land;false;forest;7
18842;218;204;216;land;false;hills;7
18843;220;241;75;land;false;plains;7
18844;104;248;213;land;false;mountain;2
18845;245;34;228;land;false;volcanic;2
18846;153;209;148;land;false;mountain;2
18847;175;217;218;land;true;marsh;5
18848;79;223;214;land;false;plains;8
18849;152;195;200;land;false;plains;8
18850;179;243;144;land;true;plains;7
18851;163;174;252;land;false;desert;7
18852;238;43;227;land;false;hills;7
18853;100;197;218;land;false;forest;2
18854;254;222;114;land;false;hills;8
18855;67;252;221;land;true;desert;8
18856;241;164;205;land;false;forest;7
18857;61;61;68;sea;true;ocean;0
18858;170;234;109;land;false;plains;7
18859;157;130;228;land;false;mountain;8
18860;206;200;200;land;false;desert;7
18861;64;240;246;land;true;plains;7
18862;156;206;254;land;false;desert;7
18863;63;230;245;land;false;hills;7
18864;221;168;201;land;false;hills;2
18865;70;244;199;land;true;plains;8
18866;210;216;96;land;false;mountain;8
18867;242;132;174;land;false;plains;8
18868;163;253;213;land;false;forest;7
18869;135;157;217;land;false;hills;7
18870;170;163;236;land;false;desert;7
18871;51;46;26;sea;true;ocean;0
18872;230;220;146;land;false;hills;5
18873;208;151;238;land;false;plains;8
18874;236;111;195;land;false;mountain;8
18875;160;229;143;land;true;jungle;7
18876;238;234;164;land;false;plains;7
18877;219;125;188;land;false;forest;2
18878;254;150;135;land;false;marsh;5
18879;251;176;217;land;true;marsh;5
18880;133;207;249;land;false;hills;5
18881;142;132;250;land;false;hills;5
18882;248;224;149;land;false;plains;8
18883;204;49;251;land;false;forest;7
18884;238;179;218;land;false;desert;7
18885;196;118;195;land;false;mountain;2
18886;212;214;113;land;true;plains;5
18887;207;229;246;land;false;plains;8
18888;241;173;134;land;false;mountain;8
18889;250;247;48;land;false;forest;7
18890;38;25;32;sea;true;ocean;0
18891;246;133;167;land;false;plains;7
18892;193;153;191;land;false;volcanic;2
18893;127;224;194;land;false;hills;2
18894;174;82;251;land;false;mountain;8
18895;23;33;29;sea;true;ocean;0
18896;238;67;209;land;false;marsh;5
18897;244;54;217;land;false;plains;8
18898;243;218;62;land;false;mountain;8
18899;168;173;240;land;false;forest;8
18900;116;183;250;land;false;plains;8
18901;238;93;214;land;true;plains;8
18902;57;21;61;sea;true;water_shallow_sea;0
18903;157;179;239;land;false;plains;7
18904;185;209;130;land;true;hills;2
18905;138;216;221;land;true;forest;2
18906;179;135;244;land;false;marsh;5
18907;175;124;229;land;false;desert;7
18908;244;244;66;land;false;desert;7
18909;216;247;253;land;false;forest;7
18910;189;157;188;land;false;plains;7
18911;178;181;142;land;false;mountain;2
18912;238;145;142;land;false;volcanic;2
18913;247;88;249;land;true;plains;2
18914;253;224;133;land;false;plains;8
18915;243;92;172;land;true;desert;8
18916;245;167;122;land;false;urban;7
18917;122;195;213;land;true;forest;5
18918;242;251;103;land;false;urban;5
18919;229;234;210;land;false;forest;7
18920;205;150;189;land;false;plains;7
18921;112;233;244;land;false;mountain;7
18922;251;81;241;land;false;desert;7
18923;230;242;100;land;false;hills;2
18924;144;245;252;land;true;jungle;2
18925;199;225;115;land;false;mountain;8
18926;198;224;216;land;false;plains;8
18927;169;193;180;land;false;hills;7
18928;128;237;199;land;false;plains;7
18929;91;205;241;land;false;plains;7
18930;226;222;128;land;false;plains;7
18931;191;196;179;land;false;mountain;2
18932;121;170;217;land;true;jungle;2
18933;230;192;175;land;true;hills;5
18934;234;251;220;land;false;hills;5
18935;226;235;134;land;false;hills;5
18936;66;252;251;land;false;plains;8
18937;214;222;203;land;false;plains;8
18938;202;222;221;land;false;plains;8
18939;240;98;177;land;false;mountain;8
18940;246;231;137;land;false;hills;7
18941;231;102;174;land;false;plains;7
18942;209;181;170;land;false;plains;7
18943;240;188;130;land;false;plains;7
18944;209;234;216;land;false;hills;7
18945;183;193;250;land;true;marsh;5
18946;211;127;237;land;true;marsh;5
18947;172;149;232;land;false;hills;5
18948;229;244;212;land;false;plains;7
18949;191;131;253;land;false;desert;7
18950;139;192;185;land;false;mountain;7
18951;230;218;178;land;false;hills;2
18952;194;114;244;land;true;marsh;5
18953;241;156;114;land;false;plains;8
18954;240;91;201;land;false;plains;8
18955;165;210;152;land;true;forest;7
18956;34;35;40;sea;true;water_shallow_sea;0
18957;29;254;249;land;false;hills;7
18958;220;99;184;land;true;plains;7
18959;145;206;251;land;true;urban;2
18960;140;172;203;land;false;urban;5
18961;68;250;210;land;false;plains;8
18962;229;98;177;land;false;plains;8
18963;41;232;237;land;false;forest;7
18964;131;196;227;land;true;plains;7
18965;49;21;51;sea;true;water_shallow_sea;0
18966;138;229;228;land;false;desert;7
18967;249;169;116;land;true;hills;2
18968;216;164;201;land;true;marsh;5
18969;206;183;217;land;false;marsh;5
18970;240;175;183;land;false;plains;8
18971;239;45;237;land;true;plains;7
18972;208;163;168;land;false;marsh;5
18973;231;167;154;land;false;urban;5
18974;166;214;232;land;false;plains;8
18975;237;134;244;land;false;hills;7
18976;98;198;225;land;true;hills;2
18977;188;112;252;land;true;marsh;5
18978;214;204;109;land;false;hills;5
18979;211;131;203;land;false;plains;8
18980;244;147;118;land;false;forest;7
18981;91;239;212;land;true;plains;7
18982;181;196;237;land;false;mountain;2
18983;246;127;167;land;true;hills;2
18984;182;167;217;land;false;plains;8
18985;39;248;216;land;false;plains;7
18986;213;197;141;land;false;hills;7
18987;198;120;210;land;false;hills;7
18988;222;235;112;land;false;hills;7
18989;199;168;162;land;false;hills;7
18990;139;252;127;land;false;urban;5
18991;230;202;90;land;false;hills;5
18992;196;238;79;land;false;mountain;5
18993;148;216;244;land;false;mountain;8
18994;183;229;109;land;false;plains;8
18995;209;194;155;land;false;plains;7
18996;229;251;204;land;true;urban;5
18997;148;203;180;land;false;marsh;5
18998;235;119;205;land;true;plains;8
18999;202;107;246;land;false;plains;8
19000;223;210;141;land;false;plains;8
19001;169;189;214;land;false;plains;8
19002;190;168;183;land;false;mountain;8
19003;145;226;163;land;false;plains;8
19004;23;16;25;sea;true;water_shallow_sea;0
19005;146;177;191;land;false;hills;7
19006;243;123;197;land;false;hills;7
19007;222;156;233;land;false;urban;7
19008;203;144;222;land;false;hills;2
19009;117;212;190;land;false;forest;5
19010;243;194;186;land;false;marsh;5
19011;240;119;199;land;true;plains;7
19012;170;215;168;land;true;plains;7
19013;152;208;174;land;false;plains;7
19014;172;164;242;land;false;hills;7
19015;98;217;228;land;false;plains;2
19016;242;177;138;land;false;plains;5
19017;248;168;195;land;true;marsh;5
19018;221;79;247;land;false;plains;8
19019;253;67;241;land;true;forest;7
19020;212;232;159;land;true;plains;7
19021;31;62;63;sea;true;ocean;0
19022;8;51;46;sea;true;ocean;0
19023;171;230;163;land;false;plains;7
19024;176;223;224;land;true;hills;2
19025;158;214;135;land;false;plains;5
19026;239;145;215;land;false;marsh;5
19027;233;46;248;land;false;marsh;5
19028;177;114;234;land;false;plains;8
19029;233;239;93;land;false;plains;8
19030;204;225;145;land;false;plains;8
19031;15;86;91;sea;true;ocean;0
19032;250;36;241;sea;true;water_shallow_sea;0
19033;198;183;222;land;true;plains;2
19034;160;218;245;land;true;plains;2
19035;174;252;77;land;false;hills;5
19036;196;237;95;land;true;plains;8
19037;33;246;242;land;false;forest;7
19038;16;22;16;sea;true;ocean;0
19039;195;152;242;land;false;hills;7
19040;151;192;200;land;false;mountain;7
19041;223;155;143;land;false;forest;7
19042;188;224;217;land;false;marsh;5
19043;247;252;100;land;false;hills;5
19044;143;195;213;land;false;plains;7
19045;174;233;202;land;false;plains;7
19046;242;143;159;land;false;hills;5
19047;250;200;148;land;true;forest;7
19048;106;216;208;land;false;forest;7
19049;68;62;56;sea;true;water_shallow_sea;0
19050;230;245;183;land;false;mountain;7
19051;250;219;175;land;false;hills;5
19052;228;189;202;land;false;plains;8
19053;53;42;43;sea;true;ocean;0
19054;141;224;153;land;false;plains;7
19055;252;223;91;land;true;plains;7
19056;229;82;241;land;true;hills;2
19057;176;252;96;land;false;forest;5
19058;102;237;203;land;false;mountain;8
19059;156;203;215;land;true;plains;8
19060;164;230;129;land;false;plains;7
19061;242;77;253;land;false;hills;7
19062;161;194;206;land;false;hills;7
19063;108;215;237;land;false;plains;8
19064;207;212;226;land;false;plains;8
19065;104;254;231;land;false;plains;8
19066;182;118;211;land;true;plains;7
19067;199;235;155;land;false;hills;7
19068;135;254;198;land;false;hills;7
19069;225;231;66;land;false;plains;7
19070;247;233;67;land;false;mountain;7
19071;207;206;99;land;false;plains;7
19072;185;173;165;land;true;plains;2
19073;150;163;193;land;false;marsh;5
19074;220;143;236;land;false;hills;5
19075;190;235;121;land;false;hills;7
19076;169;159;176;land;false;hills;7
19077;189;238;119;land;false;plains;7
19078;194;216;168;land;true;forest;7
19079;217;165;174;land;false;forest;5
19080;114;204;189;land;false;urban;5
19081;251;142;109;land;false;plains;8
19082;203;191;249;land;false;forest;7
19083;211;200;133;land;false;hills;7
19084;203;182;254;land;false;hills;7
19085;252;55;241;land;false;forest;5
19086;83;200;246;land;false;hills;5
19087;215;231;187;land;false;plains;8
19088;74;76;9;sea;true;water_shallow_sea;0
19089;38;31;18;sea;true;ocean;0
19090;204;206;98;land;false;hills;7
19091;254;171;107;land;false;plains;7
19092;190;244;188;land;true;hills;7
19093;118;217;249;land;false;mountain;7
19094;236;156;247;land;false;hills;5
19095;175;244;228;land;false;mountain;5
19096;222;253;238;land;true;forest;7
19097;247;95;237;land;true;plains;2
19098;216;108;189;land;false;forest;5
19099;193;97;227;land;false;urban;5
19100;137;202;173;land;true;marsh;5
19101;221;202;228;land;false;plains;8
19102;145;215;160;land;false;plains;7
19103;236;218;127;land;false;plains;7
19104;208;186;197;land;false;hills;7
19105;230;84;253;land;true;plains;2
19106;183;201;118;land;false;plains;8
19107;193;203;202;land;false;plains;8
19108;244;75;188;land;false;plains;7
19109;223;189;149;land;false;plains;7
19110;241;105;199;land;true;urban;5
19111;175;156;251;land;false;hills;5
19112;223;80;254;land;false;hills;5
19113;240;188;248;land;false;plains;8
19114;173;193;220;land;true;forest;7
19115;150;112;239;land;false;plains;7
19116;141;250;210;land;false;forest;7
19117;253;242;70;land;false;forest;7
19118;99;242;226;land;false;marsh;5
19119;190;241;125;land;false;forest;7
19120;147;113;250;land;false;plains;7
19121;244;148;138;land;false;hills;7
19122;96;59;70;sea;true;ocean;0
19123;206;218;242;land;false;plains;7
19124;122;173;218;land;true;plains;7
19125;250;70;202;land;false;plains;5
19126;128;190;197;land;false;plains;8
19127;241;233;89;land;false;forest;7
19128;179;172;170;land;true;mountain;7
19129;235;252;45;land;true;urban;5
19130;69;184;250;land;false;plains;8
19131;169;142;217;land;true;plains;8
19132;114;249;168;land;false;mountain;7
19133;171;244;141;land;false;hills;7
19134;140;213;193;land;false;forest;7
19135;234;203;121;land;false;hills;5
19136;78;218;209;land;false;plains;8
19137;241;188;236;land;false;forest;7
19138;128;237;187;land;true;mountain;7
19139;248;217;137;land;false;jungle;7
19140;65;236;231;land;false;hills;7
19141;159;234;251;land;false;mountain;5
19142;202;125;215;land;true;marsh;5
19143;250;239;248;land;false;hills;5
19144;230;237;180;land;false;hills;5
19145;182;185;175;land;false;plains;8
19146;233;200;129;land;false;plains;8
19147;163;241;121;land;false;forest;7
19148;201;167;215;land;false;plains;7
19149;221;147;207;land;false;hills;7
19150;227;253;252;land;false;mountain;7
19151;184;234;117;land;true;plains;5
19152;178;108;242;land;false;plains;8
19153;177;229;103;land;false;hills;7
19154;174;253;103;land;false;forest;5
19155;182;182;166;land;false;plains;7
19156;251;209;195;land;false;mountain;7
19157;123;218;247;land;false;hills;7
19158;182;173;154;land;false;plains;7
19159;237;148;136;land;false;hills;5
19160;243;169;139;land;true;plains;8
19161;115;237;211;land;true;plains;8
19162;231;167;120;land;false;plains;8
19163;174;207;196;land;false;plains;7
19164;249;191;241;land;false;forest;7
19165;223;110;178;land;false;plains;7
19166;170;176;164;land;false;mountain;7
19167;247;66;226;land;true;plains;8
19168;215;142;195;land;false;hills;5
19169;184;167;178;land;true;urban;5
19170;145;239;185;land;false;plains;8
19171;250;237;236;land;false;plains;8
19172;158;132;221;land;false;hills;7
19173;176;175;207;land;false;desert;7
19174;243;177;214;land;false;plains;7
19175;249;84;244;land;false;plains;5
19176;196;160;192;land;true;forest;5
19177;127;144;246;land;false;plains;5
19178;246;162;235;land;false;plains;7
19179;231;231;218;land;false;forest;7
19180;200;201;128;land;false;salt;2
19181;227;234;154;land;false;plains;8
19182;214;157;202;land;false;plains;8
19183;239;224;133;land;false;plains;8
19184;245;93;224;land;false;jungle;7
19185;149;181;220;land;false;hills;7
19186;180;184;192;land;false;hills;5
19187;217;214;84;land;true;plains;5
19188;196;190;120;land;true;plains;8
19189;134;249;155;land;false;hills;7
19190;234;143;210;land;false;plains;7
19191;194;222;137;land;true;forest;5
19192;241;91;224;land;true;plains;8
19193;112;241;243;land;true;plains;8
19194;227;72;244;land;false;plains;7
19195;238;167;179;land;false;desert;7
19196;180;204;241;land;false;plains;7
19197;148;164;228;land;false;forest;5
19198;249;122;175;land;true;forest;5
19199;254;245;196;land;false;plains;5
19200;173;239;233;land;false;plains;8
19201;235;42;228;land;false;plains;7
19202;173;170;173;land;false;plains;7
19203;210;235;79;land;false;mountain;7
19204;241;248;194;land;false;hills;7
19205;140;182;212;land;false;mountain;7
19206;249;94;245;land;false;plains;7
19207;241;62;206;land;false;plains;7
19208;83;227;244;land;false;plains;5
19209;213;211;121;land;true;plains;8
19210;233;243;133;land;false;mountain;7
19211;164;222;253;land;true;urban;5
19212;192;102;233;land;false;plains;2
19213;210;253;250;land;false;mountain;7
19214;220;234;169;land;false;hills;7
19215;224;173;224;land;false;mountain;7
19216;229;234;129;land;false;hills;5
19217;234;218;252;land;true;forest;5
19218;210;189;137;land;false;mountain;7
19219;231;151;250;land;false;plains;8
19220;201;185;198;land;false;plains;8
19221;228;172;176;land;false;desert;7
19222;254;173;201;land;true;plains;7
19223;185;242;200;land;false;mountain;7
19224;163;249;197;land;true;forest;5
19225;44;220;246;land;false;mountain;7
19226;203;160;222;land;false;desert;7
19227;236;180;171;land;true;forest;7
19228;227;128;205;land;true;hills;7
19229;178;201;206;land;false;forest;5
19230;240;137;130;land;false;hills;5
19231;233;158;175;land;false;plains;5
19232;244;191;249;land;true;forest;7
19233;183;141;240;land;false;mountain;5
19234;194;178;154;land;false;hills;5
19235;192;155;173;land;false;forest;5
19236;217;215;216;land;false;plains;8
19237;117;158;250;land;false;plains;8
19238;133;238;202;land;false;plains;8
19239;217;149;208;land;false;forest;7
19240;201;134;205;land;false;forest;5
19241;187;142;214;land;false;hills;7
19242;227;180;158;land;false;plains;7
19243;250;144;121;land;false;forest;7
19244;135;233;205;land;false;hills;7
19245;164;229;222;land;false;plains;7
19246;214;186;190;land;true;plains;7
19247;167;186;233;land;true;plains;7
19248;242;210;67;land;false;urban;5
19249;170;218;233;land;false;forest;5
19250;105;226;235;land;false;plains;8
19251;229;182;168;land;false;forest;7
19252;183;232;211;land;false;jungle;7
19253;92;200;210;land;false;forest;5
19254;248;243;33;land;false;plains;7
19255;207;169;161;land;false;forest;7
19256;212;213;176;land;false;forest;5
19257;177;162;243;land;false;mountain;7
19258;106;220;192;land;true;forest;7
19259;18;40;40;sea;true;ocean;0
19260;151;105;253;land;false;forest;7
19261;168;236;110;land;false;plains;7
19262;227;159;172;land;true;urban;5
19263;233;127;178;land;false;forest;5
19264;182;243;172;land;false;plains;8
19265;124;198;215;land;false;mountain;7
19266;249;63;234;land;false;mountain;7
19267;178;158;183;land;false;hills;7
19268;202;141;182;land;false;hills;7
19269;228;231;78;land;true;plains;7
19270;157;235;121;land;true;plains;7
19271;246;205;230;land;true;plains;5
19272;120;217;169;land;false;forest;7
19273;204;111;254;land;false;marsh;7
19274;179;201;201;land;false;plains;5
19275;107;228;188;land;true;plains;8
19276;242;175;149;land;false;plains;7
19277;147;193;233;land;false;hills;7
19278;235;58;224;land;false;plains;7
19279;169;248;173;land;true;hills;5
19280;252;86;182;land;true;mountain;7
19281;20;252;250;land;false;forest;7
19282;55;33;63;sea;true;ocean;0
19283;176;197;224;land;false;urban;5
19284;216;232;243;land;false;forest;5
19285;16;243;249;land;true;mountain;8
19286;253;231;56;land;false;plains;8
19287;162;227;161;land;false;marsh;7
19288;30;21;30;sea;true;ocean;0
19289;210;98;247;land;false;plains;7
19290;184;125;227;land;false;plains;7
19291;253;154;197;land;false;mountain;5
19292;141;212;238;land;true;forest;5
19293;245;126;166;land;false;hills;7
19294;227;216;199;land;false;plains;7
19295;215;247;183;land;false;tunnel;5
19296;142;185;224;land;false;hills;7
19297;202;223;196;land;false;mountain;7
19298;216;249;181;land;true;mountain;7
19299;183;239;124;land;false;hills;7
19300;161;154;240;land;false;mountain;7
19301;236;125;238;land;false;hills;7
19302;204;211;214;land;false;hills;7
19303;229;47;231;land;false;mountain;5
19304;188;219;146;land;false;plains;5
19305;173;230;219;land;false;mountain;7
19306;248;110;222;land;false;hills;7
19307;227;254;106;land;false;mountain;5
19308;189;167;173;land;false;hills;7
19309;197;209;184;land;true;plains;7
19310;134;253;253;land;false;hills;7
19311;120;187;224;land;false;mountain;7
19312;237;222;105;land;false;plains;7
19313;206;168;206;lake;false;lakes;5
19314;166;215;196;land;false;hills;7
19315;244;23;236;land;false;hills;7
19316;94;254;156;land;false;plains;7
19317;138;210;162;land;false;plains;7
19318;246;202;159;land;false;plains;7
19319;199;140;244;land;true;plains;8
19320;219;178;196;land;false;hills;7
19321;237;250;69;land;false;hills;7
19322;201;172;177;land;false;hills;7
19323;218;165;230;land;false;plains;7
19324;240;101;251;land;false;mountain;7
19325;237;186;178;land;false;plains;7
19326;173;237;200;land;false;plains;7
19327;177;191;211;land;true;plains;8
19328;127;221;250;land;false;forest;7
19329;145;244;206;land;true;mountain;7
19330;152;162;204;land;false;plains;7
19331;208;152;192;land;true;plains;7
19332;154;189;188;land;false;forest;5
19333;226;128;199;land;false;forest;5
19334;234;169;223;land;true;plains;5
19335;189;249;173;land;false;hills;7
19336;127;164;252;land;false;forest;7
19337;20;40;40;sea;true;ocean;0
19338;200;218;219;land;false;plains;7
19339;156;220;182;land;false;plains;5
19340;231;116;209;land;false;forest;5
19341;200;137;178;land;false;plains;7
19342;247;249;39;land;false;hills;7
19343;182;231;208;land;false;plains;7
19344;217;166;222;land;false;mountain;5
19345;133;146;247;land;false;plains;5
19346;187;135;253;land;false;plains;7
19347;150;222;167;land;false;plains;7
19348;235;104;243;land;true;plains;8
19349;114;228;165;land;false;hills;7
19350;62;24;81;sea;true;ocean;0
19351;171;145;198;land;false;mountain;7
19352;241;113;154;land;false;hills;7
19353;161;208;210;land;false;plains;7
19354;179;192;226;land;false;forest;5
19355;190;192;181;land;false;hills;7
19356;224;113;252;land;false;plains;7
19357;158;172;216;land;false;hills;7
19358;199;182;228;land;false;plains;7
19359;158;247;203;land;false;forest;7
19360;244;205;87;land;false;forest;5
19361;99;212;240;land;false;plains;5
19362;216;193;208;land;false;urban;5
19363;203;234;100;land;false;plains;7
19364;250;54;208;land;false;plains;7
19365;57;206;245;land;false;mountain;7
19366;166;251;238;land;false;forest;7
19367;217;215;197;land;false;forest;7
19368;211;228;232;land;false;forest;5
19369;165;217;170;land;false;hills;7
19370;201;248;205;land;false;plains;7
19371;32;24;38;sea;true;water_shallow_sea;0
19372;222;196;180;land;false;mountain;7
19373;224;168;157;land;false;forest;7
19374;239;229;248;land;false;plains;7
19375;230;237;137;land;false;plains;7
19376;213;214;232;land;false;plains;5
19377;241;182;246;land;false;urban;5
19378;173;213;253;land;true;plains;8
19379;30;29;24;sea;true;water_fjords;0
19380;248;131;228;land;false;hills;7
19381;168;108;228;land;false;forest;7
19382;223;248;189;land;true;hills;7
19383;166;176;254;land;false;hills;7
19384;38;219;251;land;true;plains;7
19385;238;150;233;land;false;plains;7
19386;170;247;117;land;false;urban;5
19387;240;254;32;land;false;plains;5
19388;145;214;169;land;false;plains;5
19389;224;120;165;land;false;forest;7
19390;49;251;210;land;false;volcanic;7
19391;244;23;239;land;false;forest;7
19392;176;227;102;land;false;plains;5
19393;157;213;201;land;true;plains;8
19394;250;200;236;land;false;forest;7
19395;136;191;219;land;false;forest;7
19396;160;211;237;land;false;desert;7
19397;160;250;104;land;false;mountain;7
19398;201;167;239;land;false;forest;7
19399;154;226;252;land;false;jungle;7
19400;250;115;227;land;true;plains;7
19401;202;247;190;land;false;forest;5
19402;186;193;253;land;true;plains;5
19403;106;169;240;land;false;hills;7
19404;58;254;212;land;false;plains;7
19405;242;252;194;land;false;hills;7
19406;199;178;196;land;false;hills;7
19407;228;186;239;land;false;mountain;7
19408;180;217;239;land;false;forest;7
19409;113;248;198;land;false;mountain;7
19410;232;231;214;land;false;hills;7
19411;178;150;231;land;false;plains;7
19412;50;243;252;land;true;plains;7
19413;85;212;241;land;false;forest;7
19414;197;181;195;land;false;plains;7
19415;209;220;141;land;true;plains;7
19416;204;110;222;land;true;plains;7
19417;162;163;238;land;false;plains;7
19418;217;208;96;land;false;hills;7
19419;134;244;200;land;false;plains;7
19420;251;196;201;land;false;plains;7
19421;139;211;189;land;false;plains;7
19422;241;252;19;land;false;urban;5
19423;165;222;226;land;false;plains;7
19424;219;238;150;land;false;plains;7
19425;234;161;180;land;false;plains;7
19426;217;216;70;land;false;urban;5
19427;204;171;173;land;false;plains;5
19428;202;201;201;land;false;forest;7
19429;240;135;236;land;false;plains;7
19430;254;253;78;land;false;mountain;7
19431;179;186;216;land;true;plains;5
19432;254;55;220;land;false;plains;7
19433;196;193;227;land;false;plains;7
19434;191;194;213;land;false;mountain;7
19435;181;232;170;land;false;plains;7
19436;73;41;57;sea;true;ocean;0
19437;156;228;234;land;false;mountain;7
19438;115;168;229;land;false;mountain;7
19439;94;245;205;land;false;mountain;7
19440;192;194;119;land;true;plains;7
19441;232;238;130;land;false;plains;5
19442;248;159;166;land;true;plains;7
19443;177;208;219;land;false;hills;7
19444;127;136;247;land;false;mountain;7
19445;51;28;44;sea;true;ocean;0
19446;144;144;233;land;false;plains;7
19447;168;164;197;land;false;forest;5
19448;142;162;224;land;false;desert;7
19449;205;231;210;land;false;mountain;7
19450;254;159;180;land;false;plains;7
19451;218;157;142;land;true;urban;5
19452;194;129;227;land;false;plains;5
19453;236;100;195;land;false;desert;7
19454;211;114;214;land;false;hills;7
19455;58;221;226;land;false;volcanic;7
19456;197;170;140;land;true;plains;5
19457;152;216;167;land;false;forest;7
19458;206;166;214;land;false;plains;7
19459;147;215;148;land;false;mountain;7
19460;248;245;116;land;false;plains;5
19461;239;253;216;land;true;urban;5
19462;246;203;233;land;false;plains;7
19463;207;164;166;land;false;plains;7
19464;234;201;91;land;false;hills;7
19465;198;131;219;land;false;volcanic;7
19466;197;195;174;land;false;mountain;7
19467;68;192;243;land;false;jungle;7
19468;131;205;232;land;true;forest;5
19469;217;223;167;land;false;volcanic;7
19470;211;249;201;land;false;hills;7
19471;123;242;248;land;false;plains;7
19472;75;239;187;land;false;forest;7
19473;166;229;151;land;false;plains;7
19474;218;175;110;land;false;forest;7
19475;190;149;179;land;false;forest;7
19476;200;127;197;land;true;forest;7
19477;112;216;209;land;false;forest;7
19478;235;169;215;land;false;mountain;7
19479;198;244;172;land;false;forest;7
19480;146;242;198;land;false;mountain;7
19481;227;175;232;land;false;desert;7
19482;245;203;224;land;false;plains;7
19483;248;134;248;land;false;plains;7
19484;209;197;150;land;false;hills;7
19485;232;120;154;land;false;plains;5
19486;231;132;243;land;false;desert;7
19487;211;230;156;land;false;hills;7
19488;234;104;224;land;false;plains;7
19489;162;226;190;land;false;forest;7
19490;186;198;209;land;false;jungle;7
19491;101;231;229;land;false;hills;7
19492;59;244;223;land;true;plains;7
19493;200;88;222;land;true;plains;5
19494;189;235;138;land;false;plains;7
19495;249;85;207;land;false;forest;7
19496;221;141;194;land;false;hills;7
19497;225;167;204;land;false;plains;7
19498;206;243;242;land;false;forest;7
19499;246;30;231;land;true;urban;5
19500;236;176;94;land;true;mountain;7
19501;245;169;144;land;false;plains;7
19502;135;235;250;land;false;urban;5
19503;188;192;179;land;true;urban;5
19504;158;238;182;land;false;plains;5
19505;218;223;148;land;true;plains;7
19506;193;178;196;land;false;forest;7
19507;170;243;237;land;false;plains;7
19508;254;63;207;land;false;forest;7
19509;218;112;224;land;false;plains;7
19510;229;222;119;land;false;hills;7
19511;183;142;227;land;true;plains;7
19512;249;216;254;land;true;plains;7
19513;202;163;169;land;false;forest;7
19514;240;84;226;land;false;hills;7
19515;244;217;52;land;false;hills;5
19516;244;163;218;land;false;desert;7
19517;127;138;253;land;false;plains;7
19518;183;125;222;land;false;hills;7
19519;52;221;244;land;false;hills;7
19520;235;21;249;land;false;plains;7
19521;74;233;242;land;false;hills;7
19522;248;100;199;land;false;plains;7
19523;192;217;212;land;true;urban;5
19524;239;185;107;land;false;plains;7
19525;246;180;111;land;false;mountain;7
19526;200;173;202;land;true;plains;7
19527;132;177;217;land;false;plains;7
19528;232;197;115;land;true;plains;7
19529;166;225;184;land;true;plains;7
19530;237;224;166;land;false;forest;7
19531;167;224;204;land;false;forest;7
19532;207;225;133;land;false;plains;7
19533;169;250;199;land;false;plains;7
19534;217;202;147;land;true;forest;5
19535;170;219;123;land;false;mountain;7
19536;180;150;230;land;true;plains;7
19537;124;239;203;land;false;mountain;7
19538;203;241;84;land;false;plains;7
19539;231;196;237;land;false;plains;7
19540;243;126;195;land;false;jungle;7
19541;249;161;237;land;false;forest;7
19542;113;204;240;land;false;mountain;7
19543;227;198;93;land;false;plains;7
19544;217;135;224;land;false;desert;7
19545;127;147;254;land;false;hills;7
19546;112;192;238;land;false;plains;7
19547;25;245;238;land;false;mountain;7
19548;112;161;254;land;false;plains;7
19549;236;216;116;land;false;plains;7
19550;247;179;195;land;false;plains;7
19551;115;167;244;land;false;plains;7
19552;246;53;208;land;true;urban;5
19553;124;230;215;land;false;plains;7
19554;200;189;208;land;false;hills;7
19555;226;225;205;land;false;mountain;7
19556;254;143;148;land;false;plains;7
19557;134;231;176;land;true;plains;5
19558;154;171;199;land;false;mountain;7
19559;226;125;195;land;false;plains;7
19560;197;88;238;land;true;forest;5
19561;240;188;188;land;false;hills;7
19562;117;192;229;land;false;hills;7
19563;239;222;205;land;false;forest;7
19564;213;74;243;land;false;hills;7
19565;179;224;192;land;false;plains;7
19566;131;240;182;land;true;forest;5
19567;234;132;251;land;false;forest;7
19568;215;248;50;land;false;plains;7
19569;248;144;143;land;false;hills;7
19570;181;195;136;land;false;mountain;7
19571;121;221;202;land;false;plains;7
19572;222;230;175;land;false;jungle;7
19573;142;248;213;land;true;forest;5
19574;125;161;233;land;false;hills;7
19575;162;98;244;land;false;plains;7
19576;213;189;184;land;false;forest;7
19577;240;184;100;land;true;plains;7
19578;242;22;241;land;true;mountain;7
19579;164;247;126;land;false;plains;7
19580;185;245;102;land;false;hills;7
19581;208;183;249;land;false;hills;7
19582;231;162;219;land;false;plains;7
19583;249;240;70;land;false;plains;7
19584;217;220;100;land;false;mountain;7
19585;243;241;234;land;false;forest;7
19586;167;192;231;land;false;plains;7
19587;221;221;196;land;true;forest;5
19588;248;99;173;land;false;mountain;7
19589;224;197;145;land;false;mountain;7
19590;241;234;196;land;false;plains;7
19591;145;210;189;land;true;plains;5
19592;247;194;110;land;false;plains;7
19593;115;247;195;land;false;hills;7
19594;233;183;168;land;false;plains;7
19595;187;246;179;land;false;forest;7
19596;208;118;227;land;false;plains;7
19597;158;194;198;land;false;plains;7
19598;249;86;178;land;false;mountain;7
19599;190;248;153;land;false;plains;7
19600;167;134;205;land;true;plains;7
19601;218;88;208;land;false;mountain;7
19602;234;181;143;land;false;hills;7
19603;227;144;182;land;false;mountain;7
19604;198;99;253;land;false;mountain;7
19605;72;240;242;land;false;plains;7
19606;92;245;251;land;false;plains;7
19607;214;111;197;land;false;mountain;7
19608;232;223;201;land;false;hills;7
19609;190;141;252;land;false;forest;7
19610;180;184;237;land;false;plains;7
19611;209;194;129;land;false;plains;7
19612;253;176;136;land;false;forest;7
19613;186;249;253;land;true;mountain;7
19614;230;79;240;land;false;plains;7
19615;208;164;212;land;false;mountain;7
19616;237;141;188;land;false;hills;7
19617;195;87;220;land;false;forest;7
19618;210;232;188;land;false;plains;7
19619;155;208;199;land;false;plains;7
19620;239;162;157;land;false;plains;7
19621;45;252;247;land;false;hills;7
19622;165;250;165;land;false;desert;7
19623;213;136;201;land;false;hills;7
19624;244;172;92;land;false;forest;7
19625;214;216;141;land;false;jungle;7
19626;211;157;182;land;false;hills;7
19627;195;191;155;land;true;plains;7
19628;218;214;139;land;false;plains;7
19629;64;213;246;land;true;plains;7
19630;235;216;71;land;false;hills;7
19631;100;253;162;land;true;mountain;7
19632;213;56;235;land;false;hills;7
19633;237;211;217;land;true;plains;7
19634;164;245;155;land;false;forest;7
19635;166;254;177;land;false;plains;7
19636;223;242;227;land;false;plains;7
19637;204;90;241;land;true;plains;7
19638;186;245;102;land;false;forest;7
19639;192;172;182;land;false;plains;7
19640;120;217;201;land;false;plains;7
19641;188;199;116;land;false;mountain;7
19642;113;246;210;land;true;plains;7
19643;234;247;213;land;true;plains;7
19644;202;58;249;land;false;hills;7
19645;163;176;202;land;false;forest;7
19646;249;93;189;land;false;hills;7
19647;231;207;97;land;false;plains;7
19648;161;126;248;land;false;hills;7
19649;220;218;65;land;false;forest;7
19650;86;195;224;land;false;desert;7
19651;210;249;72;land;false;plains;7
19652;188;226;149;land;false;mountain;7
19653;214;134;153;land;false;hills;7
19654;161;227;137;land;false;hills;7
19655;195;177;249;land;false;plains;7
19656;130;206;194;land;false;plains;7
19657;182;185;177;land;false;plains;7
19658;221;232;114;land;false;forest;7
19659;196;142;174;land;false;plains;7
19660;205;190;209;land;false;forest;7
19661;217;234;200;land;false;hills;7
19662;196;247;237;land;false;plains;7
19663;226;157;207;land;false;plains;7
19664;39;228;239;land;false;mountain;7
19665;205;105;228;land;false;forest;7
19666;224;153;152;land;false;jungle;7
19667;205;186;157;land;false;hills;7
19668;212;227;102;land;false;plains;7
19669;207;140;174;land;false;hills;7
19670;126;142;237;land;false;desert;7
19671;72;235;244;land;false;forest;7
19672;120;172;220;land;false;hills;7
19673;238;249;47;land;false;desert;7
19674;238;183;147;land;false;mountain;7
19675;245;243;57;land;false;plains;7
19676;236;124;251;land;false;plains;7
19677;73;237;254;land;false;plains;7
19678;115;238;202;land;false;plains;7
19679;247;109;156;land;false;plains;7
19680;226;179;97;land;false;plains;7
19681;156;144;249;land;false;plains;7
19682;152;221;213;land;false;forest;7
19683;187;209;237;land;false;mountain;7
19684;152;201;182;land;false;mountain;7
19685;237;194;159;land;false;mountain;7
19686;183;110;239;land;false;hills;7
19687;156;214;233;land;false;plains;7
19688;56;200;245;land;false;plains;7
19689;254;170;84;land;false;plains;7
19690;145;157;226;land;false;plains;7
19691;169;115;228;land;false;hills;7
19692;186;157;179;land;false;hills;7
19693;220;236;117;land;false;forest;7
19694;194;233;173;land;false;plains;7
19695;244;86;210;land;false;desert;7
19696;173;222;234;land;false;hills;7
19697;243;235;69;land;false;plains;7
19698;152;216;236;land;false;mountain;7
19699;242;27;248;land;false;plains;7
19700;124;207;213;land;true;forest;7
19701;232;145;204;land;false;forest;7
19702;210;112;227;land;false;mountain;7
19703;242;229;166;land;false;plains;7
19704;203;181;131;land;false;hills;7
19705;75;225;220;land;false;forest;7
19706;197;252;178;land;false;forest;7
19707;233;119;231;land;false;forest;7
19708;186;242;199;land;false;forest;7
19709;196;212;180;land;false;hills;7
19710;210;244;253;land;false;forest;7
19711;176;238;104;land;false;desert;7
19712;210;225;114;land;true;plains;7
19713;202;218;171;land;false;plains;7
19714;209;229;241;land;false;mountain;7
19715;239;203;136;land;false;forest;7
19716;215;222;246;land;false;forest;7
19717;205;178;129;land;false;plains;7
19718;179;201;239;land;false;plains;7
19719;249;174;89;land;false;plains;7
19720;150;165;238;land;false;hills;7
19721;184;214;199;land;false;hills;7
19722;218;84;215;land;false;hills;7
19723;183;252;249;land;false;plains;7
19724;229;205;92;land;false;mountain;7
19725;242;214;238;land;false;plains;7
19726;254;239;18;land;false;forest;7
19727;121;184;233;land;false;forest;7
19728;249;249;51;land;false;forest;7
19729;230;105;199;land;false;forest;7
19730;199;215;127;land;false;hills;7
19731;174;193;136;land;false;mountain;7
19732;123;179;218;land;false;mountain;7
19733;71;251;234;land;false;hills;7
19734;214;145;161;land;false;plains;7
19735;111;218;232;land;false;plains;7
19736;67;218;226;land;false;plains;7
19737;191;254;219;land;false;forest;7
19738;213;169;159;land;false;forest;7
19739;144;132;242;land;false;plains;7
19740;248;172;89;land;false;mountain;7
19741;175;245;114;land;false;plains;7
19742;140;233;244;land;false;hills;7
19743;197;224;91;land;false;plains;7
19744;251;203;216;land;false;plains;7
19745;152;214;194;land;false;plains;7
19746;224;149;243;land;false;hills;7
19747;235;218;181;land;false;mountain;7
19748;156;170;240;land;false;plains;7
19749;215;209;83;land;false;forest;7
19750;233;168;203;land;false;plains;7
19751;148;117;250;land;false;hills;7
19752;171;207;159;land;false;forest;7
19753;137;222;215;land;false;plains;7
19754;198;89;228;land;false;hills;7
19755;200;223;201;land;false;plains;7
19756;197;230;196;land;false;forest;7
19757;168;117;233;land;false;forest;7
19758;203;201;195;land;false;plains;7
19759;222;180;185;land;false;plains;7
19760;80;243;212;land;false;hills;7
19761;126;240;162;land;true;forest;7
19762;228;207;115;land;false;plains;7
19763;244;169;94;land;false;mountain;7
19764;196;205;244;land;false;mountain;7
19765;220;98;234;land;false;hills;7
19766;58;205;251;land;false;plains;7
19767;123;215;236;land;false;forest;7
19768;222;151;170;land;false;hills;7
19769;212;144;186;land;true;plains;7
19770;205;151;186;land;false;plains;7
19771;238;221;252;land;false;mountain;7
19772;242;174;232;land;false;forest;7
19773;151;184;176;land;false;hills;7
19774;146;210;168;land;false;forest;7
19775;223;217;129;land;false;mountain;7
19776;164;148;252;land;false;plains;7
19777;178;118;230;land;false;urban;7
19778;92;249;244;land;false;plains;7
19779;239;103;172;land;false;plains;7
19780;199;179;229;land;false;plains;7
19781;189;242;169;land;false;forest;7
19782;243;90;205;land;false;plains;7
19783;167;143;199;land;false;forest;7
19784;110;232;231;land;false;forest;7
19785;239;59;238;land;false;mountain;7
19786;184;127;244;land;false;plains;7
19787;128;206;184;land;false;plains;7
19788;232;188;157;land;false;hills;7
19789;250;241;239;land;false;plains;7
19790;252;151;191;land;false;mountain;7
19791;247;192;99;land;false;hills;7
19792;191;179;252;land;false;plains;7
19793;126;170;245;land;false;forest;7
19794;214;59;235;land;false;forest;7
19795;198;161;247;land;true;plains;7
19796;77;247;223;land;false;plains;7
19797;233;224;223;land;false;hills;7
19798;231;131;196;land;false;forest;7
19799;178;216;196;land;false;plains;7
19800;243;248;159;land;false;plains;7
19801;141;213;240;land;false;forest;7
19802;211;168;247;land;false;forest;7
19803;252;236;83;land;false;mountain;7
19804;228;202;202;land;false;mountain;7
19805;119;195;197;land;false;forest;7
19806;253;187;118;land;false;mountain;7
19807;205;155;165;land;false;forest;7
19808;151;202;216;land;false;plains;7
19809;240;191;210;land;false;hills;7
19810;189;243;249;land;false;hills;7
19811;224;209;94;land;false;hills;7
19812;252;207;90;land;false;plains;7
19813;150;236;186;land;false;hills;7
19814;219;108;225;land;false;forest;7
19815;249;208;237;land;false;plains;7
19816;205;244;95;land;true;mountain;7
19817;96;252;224;land;false;hills;7
19818;244;129;150;land;false;hills;7
19819;232;231;135;land;false;plains;7
19820;237;248;134;land;false;forest;7
19821;241;47;238;land;false;mountain;7
19822;214;88;211;land;false;mountain;7
19823;131;253;165;land;false;hills;7
19824;148;246;202;land;false;hills;7
19825;114;168;254;land;false;mountain;7
19826;42;244;244;land;false;hills;7
19827;236;217;117;land;false;plains;7
19828;229;103;246;land;false;plains;7
19829;236;158;115;land;false;plains;7
19830;228;146;211;land;false;mountain;7
19831;224;102;200;land;false;mountain;7
19832;111;230;202;land;false;plains;7
19833;235;209;83;land;true;plains;7
19834;127;202;185;land;false;forest;7
19835;231;221;159;land;false;forest;7
19836;233;197;185;land;false;plains;7
19837;207;223;206;land;false;plains;7
19838;236;52;253;land;false;plains;7
19839;225;129;229;land;true;plains;7
19840;229;48;247;land;false;hills;7
19841;250;74;237;land;false;forest;7
19842;233;168;207;land;false;hills;7
19843;181;159;194;land;false;plains;7
19844;226;55;231;land;false;plains;7
19845;240;162;115;land;false;forest;7
19846;209;108;203;land;false;plains;7
19847;248;108;243;land;false;plains;7
19848;176;217;119;land;false;forest;7
19849;236;165;141;land;false;plains;7
19850;202;136;195;land;false;plains;7
19851;236;226;244;land;false;plains;7
19852;121;169;217;land;false;plains;7
19853;206;180;116;land;false;forest;7
19854;140;235;193;land;false;mountain;7
19855;251;202;230;land;false;forest;7
19856;187;250;181;land;false;forest;7
19857;92;253;202;land;false;plains;7
19858;225;227;235;land;false;mountain;7
19859;217;140;192;land;true;forest;7
19860;225;224;150;land;false;forest;7
19861;190;138;198;land;false;plains;7
19862;177;182;250;land;false;plains;7
19863;158;246;167;land;true;mountain;7
19864;133;144;232;land;false;plains;7
19865;232;73;239;land;false;hills;7
19866;158;232;253;land;false;hills;7
19867;182;229;214;land;false;mountain;7
19868;209;184;253;land;false;plains;7
19869;163;199;254;land;false;plains;7
19870;254;33;218;land;true;plains;7
19871;254;192;67;land;false;mountain;7
19872;252;225;169;land;false;hills;7
19873;87;209;214;land;false;plains;7
19874;163;184;164;land;false;forest;7
19875;236;225;122;land;false;plains;7
19876;225;236;146;land;false;forest;7
19877;207;196;249;land;false;hills;7
19878;202;236;137;land;false;plains;7
19879;184;133;220;land;true;plains;7
19880;196;177;222;land;false;plains;7
19881;153;243;211;land;false;mountain;7
19882;166;213;163;land;false;forest;7
19883;248;149;142;land;false;hills;7
19884;253;150;250;land;false;desert;7
19885;157;184;233;land;true;plains;7
19886;249;195;89;land;false;plains;7
19887;41;249;234;land;false;plains;7
19888;188;149;205;land;false;plains;7
19889;235;111;205;land;false;hills;7
19890;224;203;98;land;false;hills;7
19891;252;131;237;land;false;plains;7
19892;254;132;137;land;true;plains;7
19893;141;228;204;land;false;hills;7
19894;132;213;252;land;false;hills;7
19895;246;248;43;land;false;plains;7
19896;139;241;127;land;false;plains;7
19897;235;203;174;land;false;hills;7
19898;205;80;231;land;false;forest;7
19899;225;125;222;land;false;plains;7
19900;236;160;247;land;false;plains;7
19901;171;99;250;land;false;forest;7
19902;156;160;208;land;true;forest;7
19903;252;188;116;land;true;forest;7
19904;192;229;121;land;false;mountain;7
19905;248;117;182;land;false;hills;7
19906;128;136;250;land;false;plains;7
19907;190;251;144;land;false;plains;7
19908;165;157;229;land;true;plains;7
19909;101;233;226;land;false;forest;7
19910;251;170;117;land;false;hills;7
19911;172;172;225;land;false;hills;7
19912;211;102;198;land;false;forest;7
19913;23;245;239;land;false;forest;7
19914;252;97;213;land;false;plains;7
19915;124;243;170;land;false;mountain;7
19916;194;63;248;land;false;plains;7
19917;151;202;173;land;false;plains;7
19918;108;219;250;land;false;mountain;7
19919;197;225;220;land;false;hills;7
19920;219;53;240;land;false;forest;7
19921;233;200;230;land;false;mountain;7
19922;226;246;105;land;false;plains;7
19923;117;245;186;land;false;forest;7
19924;238;127;218;land;false;plains;7
19925;214;166;225;land;true;plains;7
19926;208;122;218;land;false;mountain;7
19927;128;137;245;land;false;forest;7
19928;233;190;97;land;false;forest;7
19929;243;125;223;land;false;forest;7
19930;239;213;92;land;false;plains;7
19931;212;157;224;land;false;plains;7
19932;248;42;253;land;false;mountain;7
19933;83;214;209;land;false;plains;7
19934;165;182;161;land;true;plains;7
19935;168;144;250;land;false;plains;7
19936;154;180;202;land;false;plains;7
19937;136;247;122;land;false;hills;7
19938;200;140;208;land;false;forest;7
19939;126;188;196;land;false;mountain;7
19940;222;210;217;land;false;hills;7
19941;225;105;193;land;false;mountain;7
19942;168;213;192;land;false;plains;7
19943;241;177;189;land;false;mountain;7
19944;207;233;247;land;false;hills;7
19945;252;26;246;land;false;plains;7
19946;241;238;41;land;false;plains;7
19947;115;228;192;land;false;plains;7
19948;226;113;202;land;false;hills;7
19949;82;254;225;land;false;hills;7
19950;208;243;232;land;false;plains;7
19951;205;167;222;land;false;forest;7
19952;223;143;208;land;false;mountain;7
19953;160;242;187;land;false;mountain;7
19954;207;244;94;land;false;mountain;7
19955;190;147;252;land;false;mountain;7
19956;236;54;250;land;false;hills;7
19957;232;195;180;land;false;plains;7
19958;225;120;192;land;false;plains;7
19959;179;231;197;land;false;plains;7
19960;168;176;166;land;false;plains;7
19961;224;209;147;land;false;plains;7
19962;92;199;220;land;false;plains;7
19963;147;252;102;land;false;plains;7
19964;208;107;220;land;false;hills;7
19965;130;248;131;land;false;mountain;7
19966;253;174;184;land;false;plains;7
19967;129;203;194;land;false;plains;7
19968;243;47;234;land;false;mountain;7
19969;193;149;193;land;false;mountain;7
19970;134;217;190;land;false;hills;7
19971;205;163;195;land;false;forest;7
19972;189;111;252;land;false;plains;7
19973;156;241;216;land;false;forest;7
19974;249;161;118;land;false;plains;7
19975;179;208;227;land;false;mountain;7
19976;202;106;241;land;false;mountain;7
19977;210;218;213;land;false;forest;7
19978;244;197;111;land;false;mountain;7
19979;242;226;196;land;false;mountain;7
19980;233;151;155;land;false;mountain;7
19981;150;221;160;land;false;plains;7
19982;110;251;238;land;false;hills;7
19983;142;230;155;land;false;plains;7
19984;187;176;164;land;false;plains;7
19985;229;186;89;land;false;plains;7
19986;244;127;238;land;false;mountain;7
19987;186;149;177;land;false;plains;7
19988;239;24;253;land;false;forest;7
19989;198;240;203;land;false;plains;7
19990;215;204;146;land;false;hills;7
19991;149;208;221;land;false;hills;7
19992;161;144;225;land;false;mountain;7
19993;188;250;151;land;false;hills;7
19994;215;177;114;land;false;mountain;7
19995;131;254;127;land;false;hills;7
19996;211;144;184;land;false;plains;7
19997;246;171;101;land;false;hills;7
19998;128;160;222;land;false;mountain;7
19999;174;247;85;land;false;hills;7
20000;146;218;163;land;false;plains;7
20001;222;207;154;land;true;plains;7
20002;178;85;239;land;false;forest;7
20003;234;235;72;land;false;forest;7
20004;245;165;106;land;false;mountain;7
20005;143;239;130;land;false;forest;7
20006;159;205;247;land;false;forest;7
20007;209;145;192;land;false;hills;7
20008;240;129;203;land;false;mountain;7
20009;137;248;245;land;false;plains;7
20010;165;234;219;land;false;plains;7
20011;211;177;234;land;false;plains;7
20012;150;246;249;land;false;mountain;7
20013;215;85;237;land;false;plains;7
20014;167;133;222;land;false;mountain;7
20015;198;119;211;land;false;plains;7
20016;215;213;73;land;false;hills;7
20017;182;246;85;land;true;forest;7
20018;127;251;218;land;false;mountain;7
20019;147;120;248;land;false;plains;7
20020;240;77;218;land;false;plains;7
20021;181;154;244;land;false;hills;7
20022;241;212;61;land;false;plains;7
20023;182;148;181;land;false;hills;7
20024;192;233;109;land;false;mountain;7
20025;252;123;187;land;false;plains;7
20026;207;212;102;land;false;plains;7
20027;82;240;191;land;false;plains;7
20028;232;187;97;land;false;plains;7
20029;181;217;224;land;false;plains;7
20030;112;242;169;land;false;forest;7
20031;234;217;193;land;false;plains;7
20032;192;252;90;land;false;mountain;7
20033;186;215;252;land;false;forest;7
20034;234;185;235;land;false;hills;7
20035;160;160;193;land;true;forest;7
20036;250;202;131;land;false;mountain;7
20037;91;254;203;land;true;plains;7
20038;222;143;239;land;true;mountain;7
20039;186;187;168;land;false;mountain;7
20040;180;228;177;land;false;hills;7
20041;238;205;254;land;false;hills;7
20042;123;205;201;land;true;hills;7
20043;114;249;160;land;false;hills;7
20044;239;210;205;land;false;plains;7
20045;189;152;254;land;false;hills;7
20046;237;220;187;land;false;plains;7
20047;174;188;172;land;false;plains;7
20048;153;227;167;land;false;plains;7
20049;218;207;108;land;false;plains;7
20050;249;230;111;land;false;hills;7
20051;248;243;250;land;false;mountain;7
20052;205;222;125;land;false;mountain;7
20053;233;222;205;land;false;plains;7
20054;210;227;202;land;false;plains;7
20055;133;185;193;land;false;forest;7
20056;212;237;235;land;false;plains;7
20057;194;220;206;land;true;forest;7
20058;105;235;196;land;false;forest;7
20059;235;166;211;land;false;forest;7
20060;175;191;234;land;false;forest;7
20061;246;249;217;land;false;forest;7
20062;247;172;90;land;true;forest;7
20063;136;217;206;land;false;mountain;7
20064;163;168;226;land;false;plains;7
20065;151;192;217;land;true;plains;7
20066;115;206;181;land;false;plains;7
20067;94;245;167;land;true;forest;7
20068;227;249;154;land;false;urban;7
20069;189;188;239;land;false;plains;7
20070;199;190;232;land;false;mountain;7
20071;250;190;189;land;false;mountain;7
20072;119;209;218;land;false;mountain;7
20073;162;216;144;land;false;plains;7
20074;130;210;174;land;false;hills;7
20075;220;44;238;land;false;hills;7
20076;252;104;183;land;false;forest;7
20077;105;233;194;land;false;mountain;7
20078;207;135;232;land;false;mountain;7
20079;193;139;228;land;false;hills;7
20080;207;216;235;land;false;plains;7
20081;183;189;172;land;false;forest;7
20082;151;183;202;land;false;hills;7
20083;136;163;216;land;false;plains;7
20084;200;222;250;land;true;hills;7
20085;252;252;52;land;true;plains;7
20086;234;184;181;land;true;forest;7
20087;217;213;86;land;false;plains;7
20088;136;183;209;land;false;forest;7
20089;217;172;235;land;false;forest;7
20090;212;112;250;land;false;forest;7
20091;180;180;172;land;false;forest;7
20092;252;181;79;land;true;forest;7
20093;199;149;162;land;false;plains;7
20094;251;253;223;land;false;forest;7
20095;212;248;189;land;false;plains;7
20096;235;207;73;land;true;forest;7
20097;195;134;214;land;true;urban;7
20098;118;225;180;land;false;mountain;7
20099;173;243;127;land;false;hills;7
20100;248;181;222;land;false;plains;7
20101;177;204;138;land;false;mountain;7
20102;226;164;222;land;false;plains;7
20103;201;221;185;land;false;plains;7
20104;227;134;162;land;false;plains;7
20105;252;204;45;land;false;plains;7
20106;171;241;227;land;false;plains;7
20107;220;244;91;land;false;plains;7
20108;229;116;198;land;false;hills;7
20109;218;244;170;land;false;plains;7
20110;218;203;214;land;false;mountain;7
20111;225;121;176;land;false;mountain;7
20112;167;226;179;land;false;mountain;7
20113;236;192;249;land;false;mountain;7
20114;154;136;224;land;false;forest;7
20115;251;227;210;land;false;forest;7
20116;100;249;157;land;false;forest;7
20117;175;243;116;land;false;hills;7
20118;146;251;223;land;false;mountain;7
20119;185;201;151;land;false;mountain;7
20120;218;201;90;land;false;hills;7
20121;193;204;219;land;false;mountain;7
20122;223;188;171;land;false;plains;7
20123;196;181;239;land;false;hills;7
20124;243;252;118;land;false;plains;7
20125;157;177;206;land;false;plains;7
20126;206;240;250;land;false;plains;7
20127;220;192;181;land;false;hills;7
20128;233;244;120;land;false;hills;7
20129;136;202;251;land;true;forest;7
20130;226;149;212;land;true;forest;7
20131;254;202;184;land;false;hills;7
20132;229;215;133;land;false;plains;7
20133;199;118;211;land;false;mountain;7
20134;143;133;244;land;false;hills;7
20135;232;232;54;land;false;hills;7
20136;196;153;171;land;false;plains;7
20137;129;243;249;land;false;forest;7
20138;239;112;190;land;false;forest;7
20139;183;96;247;land;false;hills;7
20140;218;198;138;land;false;plains;7
20141;226;227;198;land;true;forest;7
20142;92;227;247;land;false;hills;7
20143;238;201;79;land;false;hills;7
20144;236;210;166;land;true;plains;7
20145;138;212;231;land;false;mountain;7
20146;81;243;196;land;false;plains;7
20147;216;73;232;land;false;plains;7
20148;246;236;254;land;true;forest;7
20149;226;80;247;land;true;plains;7
20150;92;223;200;land;false;hills;7
20151;92;195;229;land;false;forest;7
20152;216;251;68;land;true;hills;7
20153;243;241;203;land;false;plains;7
20154;184;164;162;land;false;forest;7
20155;229;183;211;land;false;hills;7
20156;210;249;82;land;false;hills;7
20157;247;80;248;land;false;plains;7
20158;252;242;201;land;false;hills;7
20159;114;244;158;land;false;hills;7
20160;191;254;124;land;false;plains;7
20161;247;246;75;land;false;plains;7
20162;241;233;79;land;true;plains;7
20163;244;196;127;land;false;mountain;7
20164;222;232;158;land;false;plains;7
20165;248;205;50;land;false;forest;7
20166;197;227;110;land;true;forest;7
20167;205;109;243;land;false;hills;7
20168;249;105;246;land;false;hills;7
20169;158;227;148;land;false;mountain;7
20170;153;218;209;land;false;plains;7
20171;250;149;126;land;false;hills;7
20172;214;168;153;land;false;hills;7
20173;81;228;230;land;false;mountain;7
20174;165;198;149;land;false;plains;7
20175;233;216;138;land;false;plains;7
20176;216;96;223;land;false;plains;7
20177;208;178;213;land;false;plains;7
20178;197;216;201;land;false;hills;7
20179;164;199;201;land;false;mountain;7
20180;236;200;170;land;false;hills;7
20181;207;246;190;land;false;plains;7
20182;105;243;189;land;true;hills;7
20183;174;240;245;land;false;plains;7
20184;95;224;231;land;true;plains;7
20185;246;76;191;land;false;forest;7
20186;214;242;193;land;false;plains;7
20187;236;230;113;land;false;plains;7
20188;176;190;235;land;true;forest;7
20189;117;179;241;land;false;hills;7
20190;123;177;249;land;false;hills;7
20191;238;152;119;land;false;mountain;7
20192;249;247;170;land;true;plains;7
20193;164;167;209;land;true;forest;7
20194;241;203;152;land;false;mountain;7
20195;140;159;210;land;false;mountain;7
20196;244;142;117;land;false;plains;7
20197;210;246;82;land;false;plains;7
20198;202;187;221;land;false;forest;7
20199;247;155;109;land;false;mountain;7
20200;121;212;183;land;false;hills;7
20201;71;230;206;land;false;plains;7
20202;217;231;134;land;true;plains;7
20203;89;238;212;land;true;mountain;7
20204;215;135;220;land;false;mountain;7
20205;213;239;158;land;false;plains;7
20206;90;237;188;land;true;plains;7
20207;160;159;240;land;true;forest;7
20208;131;141;251;land;false;hills;7
20209;103;227;189;land;true;hills;7
20210;205;242;62;land;false;mountain;7
20211;163;233;167;land;true;plains;7
20212;231;249;207;land;true;forest;7
20213;235;206;181;land;true;forest;7
20214;163;202;182;land;true;forest;7
20215;175;250;244;land;false;mountain;7
20216;192;241;202;land;false;hills;7
20217;235;181;204;land;true;forest;7
20218;70;211;221;land;true;forest;7
20219;184;203;188;land;true;plains;7
20220;123;225;154;land;true;forest;7
20221;243;227;154;land;true;forest;7
20222;153;141;236;land;true;plains;7
20223;173;244;250;land;true;forest;7
20224;181;248;88;land;true;forest;7
20225;55;233;240;land;true;hills;7
20226;201;212;132;land;true;hills;7
20227;147;178;180;land;true;hills;7
20228;228;125;148;land;true;hills;7
20229;225;105;207;land;false;plains;7
20230;205;215;237;land;false;plains;7
20231;226;172;156;land;true;forest;7
20232;254;172;249;land;true;forest;7
20233;193;242;204;land;false;forest;7
20234;118;144;242;land;false;mountain;7
20235;176;254;231;land;true;plains;7
20236;76;249;218;land;true;mountain;7
20237;249;206;246;land;true;plains;7
20238;162;240;201;land;true;hills;7
20239;157;134;236;land;false;plains;7
20240;142;244;215;land;false;forest;7
20241;113;202;197;land;false;forest;7
20242;180;176;238;land;true;plains;7
20243;179;135;231;land;false;forest;7
20244;190;125;215;land;true;plains;7
20245;211;193;213;land;true;plains;7
20246;236;166;201;land;true;plains;7
20247;118;244;142;land;true;forest;7
20248;246;223;217;land;true;plains;7
20249;200;221;189;land;true;plains;7
20250;171;216;143;land;false;urban;7
20251;206;201;133;land;true;plains;7
20252;213;183;199;land;true;plains;7
20253;184;148;190;land;false;plains;7
20254;234;239;79;land;true;plains;7
20255;211;240;230;land;false;plains;7
20256;214;221;133;land;true;plains;7
20257;212;188;142;land;true;plains;7
20258;172;220;203;land;false;plains;7
20259;247;109;181;land;true;plains;7
20260;190;208;207;land;true;plains;7
20261;205;130;252;land;true;plains;7
20262;242;155;237;land;true;forest;7
20263;250;147;185;land;true;plains;7
20264;162;159;219;land;false;plains;12
20265;124;244;159;land;false;plains;12
20266;241;176;133;land;false;frozen;12
20267;253;209;61;land;false;frozen;12
20268;40;245;217;land;false;frozen;12
20269;91;248;217;land;false;frozen;12
20270;217;213;147;land;false;mountain;12
20271;198;178;184;land;false;frozen;12
20272;230;84;235;land;false;mountain;12
20273;98;251;252;land;false;mountain;12
20274;160;162;198;land;false;frozen;12
20275;244;80;184;land;false;mountain;12
20276;243;159;103;land;true;plains;1
20277;205;197;111;land;false;plains;2
20278;200;221;155;land;false;plains;2
20279;215;180;194;land;false;plains;2
20280;237;253;110;land;true;urban;4
20281;176;219;164;land;false;plains;2
20282;103;240;234;land;true;plains;7
20283;115;237;153;land;true;plains;7
20284;242;115;198;land;true;plains;7
20285;167;254;145;land;true;plains;7
20286;246;39;225;land;true;plains;5
20287;179;197;189;land;true;marsh;7
20288;96;216;250;land;false;marsh;7
20289;126;236;159;land;false;marsh;7
20290;171;182;186;land;false;marsh;7
20291;54;45;61;sea;true;ocean;0
20292;250;209;133;land;true;urban;4
20293;252;159;234;land;true;urban;4
20294;56;99;86;sea;true;ocean;0
20295;41;24;63;sea;true;water_shallow_sea;0
20296;149;250;202;land;true;plains;7
20297;68;46;50;sea;true;ocean;0
20298;180;153;182;land;true;jungle;7
20299;223;230;168;land;false;jungle;7
20300;169;171;191;land;false;forest;7
20301;245;252;22;land;false;forest;7
20302;168;178;170;land;true;urban;5
20303;148;232;212;land;true;hills;5
20304;249;123;186;land;true;urban;5
20305;147;213;219;land;true;marsh;5
20306;249;122;200;land;true;urban;5
20307;192;107;226;land;true;urban;5
20308;125;230;163;land;true;plains;7
20309;101;212;209;land;true;plains;7
20310;105;169;245;land;true;plains;7
20311;237;208;184;land;true;jungle;7
20312;252;252;51;land;true;plains;7
20313;238;182;216;land;true;marsh;7
20314;0;2;77;sea;true;ocean;0
20315;8;28;32;sea;true;ocean;0
20316;18;63;5;sea;true;ocean;0
20317;29;5;60;sea;true;ocean;0
20318;34;0;14;sea;true;ocean;0
20319;57;14;11;sea;true;ocean;0
20320;36;18;31;sea;true;ocean;0
20321;69;6;24;sea;true;ocean;0
20322;34;8;33;sea;true;ocean;0
20323;1;32;17;sea;true;ocean;0
20324;4;87;1;sea;true;ocean;0
20325;46;40;6;sea;true;ocean;0
20326;22;40;14;sea;true;ocean;0
20327;11;66;14;sea;true;ocean;0
20328;6;15;28;sea;true;ocean;0
20329;32;36;9;sea;true;ocean;0
20330;6;28;25;sea;true;ocean;0
20331;24;20;28;sea;true;water_shallow_sea;0
20332;20;53;10;sea;true;ocean;0
20333;52;17;21;sea;true;water_fjords;0
20334;6;7;73;sea;true;ocean;0
20335;1;6;5;sea;true;ocean;0
20336;9;10;45;sea;true;ocean;0
20337;16;28;39;sea;true;ocean;0
20338;21;24;47;sea;true;ocean;0
20339;3;25;59;sea;true;ocean;0
20340;11;42;15;sea;true;ocean;0
20341;39;19;7;sea;true;ocean;0
20342;23;31;32;sea;true;water_fjords;0
20343;9;18;37;sea;true;water_shallow_sea;0
20344;11;28;38;sea;true;water_shallow_sea;0
20345;17;18;21;sea;true;ocean;0
20346;2;17;1;sea;true;ocean;0
20347;50;20;19;sea;true;ocean;0
20348;15;11;41;sea;true;plains;0
20349;26;3;67;sea;true;water_fjords;0
20350;23;50;8;sea;true;ocean;0
20351;24;47;15;sea;true;ocean;0
20352;24;20;26;sea;true;ocean;0
20353;49;2;33;sea;true;ocean;0
20354;19;53;7;sea;true;ocean;0
20355;58;14;15;sea;true;ocean;0
20356;8;26;57;sea;true;ocean;0
20357;23;36;19;sea;true;ocean;0
20358;10;51;19;sea;true;ocean;0
20359;69;10;19;sea;true;ocean;0
20360;49;2;43;sea;true;ocean;0
20361;0;35;54;sea;true;ocean;0
20362;45;0;38;sea;true;ocean;0
20363;23;30;28;sea;true;ocean;0
20364;43;16;34;sea;true;ocean;0
20365;73;1;9;sea;true;ocean;0
20366;16;40;30;sea;true;ocean;0
20367;22;71;5;sea;true;ocean;0
20368;54;11;6;sea;true;ocean;0
20369;9;26;63;sea;true;ocean;0
20370;33;41;5;sea;true;ocean;0
20371;9;83;5;sea;true;ocean;0
20372;16;29;39;sea;true;ocean;0
20373;6;17;17;sea;true;ocean;0
20374;2;53;19;sea;true;ocean;0
20375;25;24;17;sea;true;ocean;0
20376;30;29;16;sea;true;water_shallow_sea;0
20377;19;16;0;sea;true;ocean;0
20378;6;7;47;sea;true;ocean;0
20379;80;6;5;sea;true;ocean;0
20380;12;4;44;sea;true;ocean;0
20381;12;22;35;sea;true;ocean;0
20382;40;10;38;sea;true;ocean;0
20383;18;32;44;sea;true;ocean;0
20384;33;23;30;sea;true;water_fjords;0
20385;8;35;44;sea;true;ocean;0
20386;40;13;30;sea;true;ocean;0
20387;15;62;17;sea;true;water_shallow_sea;0
20388;50;31;10;sea;true;ocean;0
20389;39;33;20;sea;true;water_fjords;0
20390;82;12;0;sea;true;ocean;0
20391;20;18;52;sea;true;ocean;0
20392;9;58;27;sea;true;ocean;0
20393;25;22;24;sea;true;ocean;0
20394;60;21;10;sea;true;ocean;0
20395;27;0;4;sea;true;ocean;0
20396;12;1;37;sea;true;ocean;0
20397;4;18;67;sea;true;ocean;0
20398;10;24;23;sea;true;ocean;0
20399;21;26;46;sea;true;ocean;0
20400;30;60;5;sea;true;ocean;0
20401;52;6;10;sea;true;ocean;0
20402;55;0;15;sea;true;ocean;0
20403;32;6;8;sea;true;ocean;0
20404;28;36;25;sea;true;ocean;0
20405;5;19;32;sea;true;ocean;0
20406;15;36;20;sea;true;ocean;0
20407;51;5;43;sea;true;ocean;0
20408;13;8;6;sea;true;ocean;0
20409;17;34;30;sea;true;ocean;0
20410;10;45;29;sea;true;ocean;0
20411;7;17;29;sea;true;ocean;0
20412;3;6;61;sea;true;ocean;0
20413;37;40;2;sea;true;ocean;0
20414;39;47;7;sea;true;ocean;0
20415;3;35;36;sea;true;ocean;0
20416;51;0;22;sea;true;ocean;0
20417;22;29;47;sea;true;ocean;0
20418;9;1;34;sea;true;ocean;0
20419;58;26;13;sea;true;ocean;0
20420;10;12;26;sea;true;ocean;0
20421;10;49;29;sea;true;ocean;0
20422;65;27;0;sea;true;water_shallow_sea;0
20423;34;25;15;sea;true;water_fjords;0
20424;19;70;10;sea;true;ocean;0
20425;5;17;28;sea;true;ocean;0
20426;26;61;0;sea;true;ocean;0
20427;29;51;8;sea;true;ocean;0
20428;21;32;0;sea;true;ocean;0
20429;18;15;43;sea;true;ocean;0
20430;14;53;9;sea;true;water_fjords;0
20431;53;1;2;sea;true;water_fjords;0
20432;3;54;10;sea;true;ocean;0
20433;0;51;36;sea;true;ocean;0
20434;19;31;5;sea;true;ocean;0
20435;3;6;57;sea;true;ocean;0
20436;7;17;69;sea;true;ocean;0
20437;8;6;78;sea;true;ocean;0
20438;20;39;39;sea;true;ocean;0
20439;60;0;34;sea;true;water_shallow_sea;0
20440;39;25;33;sea;true;ocean;0
20441;17;2;41;sea;true;ocean;0
20442;66;9;8;sea;true;ocean;0
20443;30;28;13;sea;true;water_shallow_sea;0
20444;62;22;8;sea;true;ocean;0
20445;15;10;33;sea;true;ocean;0
20446;17;69;12;sea;true;ocean;0
20447;69;1;16;sea;true;ocean;0
20448;13;17;3;sea;true;ocean;0
20449;8;33;58;sea;true;ocean;0
20450;24;11;63;sea;true;water_fjords;0
20451;24;1;63;sea;true;ocean;0
20452;22;24;31;sea;true;water_shallow_sea;0
20453;4;25;7;sea;true;water_shallow_sea;0
20454;44;17;11;sea;true;ocean;0
20455;17;17;4;sea;true;ocean;0
20456;19;30;16;sea;true;ocean;0
20457;18;20;59;sea;true;ocean;0
20458;12;14;48;sea;true;ocean;0
20459;49;7;21;sea;true;ocean;0
20460;11;0;17;sea;true;water_fjords;0
20461;12;71;13;sea;true;ocean;0
20462;1;4;20;sea;true;ocean;0
20463;1;56;6;sea;true;ocean;0
20464;37;17;1;sea;true;water_fjords;0
20465;9;16;48;sea;true;ocean;0
20466;5;15;65;sea;true;ocean;0
20467;3;0;96;sea;true;ocean;0
20468;10;32;45;sea;true;water_shallow_sea;0
20469;9;19;17;sea;true;ocean;0
20470;23;10;58;sea;true;ocean;0
20471;33;23;16;sea;true;ocean;0
20472;18;8;43;sea;true;ocean;0
20473;14;47;27;sea;true;ocean;0
20474;32;27;5;sea;true;ocean;0
20475;1;1;83;sea;true;ocean;0
20476;0;29;57;sea;true;ocean;0
20477;9;4;67;sea;true;ocean;0
20478;64;9;12;sea;true;ocean;0
20479;44;1;18;sea;true;ocean;0
20480;23;68;0;sea;true;water_shallow_sea;0
20481;0;7;54;sea;true;ocean;0
20482;5;27;50;sea;true;ocean;0
20483;1;15;57;sea;true;water_fjords;0
20484;16;6;68;sea;true;ocean;0
20485;19;22;44;sea;true;ocean;0
20486;22;6;42;sea;true;ocean;0
20487;23;42;23;sea;true;ocean;0
20488;0;7;60;sea;true;ocean;0
20489;12;36;27;sea;true;ocean;0
20490;13;15;69;sea;true;ocean;0
20491;4;78;9;sea;true;ocean;0
20492;55;16;6;sea;true;ocean;0
20493;61;28;6;sea;true;ocean;0
20494;16;26;9;sea;true;ocean;0
20495;28;41;16;sea;true;ocean;0
20496;32;11;26;sea;true;ocean;0
20497;26;40;2;sea;true;ocean;0
20498;22;21;50;sea;true;ocean;0
20499;39;21;30;sea;true;ocean;0
20500;6;51;11;sea;true;ocean;0
20501;6;62;14;sea;true;ocean;0
20502;10;41;48;sea;true;ocean;0
20503;7;29;14;sea;true;water_shallow_sea;0
20504;23;43;22;sea;true;ocean;0
20505;1;41;15;sea;true;ocean;0
20506;44;47;8;sea;true;water_shallow_sea;0
20507;14;50;4;sea;true;ocean;0
20508;7;15;63;sea;true;ocean;0
20509;13;11;17;sea;true;ocean;0
20510;12;37;6;sea;true;ocean;0
20511;45;29;23;sea;true;ocean;0
20512;7;26;9;sea;true;ocean;0
20513;43;4;33;sea;true;ocean;0
20514;24;7;55;sea;true;ocean;0
20515;40;17;9;sea;true;ocean;0
20516;0;23;49;sea;true;ocean;0
20517;13;22;21;sea;true;ocean;0
20518;26;33;14;sea;true;ocean;0
20519;36;3;18;lake;false;lakes;2
20520;20;53;21;sea;true;water_fjords;0
20521;31;7;43;sea;true;ocean;0
20522;32;24;32;sea;true;ocean;0
20523;57;9;6;sea;true;water_fjords;0
20524;0;61;18;sea;true;ocean;0
20525;23;30;16;sea;true;ocean;0
20526;8;79;12;sea;true;ocean;0
20527;1;27;47;sea;true;ocean;0
20528;8;32;12;sea;true;ocean;0
20529;36;30;2;sea;true;ocean;0
20530;48;25;22;sea;true;ocean;0
20531;10;19;5;sea;true;ocean;0
20532;20;48;28;sea;true;ocean;0
20533;1;6;8;sea;true;ocean;0
20534;35;2;1;sea;true;ocean;0
20535;28;1;67;sea;true;ocean;0
20536;36;19;20;sea;true;ocean;0
20537;28;9;44;sea;true;ocean;0
20538;49;18;0;sea;true;ocean;0
20539;31;56;9;sea;true;ocean;0
20540;44;4;25;sea;true;ocean;0
20541;6;6;15;sea;true;ocean;0
20542;6;75;18;sea;true;ocean;0
20543;2;72;21;sea;true;ocean;0
20544;18;11;29;sea;true;ocean;0
20545;69;7;22;sea;true;ocean;0
20546;18;28;44;sea;true;ocean;0
20547;75;13;7;sea;true;ocean;0
20548;45;39;14;sea;true;ocean;0
20549;42;22;18;sea;true;ocean;0
20550;20;21;10;sea;true;ocean;0
20551;6;67;6;sea;true;ocean;0
20552;59;17;9;sea;true;ocean;0
20553;3;22;1;sea;true;ocean;0
20554;6;2;79;sea;true;ocean;0
20555;21;42;15;sea;true;ocean;0
20556;7;12;32;sea;true;ocean;0
20557;25;0;41;sea;true;ocean;0
20558;19;31;10;sea;true;ocean;0
20559;2;33;17;sea;true;ocean;0
20560;15;34;36;sea;true;ocean;0
20561;4;89;6;sea;true;ocean;0
20562;20;24;34;sea;true;ocean;0
20563;3;29;21;sea;true;ocean;0
20564;41;33;8;sea;true;ocean;0
20565;1;5;48;sea;true;ocean;0
20566;18;2;3;sea;true;ocean;0
20567;0;9;87;sea;true;ocean;0
20568;9;25;9;sea;true;ocean;0
20569;4;42;19;sea;true;ocean;0
20570;26;26;13;sea;true;ocean;0
20571;2;4;48;sea;true;ocean;0
20572;50;31;11;sea;true;ocean;0
20573;45;3;24;sea;true;ocean;0
20574;31;23;44;sea;true;ocean;0
20575;19;24;28;sea;true;ocean;0
20576;6;9;32;sea;true;ocean;0
20577;14;50;34;sea;true;ocean;0
20578;25;34;34;sea;true;ocean;0
20579;9;14;31;sea;true;ocean;0
20580;30;44;22;sea;true;ocean;0
20581;6;27;45;sea;true;ocean;0
20582;5;10;24;sea;true;ocean;0
20583;17;14;53;sea;true;ocean;0
20584;24;6;32;sea;true;ocean;0
20585;15;63;13;sea;true;ocean;0
20586;12;17;59;sea;true;ocean;0
20587;16;9;45;sea;true;ocean;0
20588;15;9;46;sea;true;ocean;0
20589;3;46;31;sea;true;ocean;0
20590;11;15;69;sea;true;ocean;0
20591;62;9;12;sea;true;ocean;0
20592;37;41;12;sea;true;ocean;0
20593;30;2;65;sea;true;ocean;0
20594;7;63;12;sea;true;ocean;0
20595;35;33;16;sea;true;ocean;0
20596;2;38;1;sea;true;ocean;0
20597;33;0;0;sea;true;ocean;0
20598;6;35;35;sea;true;ocean;0
20599;22;8;5;sea;true;ocean;0
20600;28;22;7;sea;true;ocean;0
20601;14;78;6;sea;true;ocean;0
20602;1;20;58;sea;true;ocean;0
20603;26;20;21;sea;true;ocean;0
20604;9;1;29;sea;true;ocean;0
20605;10;26;4;sea;true;ocean;0
20606;27;33;31;sea;true;ocean;0
20607;14;43;33;sea;true;ocean;0
20608;5;33;2;sea;true;ocean;0
20609;15;35;32;sea;true;ocean;0
20610;15;41;30;sea;true;water_fjords;0
20611;19;7;43;sea;true;ocean;0
20612;0;30;40;sea;true;ocean;0
20613;41;0;39;sea;true;ocean;0
20614;1;29;67;sea;true;ocean;0
20615;20;42;25;sea;true;ocean;0
20616;45;7;46;sea;true;ocean;0
20617;65;4;27;sea;true;ocean;0
20618;28;19;11;sea;true;ocean;0
20619;13;12;23;sea;true;ocean;0
20620;22;1;59;sea;true;ocean;0
20621;55;26;0;sea;true;ocean;0
20622;6;0;17;sea;true;ocean;0
20623;26;46;2;sea;true;ocean;0
20624;14;64;1;sea;true;ocean;0
20625;8;2;39;sea;true;ocean;0
20626;13;16;2;sea;true;ocean;0
20627;20;42;21;sea;true;ocean;0
20628;3;63;16;sea;true;ocean;0
20629;4;11;25;sea;true;ocean;0
20630;3;7;13;sea;true;ocean;0
20631;34;27;38;sea;true;ocean;0
20632;55;10;15;sea;true;ocean;0
20633;45;5;0;sea;true;water_fjords;0
20634;39;7;28;sea;true;ocean;0
20635;37;34;18;sea;true;ocean;0
20636;30;26;22;sea;true;ocean;0
20637;48;28;15;sea;true;ocean;0
20638;32;15;33;sea;true;ocean;0
20639;21;66;7;sea;true;ocean;0
20640;41;36;15;sea;true;ocean;0
20641;30;24;23;sea;true;ocean;0
20642;16;17;45;sea;true;ocean;0
20643;54;1;12;sea;true;ocean;0
20644;43;21;27;sea;true;ocean;0
20645;29;43;27;sea;true;ocean;0
20646;52;13;29;sea;true;ocean;0
20647;16;5;50;sea;true;ocean;0
20648;38;9;0;sea;true;ocean;0
20649;11;13;14;sea;true;ocean;0
20650;5;14;35;sea;true;ocean;0
20651;41;23;0;sea;true;ocean;0
20652;55;18;2;sea;true;ocean;0
20653;2;7;20;sea;true;ocean;0
20654;39;19;38;sea;true;ocean;0
20655;25;33;30;sea;true;ocean;0
20656;55;3;11;sea;true;ocean;0
20657;0;16;83;sea;true;ocean;0
20658;4;1;56;sea;true;water_fjords;0
20659;20;62;15;sea;true;ocean;0
20660;22;68;1;sea;true;ocean;0
20661;6;32;27;sea;true;ocean;0
20662;1;21;70;sea;true;ocean;0
20663;67;19;12;sea;true;ocean;0
20664;31;19;16;lake;false;lakes;2
20665;46;17;0;sea;true;ocean;0
20666;0;20;45;sea;true;ocean;0
20667;38;9;1;sea;true;ocean;0
20668;9;22;36;lake;false;lakes;2
20669;3;39;17;sea;true;ocean;0
20670;27;2;5;sea;true;ocean;0
20671;13;0;2;sea;true;ocean;0
20672;3;27;26;sea;true;ocean;0
20673;21;3;70;sea;true;ocean;0
20674;11;21;12;sea;true;ocean;0
20675;21;42;27;sea;true;ocean;0
20676;14;19;25;sea;true;ocean;0
20677;0;60;5;sea;true;ocean;0
20678;71;0;6;sea;true;ocean;0
20679;19;7;12;sea;true;ocean;0
20680;26;13;11;sea;true;ocean;0
20681;27;4;55;sea;true;ocean;0
20682;29;1;50;sea;true;ocean;0
20683;13;29;19;sea;true;ocean;0
20684;24;14;50;sea;true;ocean;0
20685;19;46;34;sea;true;ocean;0
20686;39;9;46;sea;true;ocean;0
20687;47;12;12;sea;true;ocean;0
20688;18;23;15;sea;true;ocean;0
20689;33;41;7;sea;true;water_fjords;0
20690;51;7;36;sea;true;ocean;0
20691;32;23;5;sea;true;ocean;0
20692;0;94;2;sea;true;ocean;0
20693;0;11;23;sea;true;ocean;0
20694;34;51;2;sea;true;ocean;0
20695;28;46;16;sea;true;ocean;0
20696;34;16;37;sea;true;ocean;0
20697;42;32;14;sea;true;ocean;0
20698;68;6;8;sea;true;ocean;0
20699;0;26;47;sea;true;ocean;0
20700;24;0;74;sea;true;ocean;0
20701;18;37;8;sea;true;water_shallow_sea;0
20702;42;39;12;sea;true;water_shallow_sea;0
20703;55;4;19;sea;true;ocean;0
20704;18;4;53;sea;true;ocean;0
20705;14;31;51;sea;true;ocean;0
20706;23;34;30;sea;true;ocean;0
20707;4;51;16;lake;false;lakes;7
20708;31;22;9;sea;true;ocean;0
20709;2;15;77;lake;false;lakes;7
20710;5;71;11;lake;false;lakes;7
20711;40;15;28;lake;false;lakes;7
20712;8;45;25;sea;true;water_shallow_sea;0
20713;42;16;24;land;true;marsh;5
20714;3;60;14;land;true;marsh;5
20715;21;1;11;sea;true;ocean;0
20716;10;50;8;sea;true;ocean;0
20717;24;24;32;lake;false;lakes;5
20718;42;33;10;sea;true;water_shallow_sea;0
20719;5;45;6;sea;true;water_fjords;0
20720;114;7;2;lake;false;lakes;2
20721;15;30;56;lake;false;lakes;7
20722;5;9;98;sea;true;water_fjords;0
20723;4;95;20;lake;false;lakes;8
20724;93;25;21;lake;false;lakes;7
20725;44;30;70;lake;false;lakes;5
20726;4;87;56;lake;false;lakes;2
20727;3;48;85;lake;false;lakes;4
20728;42;7;90;lake;false;lakes;4
20729;4;33;76;lake;false;lakes;1
20730;64;17;57;lake;false;lakes;4
20731;86;34;13;lake;false;lakes;10
20732;49;46;44;lake;false;lakes;4
20733;71;41;14;lake;false;lakes;4
20734;2;91;55;lake;false;lakes;3
20735;4;67;75;lake;false;lakes;2
20736;32;79;10;lake;false;lakes;1
20737;2;46;72;lake;false;lakes;8
20738;6;81;14;lake;false;lakes;8
20739;61;41;28;lake;false;lakes;2
20740;74;0;69;lake;false;lakes;1
20741;42;57;34;lake;false;lakes;8
20742;85;34;2;lake;false;lakes;9
20743;70;4;60;lake;false;lakes;8
20744;46;39;48;lake;false;lakes;2
20745;4;19;94;lake;false;lakes;1
20746;8;70;27;lake;false;lakes;2
20747;86;9;12;lake;false;lakes;9
20748;52;33;63;lake;false;lakes;8
20749;71;20;47;lake;false;lakes;2
20750;72;23;34;lake;false;lakes;2
20751;21;63;36;lake;false;lakes;1
20752;1;43;99;lake;false;lakes;2
20753;32;79;6;lake;false;lakes;2
20754;37;49;37;lake;false;lakes;9
20755;41;50;28;lake;false;lakes;1
20756;24;52;69;lake;false;lakes;1
20757;37;54;46;lake;false;lakes;2
20758;63;38;40;lake;false;lakes;2
20759;45;14;42;lake;false;lakes;8
20760;1;65;59;lake;false;lakes;1
20761;1;13;101;lake;false;lakes;1
20762;38;55;28;lake;false;lakes;2
20763;86;17;35;lake;false;lakes;2
20764;2;34;86;lake;false;lakes;2
20765;43;24;39;lake;false;lakes;2
20766;86;14;12;lake;false;lakes;2
20767;7;50;67;lake;false;lakes;8
20768;11;58;38;lake;false;lakes;1
20769;70;44;18;lake;false;lakes;7
20770;6;90;12;lake;false;lakes;2
20771;6;0;125;lake;false;lakes;2
20772;26;13;101;lake;false;lakes;2
20773;32;28;73;lake;false;lakes;2
20774;54;5;61;lake;false;lakes;1
20775;32;56;19;lake;false;lakes;2
20776;77;22;36;lake;false;lakes;9
20777;34;18;69;lake;false;lakes;2
20778;10;15;83;lake;false;lakes;7
20779;94;21;3;lake;false;lakes;2
20780;40;52;41;lake;false;lakes;2
20781;65;43;35;lake;false;lakes;2
20782;3;37;102;lake;false;lakes;2
20783;27;43;68;lake;false;lakes;2
20784;75;32;34;lake;false;lakes;2
20785;43;65;41;lake;false;lakes;7
20786;27;3;103;lake;false;lakes;2
20787;19;16;86;lake;false;lakes;2
20788;12;12;124;lake;false;lakes;8
20789;24;11;96;lake;false;lakes;2
20790;38;21;70;lake;false;lakes;8
20791;4;36;93;lake;false;lakes;0
20792;35;56;17;lake;false;lakes;2
20793;26;70;30;lake;false;lakes;2
20794;38;66;32;lake;false;lakes;8
20795;11;100;3;lake;false;lakes;2
20796;44;66;34;lake;false;lakes;8
20797;72;66;3;lake;false;lakes;0
20798;31;49;61;lake;false;lakes;0
20799;44;17;53;lake;false;lakes;0
20800;10;51;78;lake;false;lakes;2
20801;130;15;2;lake;false;lakes;0
20802;63;0;51;lake;false;lakes;7
20803;46;34;49;lake;false;lakes;8
20804;26;74;32;lake;false;lakes;8
20805;43;30;36;lake;false;lakes;2
20806;28;76;3;lake;false;lakes;8
20807;37;70;14;lake;false;lakes;8
20808;17;16;96;lake;false;lakes;7
20809;22;63;51;lake;false;lakes;2
20810;69;5;65;lake;false;lakes;7
20811;31;56;25;lake;false;lakes;7
20812;5;79;37;lake;false;lakes;8
20813;25;37;77;lake;false;lakes;2
20814;49;14;58;lake;false;lakes;8
20815;86;13;39;lake;false;lakes;2
20816;41;69;27;lake;false;lakes;5
20817;12;129;7;lake;false;lakes;2
20818;1;42;70;lake;false;lakes;2
20819;81;12;28;lake;false;lakes;8
20820;57;32;36;lake;false;lakes;7
20821;32;44;48;lake;false;lakes;5
20822;56;35;11;lake;false;lakes;2
20823;12;79;28;land;false;hills;5
20824;21;14;92;lake;false;lakes;2
20825;31;28;85;land;false;hills;5
20826;4;88;41;lake;false;lakes;7
20827;26;58;27;lake;false;lakes;8
20828;79;27;0;lake;false;lakes;7
20829;71;7;62;lake;false;lakes;7
20830;39;46;36;lake;false;lakes;8
20831;0;120;18;lake;false;lakes;7
20832;28;84;37;lake;false;lakes;7
20833;41;6;82;lake;false;lakes;7
20834;47;25;77;land;true;marsh;5
20835;25;25;79;land;true;marsh;5
20836;11;47;72;lake;false;lakes;5
20837;17;38;64;land;false;forest;5
20838;36;30;52;lake;false;lakes;7
20839;42;7;77;land;false;plains;5
20840;45;44;16;lake;false;lakes;5
20841;74;7;47;land;true;urban;5
20842;37;6;74;sea;true;water_fjords;0
20843;35;37;33;lake;false;lakes;7
20844;22;38;72;lake;false;lakes;12
20845;58;60;11;lake;false;lakes;12
20846;127;0;0;land;true;meogartha;15
20847;15;12;0;sea;true;ocean;0
20848;64;64;64;land;false;muno;13
20849;127;106;0;land;false;xenon;14
20850;127;51;0;sea;true;ocean;0
20851;0;19;127;land;true;meogartha;15
20852;0;74;127;land;true;meogartha;15
20853;91;127;0;sea;true;ocean;0
20854;24;49;173;land;true;meogartha;15
20855;0;26;0;sea;true;ocean;0
20856;0;2;15;land;true;meogartha;15
20857;0;148;255;land;true;meogartha;15
20858;0;26;175;land;true;meogartha;15
20859;96;108;175;sea;true;ocean;0
20860;124;124;124;land;true;meogartha;15
20861;79;64;124;sea;true;ocean;0
20862;0;86;0;sea;true;ocean;0
20863;112;51;35;sea;true;ocean;0
20864;255;170;170;sea;true;ocean;0
20865;183;153;0;land;true;meogartha;15
20866;173;153;53;land;true;xenon;1
20867;193;186;151;land;false;xenon;14
20868;216;193;80;land;false;xenon;14
20869;175;168;128;land;false;xenon;14
20870;53;44;0;land;false;xenon;14
20871;73;68;39;land;false;xenon;14
20872;73;61;0;land;false;xenon;14
20873;229;210;114;land;false;xenon;14
20874;198;187;133;land;false;xenon;14
20875;193;176;91;land;false;xenon;14
20876;226;202;79;land;false;xenon;14
20877;124;114;62;land;false;xenon;14
20878;173;165;126;land;false;xenon;14
20879;188;176;115;land;false;xenon;14
20880;142;122;31;land;false;xenon;14
20881;137;127;82;land;false;xenon;14
20882;165;151;77;land;false;xenon;14
20883;165;147;58;land;false;xenon;14
20884;216;204;143;land;false;xenon;14
20885;107;96;42;land;false;xenon;14
20886;204;183;83;land;false;xenon;14
20887;158;150;110;land;false;xenon;14
20888;219;196;83;land;false;xenon;14
20889;181;150;0;land;false;xenon;14
20890;124;120;98;land;false;xenon;14
20891;124;111;43;land;false;xenon;14
20892;40;34;0;land;false;xenon;14
20893;127;127;127;land;false;muno;13
20894;51;51;51;land;false;muno;13
20895;137;137;137;land;false;muno;13
20896;193;193;193;land;false;muno;13
20897;40;40;40;land;false;muno;13
20898;150;150;150;land;false;muno;13
20899;56;56;56;land;false;muno;13
20900;45;45;45;land;false;muno;13
20901;112;112;112;land;false;muno;13
20902;104;104;104;land;false;muno;13
20903;86;86;86;land;false;muno;13
20904;183;183;183;land;false;muno;13
20905;165;165;165;land;false;muno;13
20906;76;76;76;land;false;muno;13
20907;99;99;99;land;false;muno;13
20908;173;173;173;land;true;muno;1
20909;81;81;81;land;false;muno;13
20910;99;85;75;land;true;plains;7
20911;190;149;226;land;false;urban;7
20912;155;198;145;land;true;plains;7
20913;150;71;224;land;true;plains;7
20914;90;116;135;land;true;plains;7
20915;114;247;8;land;true;plains;7
20916;194;249;182;land;true;plains;7
20917;127;110;22;land;true;plains;7
20918;242;209;43;land;true;plains;7
20919;173;159;91;land;true;plains;7
20920;73;69;47;land;true;plains;7
20921;0;91;50;land;true;plains;7
20922;109;188;163;land;true;plains;7
20923;162;153;247;land;true;plains;7
20924;45;37;107;land;true;plains;7
20925;77;63;181;land;true;plains;7
20926;177;173;206;land;true;plains;7
20927;30;65;68;sea;true;water_shallow_sea;0
20928;78;87;84;sea;true;water_shallow_sea;0
20929;255;25;25;land;false;merries;1
20930;255;50;50;land;false;merries;1
20931;255;76;76;land;false;merries;1
20932;255;102;102;land;false;merries;1
20933;255;127;127;land;false;merries;1
20934;204;0;0;land;false;merries;1
20935;204;40;40;land;false;merries;1
20936;204;20;20;land;false;merries;1
20937;229;91;91;land;false;merries;1
20938;229;68;68;land;false;merries;1
20939;229;45;45;land;false;merries;1
20940;229;0;0;land;false;merries;1
20941;229;22;22;land;false;merries;1
20942;178;89;89;land;false;merries;1
20943;178;71;71;land;false;merries;1
20944;178;53;53;land;false;merries;1
20945;178;17;17;land;false;merries;1
20946;178;35;35;land;false;merries;1
20947;178;0;0;land;false;merries;1
20948;204;102;102;land;false;merries;1
20949;204;81;81;land;false;merries;1
20950;204;61;61;land;false;merries;1
20951;229;114;114;land;false;merries;1